travel_id,bank_id,employee_id_hash,travel_date,mode,distance_km,emission_factor_kg_co2e_per_km,emissions_kg_co2e,purpose
TR000001,BANK01,EMP16554,2024-10-03,rail,1010,0.041,41.4,training
TR000002,BANK01,EMP32743,2024-02-11,air_short,755,0.255,192.5,training
TR000003,BANK01,EMP11188,2024-10-15,air_long,4423,0.15,663.4,audit
TR000004,BANK01,EMP00380,2024-04-02,rail,464,0.041,19.0,audit
TR000005,BANK01,EMP11862,2024-01-25,car,719,0.171,122.9,audit
TR000006,BANK01,EMP25722,2024-10-07,rail,326,0.041,13.4,client_meeting
TR000007,BANK01,EMP21900,2024-01-24,air_short,623,0.255,158.9,training
TR000008,BANK01,EMP08905,2024-05-22,rail,566,0.041,23.2,audit
TR000009,BANK01,EMP45089,2024-03-27,air_short,904,0.255,230.5,training
TR000010,BANK01,EMP26047,2024-03-18,air_short,644,0.255,164.2,internal_meeting
TR000011,BANK01,EMP44511,2024-04-28,rail,705,0.041,28.9,conference
TR000012,BANK01,EMP38276,2024-10-30,rail,531,0.041,21.8,training
TR000013,BANK01,EMP01256,2024-04-07,air_short,1451,0.255,370.0,internal_meeting
TR000014,BANK01,EMP18841,2024-10-11,car,148,0.171,25.3,conference
TR000015,BANK01,EMP20928,2024-01-11,rail,195,0.041,8.0,training
TR000016,BANK01,EMP43306,2024-02-24,car,557,0.171,95.2,training
TR000017,BANK01,EMP30581,2024-09-06,rail,356,0.041,14.6,internal_meeting
TR000018,BANK01,EMP16853,2024-08-28,air_short,406,0.255,103.5,audit
TR000019,BANK01,EMP08184,2024-09-05,rail,246,0.041,10.1,training
TR000020,BANK01,EMP16791,2024-07-01,car,777,0.171,132.9,conference
TR000021,BANK01,EMP25961,2024-06-17,air_long,7134,0.15,1070.1,conference
TR000022,BANK01,EMP24797,2024-07-26,rail,669,0.041,27.4,conference
TR000023,BANK01,EMP24802,2024-01-30,car,453,0.171,77.5,training
TR000024,BANK01,EMP00438,2024-10-12,car,201,0.171,34.4,client_meeting
TR000025,BANK01,EMP13809,2024-09-13,air_long,5074,0.15,761.1,internal_meeting
TR000026,BANK01,EMP38380,2024-11-16,air_short,571,0.255,145.6,training
TR000027,BANK01,EMP07666,2024-07-24,air_short,742,0.255,189.2,client_meeting
TR000028,BANK01,EMP08677,2024-12-19,air_short,972,0.255,247.9,conference
TR000029,BANK01,EMP43676,2024-02-20,air_long,6078,0.15,911.7,conference
TR000030,BANK01,EMP20651,2024-03-17,air_short,1262,0.255,321.8,training
TR000031,BANK01,EMP15998,2024-09-06,car,396,0.171,67.7,conference
TR000032,BANK01,EMP40192,2024-04-22,car,285,0.171,48.7,client_meeting
TR000033,BANK01,EMP45757,2024-07-22,air_short,1032,0.255,263.2,client_meeting
TR000034,BANK01,EMP39328,2024-10-13,air_long,4332,0.15,649.8,conference
TR000035,BANK01,EMP05511,2024-05-10,car,145,0.171,24.8,audit
TR000036,BANK01,EMP21565,2024-05-19,rail,723,0.041,29.6,conference
TR000037,BANK01,EMP18053,2024-10-28,air_short,1220,0.255,311.1,audit
TR000038,BANK01,EMP39529,2024-06-07,air_short,1154,0.255,294.3,training
TR000039,BANK01,EMP31410,2024-08-18,car,638,0.171,109.1,internal_meeting
TR000040,BANK01,EMP13145,2024-12-17,rail,164,0.041,6.7,training
TR000041,BANK01,EMP47796,2024-10-24,air_short,1262,0.255,321.8,client_meeting
TR000042,BANK01,EMP07177,2024-12-27,car,350,0.171,59.9,conference
TR000043,BANK01,EMP02078,2024-08-30,car,269,0.171,46.0,internal_meeting
TR000044,BANK01,EMP43369,2024-08-20,rail,1136,0.041,46.6,client_meeting
TR000045,BANK01,EMP20990,2024-09-16,rail,306,0.041,12.5,conference
TR000046,BANK01,EMP07781,2024-01-17,air_short,1140,0.255,290.7,training
TR000047,BANK01,EMP07234,2024-03-15,air_long,5101,0.15,765.1,conference
TR000048,BANK01,EMP04370,2024-10-10,air_short,1277,0.255,325.6,internal_meeting
TR000049,BANK01,EMP40881,2024-11-24,car,625,0.171,106.9,audit
TR000050,BANK01,EMP26499,2024-01-14,air_long,3615,0.15,542.2,audit
TR000051,BANK01,EMP12669,2024-08-26,air_short,1012,0.255,258.1,internal_meeting
TR000052,BANK01,EMP13318,2024-03-04,air_short,869,0.255,221.6,audit
TR000053,BANK01,EMP32313,2024-03-04,air_short,1458,0.255,371.8,conference
TR000054,BANK01,EMP20017,2024-01-02,rail,295,0.041,12.1,client_meeting
TR000055,BANK01,EMP26890,2024-01-24,air_short,856,0.255,218.3,internal_meeting
TR000056,BANK01,EMP02645,2024-08-15,air_short,551,0.255,140.5,audit
TR000057,BANK01,EMP11565,2024-10-14,air_long,4867,0.15,730.0,audit
TR000058,BANK01,EMP29718,2024-04-15,rail,725,0.041,29.7,training
TR000059,BANK01,EMP07531,2024-11-24,air_short,1294,0.255,330.0,audit
TR000060,BANK01,EMP41358,2024-06-13,air_long,8155,0.15,1223.2,training
TR000061,BANK01,EMP46023,2024-12-07,air_long,5667,0.15,850.0,internal_meeting
TR000062,BANK01,EMP45932,2024-06-14,car,111,0.171,19.0,internal_meeting
TR000063,BANK01,EMP45430,2024-09-10,car,490,0.171,83.8,conference
TR000064,BANK01,EMP41628,2024-02-24,air_short,963,0.255,245.6,conference
TR000065,BANK01,EMP04016,2024-03-21,air_short,759,0.255,193.5,training
TR000066,BANK01,EMP13172,2024-02-20,air_long,1882,0.15,282.3,conference
TR000067,BANK01,EMP31477,2024-01-01,rail,821,0.041,33.7,conference
TR000068,BANK01,EMP46310,2024-12-18,air_short,618,0.255,157.6,conference
TR000069,BANK01,EMP26899,2024-05-31,air_short,1180,0.255,300.9,internal_meeting
TR000070,BANK01,EMP19275,2024-04-17,car,754,0.171,128.9,audit
TR000071,BANK01,EMP26060,2024-03-10,rail,933,0.041,38.3,internal_meeting
TR000072,BANK01,EMP20448,2024-05-06,car,406,0.171,69.4,client_meeting
TR000073,BANK01,EMP33442,2024-06-07,air_long,6206,0.15,930.9,conference
TR000074,BANK01,EMP03551,2024-05-24,air_short,1288,0.255,328.4,conference
TR000075,BANK01,EMP13381,2024-08-11,rail,191,0.041,7.8,audit
TR000076,BANK01,EMP43459,2024-04-04,air_short,520,0.255,132.6,conference
TR000077,BANK01,EMP40884,2024-08-29,car,768,0.171,131.3,internal_meeting
TR000078,BANK01,EMP28309,2024-07-15,air_short,576,0.255,146.9,conference
TR000079,BANK01,EMP15356,2024-11-21,air_long,3846,0.15,576.9,internal_meeting
TR000080,BANK01,EMP18189,2024-04-23,air_short,533,0.255,135.9,training
TR000081,BANK01,EMP30564,2024-10-08,air_short,641,0.255,163.5,client_meeting
TR000082,BANK01,EMP21819,2024-08-19,air_long,3464,0.15,519.6,internal_meeting
TR000083,BANK01,EMP42829,2024-10-13,air_short,757,0.255,193.0,conference
TR000084,BANK01,EMP26789,2024-02-26,air_short,980,0.255,249.9,training
TR000085,BANK01,EMP23947,2024-09-11,air_short,1202,0.255,306.5,client_meeting
TR000086,BANK01,EMP36840,2024-07-23,air_long,6602,0.15,990.3,audit
TR000087,BANK01,EMP12515,2024-06-24,air_long,3869,0.15,580.4,audit
TR000088,BANK01,EMP11360,2024-06-11,rail,988,0.041,40.5,audit
TR000089,BANK01,EMP20555,2024-08-08,air_long,8661,0.15,1299.1,client_meeting
TR000090,BANK01,EMP24000,2024-02-14,air_short,683,0.255,174.2,conference
TR000091,BANK01,EMP38341,2024-04-12,rail,843,0.041,34.6,conference
TR000092,BANK01,EMP04386,2024-03-29,car,273,0.171,46.7,conference
TR000093,BANK01,EMP34732,2024-11-26,rail,614,0.041,25.2,client_meeting
TR000094,BANK01,EMP12935,2024-05-17,rail,426,0.041,17.5,conference
TR000095,BANK01,EMP20962,2024-03-17,rail,871,0.041,35.7,conference
TR000096,BANK01,EMP44247,2024-05-13,rail,389,0.041,15.9,conference
TR000097,BANK01,EMP17680,2024-09-27,air_short,1344,0.255,342.7,client_meeting
TR000098,BANK01,EMP02855,2024-10-11,air_short,1206,0.255,307.5,audit
TR000099,BANK01,EMP36295,2024-12-07,car,359,0.171,61.4,client_meeting
TR000100,BANK01,EMP39419,2024-05-07,rail,325,0.041,13.3,client_meeting
TR000101,BANK01,EMP33751,2024-10-04,rail,137,0.041,5.6,audit
TR000102,BANK01,EMP35816,2024-03-02,rail,1140,0.041,46.7,training
TR000103,BANK01,EMP02185,2024-10-10,air_short,743,0.255,189.5,client_meeting
TR000104,BANK01,EMP14507,2024-06-23,rail,871,0.041,35.7,audit
TR000105,BANK01,EMP12084,2024-02-24,rail,177,0.041,7.3,internal_meeting
TR000106,BANK01,EMP19888,2024-08-02,car,632,0.171,108.1,client_meeting
TR000107,BANK01,EMP29362,2024-08-04,car,490,0.171,83.8,training
TR000108,BANK01,EMP34321,2024-04-07,air_short,535,0.255,136.4,conference
TR000109,BANK01,EMP33375,2024-10-13,rail,647,0.041,26.5,training
TR000110,BANK01,EMP25480,2024-01-03,rail,253,0.041,10.4,audit
TR000111,BANK01,EMP17021,2024-08-09,air_short,801,0.255,204.3,training
TR000112,BANK01,EMP25608,2024-06-30,air_long,5558,0.15,833.7,conference
TR000113,BANK01,EMP01488,2024-05-26,car,266,0.171,45.5,audit
TR000114,BANK01,EMP37344,2024-12-11,rail,581,0.041,23.8,conference
TR000115,BANK01,EMP02587,2024-09-27,air_short,505,0.255,128.8,conference
TR000116,BANK01,EMP08532,2024-03-06,air_short,1454,0.255,370.8,internal_meeting
TR000117,BANK01,EMP16691,2024-02-18,air_short,602,0.255,153.5,internal_meeting
TR000118,BANK01,EMP32114,2024-05-08,air_long,6984,0.15,1047.6,training
TR000119,BANK01,EMP21163,2024-09-15,air_long,5628,0.15,844.2,internal_meeting
TR000120,BANK01,EMP14369,2024-07-07,rail,174,0.041,7.1,training
TR000121,BANK01,EMP41882,2024-08-30,rail,388,0.041,15.9,audit
TR000122,BANK01,EMP38635,2024-03-29,air_long,5970,0.15,895.5,client_meeting
TR000123,BANK01,EMP12855,2024-04-01,air_long,4554,0.15,683.1,training
TR000124,BANK01,EMP28547,2024-12-18,rail,390,0.041,16.0,internal_meeting
TR000125,BANK01,EMP11405,2024-08-28,air_short,1148,0.255,292.7,training
TR000126,BANK01,EMP40176,2024-11-06,air_short,820,0.255,209.1,training
TR000127,BANK01,EMP08796,2024-09-20,car,214,0.171,36.6,client_meeting
TR000128,BANK01,EMP01753,2024-08-03,air_short,1230,0.255,313.6,internal_meeting
TR000129,BANK01,EMP25335,2024-12-04,rail,136,0.041,5.6,audit
TR000130,BANK01,EMP13996,2024-05-22,air_short,1231,0.255,313.9,client_meeting
TR000131,BANK01,EMP04799,2024-01-16,car,686,0.171,117.3,internal_meeting
TR000132,BANK01,EMP28259,2024-12-05,air_short,788,0.255,200.9,conference
TR000133,BANK01,EMP27659,2024-11-23,car,484,0.171,82.8,conference
TR000134,BANK01,EMP41599,2024-03-10,car,711,0.171,121.6,client_meeting
TR000135,BANK01,EMP00101,2024-10-09,rail,225,0.041,9.2,internal_meeting
TR000136,BANK01,EMP11366,2024-07-20,air_long,7575,0.15,1136.2,client_meeting
TR000137,BANK01,EMP31175,2024-11-13,rail,1060,0.041,43.5,training
TR000138,BANK01,EMP08733,2024-06-15,rail,678,0.041,27.8,internal_meeting
TR000139,BANK01,EMP23599,2024-09-09,rail,640,0.041,26.2,conference
TR000140,BANK01,EMP23732,2024-08-16,air_long,5235,0.15,785.2,training
TR000141,BANK01,EMP22563,2024-04-05,air_short,518,0.255,132.1,client_meeting
TR000142,BANK01,EMP02284,2024-04-26,air_short,877,0.255,223.6,conference
TR000143,BANK01,EMP35012,2024-09-07,air_short,771,0.255,196.6,audit
TR000144,BANK01,EMP18702,2024-08-24,car,733,0.171,125.3,training
TR000145,BANK01,EMP32963,2024-10-31,car,729,0.171,124.7,training
TR000146,BANK01,EMP45978,2024-05-05,air_long,1958,0.15,293.7,audit
TR000147,BANK01,EMP41876,2024-01-28,air_short,997,0.255,254.2,internal_meeting
TR000148,BANK01,EMP27505,2024-12-30,car,133,0.171,22.7,conference
TR000149,BANK01,EMP29640,2024-09-25,rail,1011,0.041,41.5,client_meeting
TR000150,BANK01,EMP47028,2024-07-31,air_long,5733,0.15,859.9,client_meeting
TR000151,BANK01,EMP21498,2024-10-26,car,702,0.171,120.0,internal_meeting
TR000152,BANK01,EMP11333,2024-04-27,rail,786,0.041,32.2,training
TR000153,BANK01,EMP14010,2024-09-10,car,521,0.171,89.1,conference
TR000154,BANK01,EMP38235,2024-07-13,rail,502,0.041,20.6,training
TR000155,BANK01,EMP30459,2024-10-18,air_short,1452,0.255,370.3,client_meeting
TR000156,BANK01,EMP01333,2024-01-23,rail,414,0.041,17.0,audit
TR000157,BANK01,EMP16746,2024-04-01,rail,161,0.041,6.6,audit
TR000158,BANK01,EMP11941,2024-06-12,rail,218,0.041,8.9,client_meeting
TR000159,BANK01,EMP16605,2024-10-25,air_short,962,0.255,245.3,client_meeting
TR000160,BANK01,EMP45698,2024-12-09,rail,301,0.041,12.3,client_meeting
TR000161,BANK01,EMP23137,2024-09-20,rail,643,0.041,26.4,conference
TR000162,BANK01,EMP44132,2024-11-24,car,545,0.171,93.2,training
TR000163,BANK01,EMP43204,2024-03-06,car,770,0.171,131.7,audit
TR000164,BANK01,EMP07535,2024-08-21,air_short,1357,0.255,346.0,client_meeting
TR000165,BANK01,EMP11800,2024-11-30,rail,779,0.041,31.9,internal_meeting
TR000166,BANK01,EMP15206,2024-08-09,car,385,0.171,65.8,conference
TR000167,BANK01,EMP29117,2024-04-18,air_long,7069,0.15,1060.3,training
TR000168,BANK01,EMP31596,2024-06-14,car,594,0.171,101.6,client_meeting
TR000169,BANK01,EMP42406,2024-10-29,air_short,442,0.255,112.7,conference
TR000170,BANK01,EMP04917,2024-11-18,rail,1063,0.041,43.6,internal_meeting
TR000171,BANK01,EMP43278,2024-10-22,car,137,0.171,23.4,audit
TR000172,BANK01,EMP27021,2024-11-05,air_short,841,0.255,214.5,conference
TR000173,BANK01,EMP30112,2024-03-02,car,142,0.171,24.3,internal_meeting
TR000174,BANK01,EMP32798,2024-12-02,air_short,771,0.255,196.6,internal_meeting
TR000175,BANK01,EMP12926,2024-07-17,rail,414,0.041,17.0,audit
TR000176,BANK01,EMP34867,2024-08-16,air_long,8738,0.15,1310.7,conference
TR000177,BANK01,EMP36716,2024-02-17,air_long,7474,0.15,1121.1,client_meeting
TR000178,BANK01,EMP39020,2024-06-01,rail,558,0.041,22.9,conference
TR000179,BANK01,EMP04718,2024-04-03,car,744,0.171,127.2,conference
TR000180,BANK01,EMP15502,2024-02-24,air_short,719,0.255,183.3,audit
TR000181,BANK01,EMP19538,2024-05-10,air_long,4234,0.15,635.1,internal_meeting
TR000182,BANK01,EMP41259,2024-11-05,rail,752,0.041,30.8,training
TR000183,BANK01,EMP42726,2024-07-20,air_long,3283,0.15,492.4,internal_meeting
TR000184,BANK01,EMP44488,2024-02-09,air_long,7992,0.15,1198.8,conference
TR000185,BANK01,EMP42466,2024-01-29,air_short,1212,0.255,309.1,training
TR000186,BANK01,EMP42863,2024-07-05,car,259,0.171,44.3,internal_meeting
TR000187,BANK01,EMP27238,2024-07-05,car,668,0.171,114.2,internal_meeting
TR000188,BANK01,EMP35660,2024-07-19,air_long,7770,0.15,1165.5,conference
TR000189,BANK01,EMP33871,2024-10-30,air_long,4241,0.15,636.1,audit
TR000190,BANK01,EMP45443,2024-10-27,rail,282,0.041,11.6,audit
TR000191,BANK01,EMP35986,2024-04-03,air_long,4167,0.15,625.0,conference
TR000192,BANK01,EMP45575,2024-02-23,air_short,560,0.255,142.8,internal_meeting
TR000193,BANK01,EMP17159,2024-08-03,car,532,0.171,91.0,client_meeting
TR000194,BANK01,EMP04964,2024-07-03,air_short,811,0.255,206.8,conference
TR000195,BANK01,EMP17427,2024-03-29,air_long,7577,0.15,1136.5,training
TR000196,BANK01,EMP30994,2024-08-11,air_short,1023,0.255,260.9,training
TR000197,BANK01,EMP24157,2024-07-04,air_short,620,0.255,158.1,internal_meeting
TR000198,BANK01,EMP01693,2024-08-11,rail,1104,0.041,45.3,internal_meeting
TR000199,BANK01,EMP46760,2024-03-31,air_short,609,0.255,155.3,audit
TR000200,BANK01,EMP28760,2024-09-26,car,606,0.171,103.6,audit
TR000201,BANK01,EMP39232,2024-11-28,air_long,7449,0.15,1117.3,conference
TR000202,BANK01,EMP20304,2024-09-12,air_short,620,0.255,158.1,training
TR000203,BANK01,EMP44857,2024-03-18,air_long,4129,0.15,619.4,audit
TR000204,BANK01,EMP44846,2024-01-26,air_short,320,0.255,81.6,audit
TR000205,BANK01,EMP20349,2024-06-28,rail,747,0.041,30.6,client_meeting
TR000206,BANK01,EMP00785,2024-06-12,rail,327,0.041,13.4,audit
TR000207,BANK01,EMP38964,2024-09-08,air_short,303,0.255,77.3,training
TR000208,BANK01,EMP34826,2024-10-07,air_short,1191,0.255,303.7,conference
TR000209,BANK01,EMP21660,2024-05-04,air_long,7937,0.15,1190.5,internal_meeting
TR000210,BANK01,EMP26767,2024-04-27,air_short,1209,0.255,308.3,internal_meeting
TR000211,BANK01,EMP45377,2024-08-08,car,209,0.171,35.7,internal_meeting
TR000212,BANK01,EMP14325,2024-09-05,air_long,4325,0.15,648.8,training
TR000213,BANK01,EMP03296,2024-06-14,air_short,1321,0.255,336.9,internal_meeting
TR000214,BANK01,EMP00256,2024-05-09,air_short,893,0.255,227.7,conference
TR000215,BANK01,EMP36941,2024-08-06,air_short,1153,0.255,294.0,internal_meeting
TR000216,BANK01,EMP15483,2024-07-28,rail,1096,0.041,44.9,conference
TR000217,BANK01,EMP07527,2024-11-06,air_short,1390,0.255,354.4,audit
TR000218,BANK01,EMP28564,2024-07-05,air_short,910,0.255,232.1,internal_meeting
TR000219,BANK01,EMP29518,2024-06-02,rail,816,0.041,33.5,audit
TR000220,BANK01,EMP07633,2024-05-05,rail,841,0.041,34.5,client_meeting
TR000221,BANK01,EMP47368,2024-11-03,rail,637,0.041,26.1,conference
TR000222,BANK01,EMP22214,2024-09-02,air_short,1191,0.255,303.7,training
TR000223,BANK01,EMP41957,2024-03-21,air_long,3774,0.15,566.1,client_meeting
TR000224,BANK01,EMP29123,2024-07-08,air_short,1339,0.255,341.4,conference
TR000225,BANK01,EMP36883,2024-09-22,car,611,0.171,104.5,conference
TR000226,BANK01,EMP47873,2024-04-05,air_short,1309,0.255,333.8,audit
TR000227,BANK01,EMP00806,2024-06-12,air_short,358,0.255,91.3,training
TR000228,BANK01,EMP21109,2024-10-08,air_short,532,0.255,135.7,training
TR000229,BANK01,EMP14688,2024-05-21,air_short,960,0.255,244.8,training
TR000230,BANK01,EMP30760,2024-02-22,car,723,0.171,123.6,internal_meeting
TR000231,BANK01,EMP22036,2024-05-01,air_short,779,0.255,198.6,internal_meeting
TR000232,BANK01,EMP30953,2024-06-09,air_long,8682,0.15,1302.3,audit
TR000233,BANK01,EMP33016,2024-04-05,rail,910,0.041,37.3,client_meeting
TR000234,BANK01,EMP32034,2024-11-18,rail,1103,0.041,45.2,training
TR000235,BANK01,EMP31202,2024-04-07,rail,399,0.041,16.4,conference
TR000236,BANK01,EMP30728,2024-08-21,car,652,0.171,111.5,internal_meeting
TR000237,BANK01,EMP25220,2024-07-29,rail,606,0.041,24.8,client_meeting
TR000238,BANK01,EMP21954,2024-01-06,rail,1130,0.041,46.3,client_meeting
TR000239,BANK01,EMP03039,2024-08-15,rail,845,0.041,34.6,internal_meeting
TR000240,BANK01,EMP05354,2024-01-09,rail,155,0.041,6.4,conference
TR000241,BANK01,EMP23311,2024-03-16,rail,402,0.041,16.5,conference
TR000242,BANK01,EMP01029,2024-06-19,air_long,3872,0.15,580.8,audit
TR000243,BANK01,EMP32760,2024-03-02,air_short,460,0.255,117.3,client_meeting
TR000244,BANK01,EMP18217,2024-11-22,air_long,3165,0.15,474.8,training
TR000245,BANK01,EMP43992,2024-09-13,rail,170,0.041,7.0,training
TR000246,BANK01,EMP45265,2024-10-08,air_short,974,0.255,248.4,client_meeting
TR000247,BANK01,EMP28665,2024-09-24,air_long,4274,0.15,641.1,internal_meeting
TR000248,BANK01,EMP01576,2024-06-27,car,764,0.171,130.6,client_meeting
TR000249,BANK01,EMP11907,2024-02-03,rail,950,0.041,39.0,internal_meeting
TR000250,BANK01,EMP29485,2024-01-15,air_long,4679,0.15,701.9,internal_meeting
TR000251,BANK01,EMP37301,2024-10-12,air_long,4232,0.15,634.8,internal_meeting
TR000252,BANK01,EMP14595,2024-08-30,air_short,1474,0.255,375.9,client_meeting
TR000253,BANK01,EMP12598,2024-10-16,air_long,8633,0.15,1295.0,client_meeting
TR000254,BANK01,EMP02185,2024-07-27,car,270,0.171,46.2,audit
TR000255,BANK01,EMP08102,2024-08-04,air_short,1327,0.255,338.4,conference
TR000256,BANK01,EMP43694,2024-07-30,air_short,1397,0.255,356.2,client_meeting
TR000257,BANK01,EMP36971,2024-07-01,car,408,0.171,69.8,conference
TR000258,BANK01,EMP20871,2024-11-23,rail,305,0.041,12.5,conference
TR000259,BANK01,EMP02563,2024-04-01,air_long,4398,0.15,659.7,training
TR000260,BANK01,EMP04240,2024-01-14,rail,1128,0.041,46.2,audit
TR000261,BANK01,EMP13844,2024-06-24,car,204,0.171,34.9,conference
TR000262,BANK01,EMP09764,2024-01-24,air_long,7924,0.15,1188.6,audit
TR000263,BANK01,EMP05613,2024-07-08,air_short,890,0.255,227.0,client_meeting
TR000264,BANK01,EMP26613,2024-07-13,rail,601,0.041,24.6,client_meeting
TR000265,BANK01,EMP22497,2024-11-21,air_long,5007,0.15,751.0,training
TR000266,BANK01,EMP18648,2024-01-09,rail,573,0.041,23.5,training
TR000267,BANK01,EMP20440,2024-06-20,air_long,1868,0.15,280.2,audit
TR000268,BANK01,EMP41039,2024-09-01,air_short,1434,0.255,365.7,client_meeting
TR000269,BANK01,EMP25194,2024-06-07,air_long,6603,0.15,990.4,audit
TR000270,BANK01,EMP22826,2024-12-22,rail,995,0.041,40.8,audit
TR000271,BANK01,EMP36859,2024-04-21,car,266,0.171,45.5,conference
TR000272,BANK01,EMP23778,2024-06-15,air_short,586,0.255,149.4,audit
TR000273,BANK01,EMP47812,2024-04-23,car,586,0.171,100.2,internal_meeting
TR000274,BANK01,EMP17836,2024-11-27,air_short,907,0.255,231.3,audit
TR000275,BANK01,EMP39812,2024-01-19,rail,607,0.041,24.9,client_meeting
TR000276,BANK01,EMP46535,2024-10-07,rail,533,0.041,21.9,client_meeting
TR000277,BANK01,EMP41417,2024-03-25,air_short,1426,0.255,363.6,training
TR000278,BANK01,EMP28674,2024-01-27,air_short,320,0.255,81.6,audit
TR000279,BANK01,EMP00912,2024-10-29,rail,250,0.041,10.2,audit
TR000280,BANK01,EMP06728,2024-04-24,car,624,0.171,106.7,client_meeting
TR000281,BANK01,EMP07117,2024-12-13,air_short,1417,0.255,361.3,internal_meeting
TR000282,BANK01,EMP16541,2024-06-15,rail,307,0.041,12.6,training
TR000283,BANK01,EMP15181,2024-02-27,car,499,0.171,85.3,internal_meeting
TR000284,BANK01,EMP28926,2024-07-25,car,180,0.171,30.8,audit
TR000285,BANK01,EMP23243,2024-09-12,air_long,2910,0.15,436.5,audit
TR000286,BANK01,EMP36397,2024-01-31,car,88,0.171,15.0,audit
TR000287,BANK01,EMP42732,2024-04-22,rail,1054,0.041,43.2,client_meeting
TR000288,BANK01,EMP18203,2024-03-29,rail,968,0.041,39.7,conference
TR000289,BANK01,EMP05739,2024-08-01,car,508,0.171,86.9,training
TR000290,BANK01,EMP12148,2024-08-08,air_short,842,0.255,214.7,training
TR000291,BANK01,EMP09401,2024-11-02,air_short,1006,0.255,256.5,conference
TR000292,BANK01,EMP05657,2024-12-03,rail,855,0.041,35.1,audit
TR000293,BANK01,EMP30338,2024-10-12,rail,548,0.041,22.5,client_meeting
TR000294,BANK01,EMP01371,2024-11-04,air_short,1336,0.255,340.7,internal_meeting
TR000295,BANK01,EMP25702,2024-06-15,rail,604,0.041,24.8,internal_meeting
TR000296,BANK01,EMP27322,2024-01-02,air_short,655,0.255,167.0,conference
TR000297,BANK01,EMP17712,2024-01-02,air_short,547,0.255,139.5,internal_meeting
TR000298,BANK01,EMP18509,2024-03-20,air_long,3059,0.15,458.8,training
TR000299,BANK01,EMP28197,2024-03-19,air_short,1089,0.255,277.7,client_meeting
TR000300,BANK01,EMP04745,2024-01-05,air_short,823,0.255,209.9,audit
TR000301,BANK01,EMP31539,2024-06-22,rail,841,0.041,34.5,client_meeting
TR000302,BANK01,EMP17949,2024-11-27,air_long,5623,0.15,843.4,audit
TR000303,BANK01,EMP04707,2024-03-18,car,532,0.171,91.0,conference
TR000304,BANK01,EMP40522,2024-04-18,air_short,928,0.255,236.6,conference
TR000305,BANK01,EMP26655,2024-08-28,air_long,7507,0.15,1126.0,internal_meeting
TR000306,BANK01,EMP29415,2024-08-16,air_long,2766,0.15,414.9,conference
TR000307,BANK01,EMP33339,2024-03-04,air_long,8726,0.15,1308.9,audit
TR000308,BANK01,EMP29252,2024-11-23,rail,888,0.041,36.4,conference
TR000309,BANK01,EMP18975,2024-05-17,rail,409,0.041,16.8,audit
TR000310,BANK01,EMP22714,2024-11-22,rail,954,0.041,39.1,conference
TR000311,BANK01,EMP46486,2024-11-05,air_short,1125,0.255,286.9,client_meeting
TR000312,BANK01,EMP27702,2024-08-12,car,714,0.171,122.1,audit
TR000313,BANK01,EMP26007,2024-03-04,air_short,682,0.255,173.9,internal_meeting
TR000314,BANK01,EMP15947,2024-06-03,car,399,0.171,68.2,client_meeting
TR000315,BANK01,EMP12414,2024-04-12,car,276,0.171,47.2,client_meeting
TR000316,BANK01,EMP26085,2024-07-25,rail,132,0.041,5.4,training
TR000317,BANK01,EMP08859,2024-10-02,air_long,2790,0.15,418.5,client_meeting
TR000318,BANK01,EMP40279,2024-11-25,car,759,0.171,129.8,training
TR000319,BANK01,EMP43788,2024-05-03,car,332,0.171,56.8,audit
TR000320,BANK01,EMP17046,2024-02-14,air_long,4444,0.15,666.6,training
TR000321,BANK01,EMP00807,2024-09-13,rail,873,0.041,35.8,conference
TR000322,BANK01,EMP03907,2024-05-28,car,411,0.171,70.3,conference
TR000323,BANK01,EMP20378,2024-09-10,air_short,589,0.255,150.2,audit
TR000324,BANK01,EMP41834,2024-10-08,rail,789,0.041,32.3,internal_meeting
TR000325,BANK01,EMP22109,2024-01-23,car,300,0.171,51.3,conference
TR000326,BANK01,EMP05072,2024-06-14,air_short,423,0.255,107.9,conference
TR000327,BANK01,EMP08910,2024-12-29,car,454,0.171,77.6,audit
TR000328,BANK01,EMP23188,2024-04-04,car,707,0.171,120.9,conference
TR000329,BANK01,EMP14053,2024-08-02,air_long,4565,0.15,684.8,audit
TR000330,BANK01,EMP19066,2024-01-22,air_short,1101,0.255,280.8,conference
TR000331,BANK01,EMP44952,2024-08-20,car,588,0.171,100.5,client_meeting
TR000332,BANK01,EMP40575,2024-01-06,car,249,0.171,42.6,audit
TR000333,BANK01,EMP43579,2024-07-19,car,399,0.171,68.2,internal_meeting
TR000334,BANK01,EMP11618,2024-11-29,air_long,5451,0.15,817.6,training
TR000335,BANK01,EMP29419,2024-11-15,air_long,8261,0.15,1239.1,audit
TR000336,BANK01,EMP15142,2024-03-27,rail,451,0.041,18.5,conference
TR000337,BANK01,EMP10006,2024-11-01,air_short,540,0.255,137.7,internal_meeting
TR000338,BANK01,EMP16773,2024-01-20,air_short,1477,0.255,376.6,client_meeting
TR000339,BANK01,EMP24106,2024-05-29,air_short,809,0.255,206.3,internal_meeting
TR000340,BANK01,EMP23659,2024-11-03,rail,922,0.041,37.8,training
TR000341,BANK01,EMP37617,2024-03-29,air_long,1970,0.15,295.5,training
TR000342,BANK01,EMP34292,2024-05-03,rail,941,0.041,38.6,conference
TR000343,BANK01,EMP01119,2024-05-23,car,713,0.171,121.9,training
TR000344,BANK01,EMP00893,2024-09-12,air_long,5537,0.15,830.5,conference
TR000345,BANK01,EMP29085,2024-03-15,car,168,0.171,28.7,client_meeting
TR000346,BANK01,EMP38507,2024-12-27,rail,564,0.041,23.1,audit
TR000347,BANK01,EMP24561,2024-12-10,air_short,695,0.255,177.2,conference
TR000348,BANK01,EMP05466,2024-06-08,rail,336,0.041,13.8,conference
TR000349,BANK01,EMP00468,2024-08-10,air_short,709,0.255,180.8,internal_meeting
TR000350,BANK01,EMP25411,2024-05-21,car,129,0.171,22.1,internal_meeting
TR000351,BANK01,EMP07666,2024-07-13,rail,564,0.041,23.1,client_meeting
TR000352,BANK01,EMP00512,2024-02-02,air_short,1425,0.255,363.4,conference
TR000353,BANK01,EMP30482,2024-05-08,air_short,1219,0.255,310.8,client_meeting
TR000354,BANK01,EMP36313,2024-02-07,air_short,525,0.255,133.9,audit
TR000355,BANK01,EMP28900,2024-04-29,car,472,0.171,80.7,training
TR000356,BANK01,EMP24189,2024-02-14,air_short,1154,0.255,294.3,conference
TR000357,BANK01,EMP07172,2024-05-02,rail,472,0.041,19.4,client_meeting
TR000358,BANK01,EMP31388,2024-02-20,air_short,680,0.255,173.4,client_meeting
TR000359,BANK01,EMP11045,2024-05-30,air_long,7582,0.15,1137.3,audit
TR000360,BANK01,EMP29085,2024-05-27,air_short,695,0.255,177.2,client_meeting
TR000361,BANK01,EMP05601,2024-09-12,rail,852,0.041,34.9,training
TR000362,BANK01,EMP40898,2024-11-12,air_short,563,0.255,143.6,conference
TR000363,BANK01,EMP20704,2024-09-26,rail,906,0.041,37.1,conference
TR000364,BANK01,EMP46806,2024-02-29,car,659,0.171,112.7,conference
TR000365,BANK01,EMP31284,2024-02-24,rail,610,0.041,25.0,training
TR000366,BANK01,EMP10649,2024-05-14,car,314,0.171,53.7,client_meeting
TR000367,BANK01,EMP27294,2024-08-13,air_short,1325,0.255,337.9,internal_meeting
TR000368,BANK01,EMP46790,2024-05-15,air_short,717,0.255,182.8,client_meeting
TR000369,BANK01,EMP39133,2024-06-13,rail,939,0.041,38.5,training
TR000370,BANK01,EMP23062,2024-08-31,car,605,0.171,103.5,client_meeting
TR000371,BANK01,EMP05949,2024-09-09,air_short,315,0.255,80.3,conference
TR000372,BANK01,EMP06834,2024-04-15,car,446,0.171,76.3,client_meeting
TR000373,BANK01,EMP14527,2024-02-16,air_short,557,0.255,142.0,audit
TR000374,BANK01,EMP16017,2024-06-11,rail,432,0.041,17.7,conference
TR000375,BANK01,EMP00801,2024-01-16,rail,964,0.041,39.5,client_meeting
TR000376,BANK01,EMP47370,2024-01-30,rail,365,0.041,15.0,conference
TR000377,BANK01,EMP08060,2024-08-03,rail,695,0.041,28.5,training
TR000378,BANK01,EMP16612,2024-08-30,air_short,653,0.255,166.5,training
TR000379,BANK01,EMP34615,2024-03-15,car,331,0.171,56.6,internal_meeting
TR000380,BANK01,EMP08277,2024-02-07,air_short,427,0.255,108.9,client_meeting
TR000381,BANK01,EMP14701,2024-09-22,air_long,3643,0.15,546.4,audit
TR000382,BANK01,EMP09753,2024-05-01,rail,792,0.041,32.5,training
TR000383,BANK01,EMP04236,2024-09-10,car,200,0.171,34.2,training
TR000384,BANK01,EMP28388,2024-05-18,air_long,3042,0.15,456.3,audit
TR000385,BANK01,EMP42309,2024-05-27,rail,169,0.041,6.9,client_meeting
TR000386,BANK01,EMP42065,2024-12-11,air_short,736,0.255,187.7,training
TR000387,BANK01,EMP00779,2024-09-11,rail,315,0.041,12.9,audit
TR000388,BANK01,EMP28065,2024-10-22,rail,1090,0.041,44.7,training
TR000389,BANK01,EMP34531,2024-04-26,air_long,1938,0.15,290.7,client_meeting
TR000390,BANK01,EMP18579,2024-09-07,air_short,960,0.255,244.8,training
TR000391,BANK01,EMP14608,2024-07-09,car,768,0.171,131.3,audit
TR000392,BANK01,EMP06146,2024-12-06,air_long,7718,0.15,1157.7,conference
TR000393,BANK01,EMP05014,2024-12-06,air_long,2779,0.15,416.8,conference
TR000394,BANK01,EMP36931,2024-04-19,rail,620,0.041,25.4,conference
TR000395,BANK01,EMP26073,2024-10-12,air_short,536,0.255,136.7,audit
TR000396,BANK01,EMP23493,2024-03-27,rail,136,0.041,5.6,audit
TR000397,BANK01,EMP37390,2024-03-19,air_short,1025,0.255,261.4,audit
TR000398,BANK01,EMP26098,2024-09-15,air_short,846,0.255,215.7,client_meeting
TR000399,BANK01,EMP05044,2024-08-06,air_long,7570,0.15,1135.5,client_meeting
TR000400,BANK01,EMP45220,2024-11-21,air_short,1009,0.255,257.3,conference
TR000401,BANK01,EMP34914,2024-12-01,air_short,1299,0.255,331.2,client_meeting
TR000402,BANK01,EMP43762,2024-03-01,air_long,2229,0.15,334.3,conference
TR000403,BANK01,EMP09734,2024-03-23,car,617,0.171,105.5,internal_meeting
TR000404,BANK01,EMP31854,2024-09-12,air_short,466,0.255,118.8,internal_meeting
TR000405,BANK01,EMP08080,2024-08-05,air_short,738,0.255,188.2,internal_meeting
TR000406,BANK01,EMP18303,2024-03-30,rail,288,0.041,11.8,conference
TR000407,BANK01,EMP20680,2024-11-29,rail,394,0.041,16.2,conference
TR000408,BANK01,EMP06635,2024-12-12,air_short,1303,0.255,332.3,training
TR000409,BANK01,EMP02274,2024-08-12,rail,617,0.041,25.3,audit
TR000410,BANK01,EMP42565,2024-09-17,air_short,1285,0.255,327.7,conference
TR000411,BANK01,EMP43419,2024-06-17,air_short,888,0.255,226.4,audit
TR000412,BANK01,EMP23865,2024-07-02,air_short,975,0.255,248.6,audit
TR000413,BANK01,EMP11937,2024-09-07,air_long,4738,0.15,710.7,internal_meeting
TR000414,BANK01,EMP34117,2024-11-16,air_long,5217,0.15,782.5,client_meeting
TR000415,BANK01,EMP15687,2024-06-13,air_long,2545,0.15,381.8,client_meeting
TR000416,BANK01,EMP07007,2024-01-16,air_short,450,0.255,114.8,conference
TR000417,BANK01,EMP17049,2024-07-26,air_short,1063,0.255,271.1,audit
TR000418,BANK01,EMP47953,2024-02-23,air_short,1375,0.255,350.6,internal_meeting
TR000419,BANK01,EMP02188,2024-10-12,air_short,558,0.255,142.3,conference
TR000420,BANK01,EMP31098,2024-01-31,rail,758,0.041,31.1,audit
TR000421,BANK01,EMP31460,2024-01-07,air_short,1497,0.255,381.7,audit
TR000422,BANK01,EMP13442,2024-09-02,car,581,0.171,99.4,audit
TR000423,BANK01,EMP12177,2024-03-12,air_short,761,0.255,194.1,conference
TR000424,BANK01,EMP04431,2024-07-09,rail,528,0.041,21.6,client_meeting
TR000425,BANK01,EMP46817,2024-11-02,rail,717,0.041,29.4,audit
TR000426,BANK01,EMP29116,2024-11-22,rail,106,0.041,4.3,training
TR000427,BANK01,EMP08081,2024-02-19,car,606,0.171,103.6,internal_meeting
TR000428,BANK01,EMP17471,2024-07-21,rail,612,0.041,25.1,internal_meeting
TR000429,BANK01,EMP28812,2024-09-06,air_short,1050,0.255,267.8,client_meeting
TR000430,BANK01,EMP33273,2024-09-22,air_short,776,0.255,197.9,internal_meeting
TR000431,BANK01,EMP08148,2024-09-18,car,733,0.171,125.3,client_meeting
TR000432,BANK01,EMP21104,2024-01-30,rail,575,0.041,23.6,internal_meeting
TR000433,BANK01,EMP38769,2024-10-10,rail,1107,0.041,45.4,internal_meeting
TR000434,BANK01,EMP30442,2024-02-05,car,274,0.171,46.9,training
TR000435,BANK01,EMP14180,2024-01-18,air_long,2321,0.15,348.1,conference
TR000436,BANK01,EMP32337,2024-02-01,rail,952,0.041,39.0,conference
TR000437,BANK01,EMP04528,2024-08-08,air_short,777,0.255,198.1,client_meeting
TR000438,BANK01,EMP38992,2024-05-05,car,76,0.171,13.0,conference
TR000439,BANK01,EMP44904,2024-01-30,air_short,533,0.255,135.9,internal_meeting
TR000440,BANK01,EMP31828,2024-10-19,air_long,5321,0.15,798.1,internal_meeting
TR000441,BANK01,EMP00955,2024-05-26,air_short,499,0.255,127.2,training
TR000442,BANK01,EMP25635,2024-04-03,air_long,5406,0.15,810.9,training
TR000443,BANK01,EMP36627,2024-05-18,air_long,2540,0.15,381.0,conference
TR000444,BANK01,EMP27827,2024-06-17,air_short,1037,0.255,264.4,internal_meeting
TR000445,BANK01,EMP28912,2024-11-15,rail,548,0.041,22.5,client_meeting
TR000446,BANK01,EMP22649,2024-09-01,air_short,1222,0.255,311.6,audit
TR000447,BANK01,EMP45569,2024-12-25,rail,579,0.041,23.7,training
TR000448,BANK01,EMP17240,2024-05-22,air_short,1400,0.255,357.0,training
TR000449,BANK01,EMP29312,2024-05-14,air_long,7595,0.15,1139.2,training
TR000450,BANK01,EMP41671,2024-07-04,car,106,0.171,18.1,client_meeting
TR000451,BANK01,EMP31743,2024-05-23,car,479,0.171,81.9,client_meeting
TR000452,BANK01,EMP25793,2024-11-26,rail,339,0.041,13.9,conference
TR000453,BANK01,EMP14686,2024-05-11,rail,149,0.041,6.1,client_meeting
TR000454,BANK01,EMP41293,2024-09-02,air_short,368,0.255,93.8,client_meeting
TR000455,BANK01,EMP23551,2024-06-07,rail,656,0.041,26.9,audit
TR000456,BANK01,EMP02452,2024-01-12,air_short,400,0.255,102.0,training
TR000457,BANK01,EMP40847,2024-08-24,rail,834,0.041,34.2,conference
TR000458,BANK01,EMP23004,2024-03-28,air_long,3922,0.15,588.3,training
TR000459,BANK01,EMP25973,2024-08-05,air_long,8833,0.15,1325.0,internal_meeting
TR000460,BANK01,EMP34757,2024-01-21,air_short,1164,0.255,296.8,conference
TR000461,BANK01,EMP11183,2024-12-07,rail,1138,0.041,46.7,client_meeting
TR000462,BANK01,EMP43115,2024-07-09,rail,462,0.041,18.9,client_meeting
TR000463,BANK01,EMP01475,2024-06-06,rail,775,0.041,31.8,internal_meeting
TR000464,BANK01,EMP16825,2024-02-06,air_short,344,0.255,87.7,conference
TR000465,BANK01,EMP43340,2024-07-17,rail,1091,0.041,44.7,internal_meeting
TR000466,BANK01,EMP14989,2024-03-21,car,757,0.171,129.4,internal_meeting
TR000467,BANK01,EMP10628,2024-07-04,air_short,1239,0.255,315.9,training
TR000468,BANK01,EMP19171,2024-05-22,car,310,0.171,53.0,conference
TR000469,BANK01,EMP11798,2024-05-08,rail,1134,0.041,46.5,training
TR000470,BANK01,EMP04412,2024-02-15,air_short,1410,0.255,359.6,internal_meeting
TR000471,BANK01,EMP46687,2024-10-31,car,554,0.171,94.7,internal_meeting
TR000472,BANK01,EMP06051,2024-05-16,rail,764,0.041,31.3,training
TR000473,BANK01,EMP37647,2024-12-04,car,55,0.171,9.4,training
TR000474,BANK01,EMP38014,2024-03-20,air_long,3589,0.15,538.4,training
TR000475,BANK01,EMP31234,2024-05-04,rail,137,0.041,5.6,conference
TR000476,BANK01,EMP30804,2024-04-15,air_long,4924,0.15,738.6,conference
TR000477,BANK01,EMP22978,2024-02-27,air_long,3533,0.15,529.9,audit
TR000478,BANK01,EMP08310,2024-10-02,air_short,1401,0.255,357.3,audit
TR000479,BANK01,EMP27860,2024-12-21,air_long,5065,0.15,759.8,conference
TR000480,BANK01,EMP12434,2024-07-05,rail,346,0.041,14.2,internal_meeting
TR000481,BANK01,EMP43111,2024-11-28,air_long,2533,0.15,379.9,audit
TR000482,BANK01,EMP34797,2024-06-30,air_short,1218,0.255,310.6,conference
TR000483,BANK01,EMP41180,2024-07-10,rail,339,0.041,13.9,conference
TR000484,BANK01,EMP03042,2024-12-04,rail,951,0.041,39.0,training
TR000485,BANK01,EMP17806,2024-01-18,car,163,0.171,27.9,training
TR000486,BANK01,EMP01198,2024-12-22,rail,376,0.041,15.4,client_meeting
TR000487,BANK01,EMP41937,2024-11-13,air_short,877,0.255,223.6,audit
TR000488,BANK01,EMP24262,2024-07-18,car,185,0.171,31.6,internal_meeting
TR000489,BANK01,EMP22062,2024-06-21,air_long,7613,0.15,1142.0,conference
TR000490,BANK01,EMP45210,2024-05-19,air_long,3224,0.15,483.6,internal_meeting
TR000491,BANK01,EMP00647,2024-12-17,air_short,983,0.255,250.7,conference
TR000492,BANK01,EMP46320,2024-12-22,air_short,1262,0.255,321.8,internal_meeting
TR000493,BANK01,EMP32636,2024-01-31,air_long,4178,0.15,626.7,audit
TR000494,BANK01,EMP27944,2024-07-25,rail,422,0.041,17.3,client_meeting
TR000495,BANK01,EMP12282,2024-08-25,air_short,1167,0.255,297.6,conference
TR000496,BANK01,EMP39326,2024-05-26,rail,453,0.041,18.6,internal_meeting
TR000497,BANK01,EMP26091,2024-02-22,rail,1087,0.041,44.6,conference
TR000498,BANK01,EMP34440,2024-05-11,air_short,1279,0.255,326.1,internal_meeting
TR000499,BANK01,EMP04236,2024-10-27,air_short,517,0.255,131.8,client_meeting
TR000500,BANK01,EMP44997,2024-08-29,air_long,6267,0.15,940.0,internal_meeting
TR000501,BANK01,EMP25441,2024-11-06,air_short,660,0.255,168.3,client_meeting
TR000502,BANK01,EMP40953,2024-09-17,air_short,1275,0.255,325.1,internal_meeting
TR000503,BANK01,EMP34334,2024-02-02,air_short,1279,0.255,326.1,internal_meeting
TR000504,BANK01,EMP13665,2024-09-02,air_short,930,0.255,237.2,training
TR000505,BANK01,EMP40863,2024-05-24,air_short,1185,0.255,302.2,client_meeting
TR000506,BANK01,EMP37829,2024-11-23,rail,876,0.041,35.9,training
TR000507,BANK01,EMP19696,2024-08-03,car,636,0.171,108.8,training
TR000508,BANK01,EMP30288,2024-11-02,air_short,439,0.255,111.9,client_meeting
TR000509,BANK01,EMP05382,2024-11-30,air_short,1031,0.255,262.9,internal_meeting
TR000510,BANK01,EMP03904,2024-07-07,air_short,686,0.255,174.9,audit
TR000511,BANK01,EMP37989,2024-05-09,car,711,0.171,121.6,internal_meeting
TR000512,BANK01,EMP44281,2024-04-16,air_short,894,0.255,228.0,conference
TR000513,BANK01,EMP32828,2024-06-02,air_short,887,0.255,226.2,conference
TR000514,BANK01,EMP36038,2024-11-18,air_short,1281,0.255,326.7,training
TR000515,BANK01,EMP31123,2024-03-10,air_short,798,0.255,203.5,client_meeting
TR000516,BANK01,EMP10380,2024-07-02,car,460,0.171,78.7,client_meeting
TR000517,BANK01,EMP27822,2024-08-15,car,211,0.171,36.1,audit
TR000518,BANK01,EMP46069,2024-09-18,rail,725,0.041,29.7,internal_meeting
TR000519,BANK01,EMP31944,2024-10-28,rail,1044,0.041,42.8,internal_meeting
TR000520,BANK01,EMP05195,2024-03-28,rail,649,0.041,26.6,audit
TR000521,BANK01,EMP31466,2024-05-11,car,549,0.171,93.9,conference
TR000522,BANK01,EMP19305,2024-01-10,rail,270,0.041,11.1,conference
TR000523,BANK01,EMP24963,2024-06-09,air_long,6389,0.15,958.3,internal_meeting
TR000524,BANK01,EMP14445,2024-02-08,car,547,0.171,93.5,audit
TR000525,BANK01,EMP05079,2024-12-26,air_short,337,0.255,85.9,client_meeting
TR000526,BANK01,EMP39004,2024-05-23,air_long,6143,0.15,921.4,internal_meeting
TR000527,BANK01,EMP27679,2024-07-05,rail,215,0.041,8.8,conference
TR000528,BANK01,EMP23436,2024-06-11,air_long,3884,0.15,582.6,client_meeting
TR000529,BANK01,EMP43367,2024-02-10,air_short,729,0.255,185.9,client_meeting
TR000530,BANK01,EMP25931,2024-08-14,car,428,0.171,73.2,internal_meeting
TR000531,BANK01,EMP03771,2024-12-21,car,538,0.171,92.0,client_meeting
TR000532,BANK01,EMP37174,2024-04-07,rail,1044,0.041,42.8,client_meeting
TR000533,BANK01,EMP32747,2024-04-29,car,78,0.171,13.3,client_meeting
TR000534,BANK01,EMP29698,2024-04-19,air_short,512,0.255,130.6,internal_meeting
TR000535,BANK01,EMP00374,2024-02-20,car,135,0.171,23.1,training
TR000536,BANK01,EMP40409,2024-03-21,rail,257,0.041,10.5,internal_meeting
TR000537,BANK01,EMP05069,2024-04-16,car,475,0.171,81.2,audit
TR000538,BANK01,EMP03474,2024-03-28,air_long,8434,0.15,1265.1,training
TR000539,BANK01,EMP47309,2024-01-22,car,605,0.171,103.5,training
TR000540,BANK01,EMP19847,2024-06-22,car,83,0.171,14.2,client_meeting
TR000541,BANK01,EMP46382,2024-02-27,air_short,946,0.255,241.2,audit
TR000542,BANK01,EMP26623,2024-11-03,car,543,0.171,92.9,internal_meeting
TR000543,BANK01,EMP39778,2024-08-11,rail,1112,0.041,45.6,conference
TR000544,BANK01,EMP24644,2024-03-17,air_short,970,0.255,247.3,training
TR000545,BANK01,EMP11762,2024-06-07,air_long,8359,0.15,1253.8,conference
TR000546,BANK01,EMP45368,2024-09-13,car,728,0.171,124.5,conference
TR000547,BANK01,EMP33963,2024-03-22,rail,628,0.041,25.7,conference
TR000548,BANK01,EMP36816,2024-10-12,rail,337,0.041,13.8,client_meeting
TR000549,BANK01,EMP37194,2024-09-12,air_long,6057,0.15,908.5,training
TR000550,BANK01,EMP32238,2024-10-07,air_short,1303,0.255,332.3,conference
TR000551,BANK01,EMP17750,2024-05-28,car,318,0.171,54.4,client_meeting
TR000552,BANK01,EMP17078,2024-03-15,car,689,0.171,117.8,conference
TR000553,BANK01,EMP22712,2024-01-23,air_long,5842,0.15,876.3,client_meeting
TR000554,BANK01,EMP33542,2024-12-02,air_short,553,0.255,141.0,conference
TR000555,BANK01,EMP40464,2024-08-15,car,308,0.171,52.7,client_meeting
TR000556,BANK01,EMP36926,2024-12-06,air_short,821,0.255,209.4,audit
TR000557,BANK01,EMP25045,2024-12-03,air_short,606,0.255,154.5,audit
TR000558,BANK01,EMP05100,2024-05-15,air_short,321,0.255,81.9,internal_meeting
TR000559,BANK01,EMP14787,2024-11-01,air_long,5369,0.15,805.4,conference
TR000560,BANK01,EMP16488,2024-03-03,air_long,7096,0.15,1064.4,conference
TR000561,BANK01,EMP28340,2024-01-08,rail,159,0.041,6.5,client_meeting
TR000562,BANK01,EMP35186,2024-01-04,rail,327,0.041,13.4,client_meeting
TR000563,BANK01,EMP33221,2024-05-25,car,233,0.171,39.8,training
TR000564,BANK01,EMP28043,2024-09-04,air_short,1194,0.255,304.5,conference
TR000565,BANK01,EMP45093,2024-02-17,rail,1099,0.041,45.1,audit
TR000566,BANK01,EMP38417,2024-03-01,rail,576,0.041,23.6,training
TR000567,BANK01,EMP29654,2024-03-31,air_short,609,0.255,155.3,training
TR000568,BANK01,EMP30400,2024-05-23,rail,501,0.041,20.5,client_meeting
TR000569,BANK01,EMP02946,2024-06-25,car,753,0.171,128.8,audit
TR000570,BANK01,EMP30496,2024-11-17,rail,686,0.041,28.1,conference
TR000571,BANK01,EMP11559,2024-12-09,rail,159,0.041,6.5,internal_meeting
TR000572,BANK01,EMP34873,2024-04-20,air_short,1129,0.255,287.9,conference
TR000573,BANK01,EMP23441,2024-09-08,air_short,329,0.255,83.9,client_meeting
TR000574,BANK01,EMP03098,2024-11-30,rail,444,0.041,18.2,conference
TR000575,BANK01,EMP22089,2024-11-12,rail,563,0.041,23.1,training
TR000576,BANK01,EMP28713,2024-07-12,car,450,0.171,77.0,client_meeting
TR000577,BANK01,EMP35501,2024-07-22,air_long,2742,0.15,411.3,internal_meeting
TR000578,BANK01,EMP24623,2024-09-19,air_long,2587,0.15,388.1,conference
TR000579,BANK01,EMP09711,2024-04-01,air_short,595,0.255,151.7,training
TR000580,BANK01,EMP40269,2024-05-17,car,446,0.171,76.3,client_meeting
TR000581,BANK01,EMP42562,2024-10-13,rail,1048,0.041,43.0,conference
TR000582,BANK01,EMP18843,2024-03-01,car,701,0.171,119.9,client_meeting
TR000583,BANK01,EMP35384,2024-05-29,car,380,0.171,65.0,audit
TR000584,BANK01,EMP00382,2024-05-21,air_short,793,0.255,202.2,conference
TR000585,BANK01,EMP46460,2024-09-30,air_short,941,0.255,240.0,audit
TR000586,BANK01,EMP18083,2024-10-16,rail,178,0.041,7.3,internal_meeting
TR000587,BANK01,EMP40017,2024-01-27,air_long,3831,0.15,574.6,training
TR000588,BANK01,EMP00968,2024-03-05,rail,638,0.041,26.2,conference
TR000589,BANK01,EMP27883,2024-05-14,rail,427,0.041,17.5,training
TR000590,BANK01,EMP41326,2024-01-26,air_short,685,0.255,174.7,client_meeting
TR000591,BANK01,EMP19581,2024-09-03,car,386,0.171,66.0,internal_meeting
TR000592,BANK01,EMP18531,2024-04-02,car,604,0.171,103.3,conference
TR000593,BANK01,EMP32859,2024-06-15,air_short,1083,0.255,276.2,client_meeting
TR000594,BANK01,EMP00862,2024-07-08,air_long,4078,0.15,611.7,internal_meeting
TR000595,BANK01,EMP03676,2024-02-29,car,428,0.171,73.2,internal_meeting
TR000596,BANK01,EMP28687,2024-10-10,air_short,817,0.255,208.3,audit
TR000597,BANK01,EMP13649,2024-11-14,air_long,1610,0.15,241.5,client_meeting
TR000598,BANK01,EMP23519,2024-02-17,car,75,0.171,12.8,training
TR000599,BANK01,EMP16928,2024-11-19,air_short,345,0.255,88.0,client_meeting
TR000600,BANK01,EMP38043,2024-11-05,car,488,0.171,83.4,internal_meeting
TR000601,BANK01,EMP40958,2024-03-15,air_short,615,0.255,156.8,conference
TR000602,BANK01,EMP33485,2024-08-26,rail,1017,0.041,41.7,audit
TR000603,BANK01,EMP13347,2024-11-04,air_short,1461,0.255,372.6,client_meeting
TR000604,BANK01,EMP26966,2024-01-24,air_long,4506,0.15,675.9,conference
TR000605,BANK01,EMP31273,2024-04-15,air_short,917,0.255,233.8,audit
TR000606,BANK01,EMP04556,2024-10-17,car,598,0.171,102.3,internal_meeting
TR000607,BANK01,EMP28225,2024-06-01,car,244,0.171,41.7,internal_meeting
TR000608,BANK01,EMP43109,2024-06-05,car,136,0.171,23.3,training
TR000609,BANK01,EMP07691,2024-07-07,rail,961,0.041,39.4,client_meeting
TR000610,BANK01,EMP25001,2024-12-25,rail,322,0.041,13.2,internal_meeting
TR000611,BANK01,EMP36084,2024-10-23,rail,1016,0.041,41.7,conference
TR000612,BANK01,EMP13008,2024-01-05,car,181,0.171,31.0,training
TR000613,BANK01,EMP33958,2024-09-25,air_short,730,0.255,186.2,internal_meeting
TR000614,BANK01,EMP21260,2024-01-14,air_short,1467,0.255,374.1,audit
TR000615,BANK01,EMP00378,2024-01-13,rail,133,0.041,5.5,training
TR000616,BANK01,EMP33758,2024-06-04,air_short,1418,0.255,361.6,conference
TR000617,BANK01,EMP02807,2024-03-23,air_short,1323,0.255,337.4,conference
TR000618,BANK01,EMP13274,2024-07-30,air_short,1336,0.255,340.7,audit
TR000619,BANK01,EMP03794,2024-10-11,air_short,720,0.255,183.6,audit
TR000620,BANK01,EMP36979,2024-08-23,car,94,0.171,16.1,client_meeting
TR000621,BANK01,EMP30418,2024-09-12,air_short,1489,0.255,379.7,client_meeting
TR000622,BANK01,EMP45377,2024-07-21,rail,303,0.041,12.4,internal_meeting
TR000623,BANK01,EMP26462,2024-08-23,air_short,1453,0.255,370.5,audit
TR000624,BANK01,EMP35681,2024-10-20,car,483,0.171,82.6,conference
TR000625,BANK01,EMP44626,2024-09-25,air_short,1074,0.255,273.9,client_meeting
TR000626,BANK01,EMP47639,2024-03-24,car,369,0.171,63.1,training
TR000627,BANK01,EMP01523,2024-08-04,air_short,845,0.255,215.5,audit
TR000628,BANK01,EMP41373,2024-05-26,rail,374,0.041,15.3,client_meeting
TR000629,BANK01,EMP14218,2024-03-04,rail,1006,0.041,41.2,client_meeting
TR000630,BANK01,EMP47506,2024-01-03,rail,641,0.041,26.3,audit
TR000631,BANK01,EMP34781,2024-08-21,rail,629,0.041,25.8,audit
TR000632,BANK01,EMP12609,2024-05-10,rail,1193,0.041,48.9,conference
TR000633,BANK01,EMP30007,2024-11-20,car,758,0.171,129.6,internal_meeting
TR000634,BANK01,EMP43907,2024-09-15,air_long,2318,0.15,347.7,client_meeting
TR000635,BANK01,EMP03678,2024-06-12,air_long,7625,0.15,1143.8,audit
TR000636,BANK01,EMP41966,2024-01-13,car,277,0.171,47.4,audit
TR000637,BANK01,EMP34344,2024-03-29,air_long,1570,0.15,235.5,training
TR000638,BANK01,EMP27412,2024-09-26,rail,318,0.041,13.0,audit
TR000639,BANK01,EMP20974,2024-09-06,air_long,8834,0.15,1325.1,audit
TR000640,BANK01,EMP46820,2024-02-09,car,255,0.171,43.6,training
TR000641,BANK01,EMP22166,2024-07-17,car,734,0.171,125.5,internal_meeting
TR000642,BANK01,EMP12871,2024-02-26,air_short,864,0.255,220.3,conference
TR000643,BANK01,EMP02558,2024-06-29,car,789,0.171,134.9,audit
TR000644,BANK01,EMP20245,2024-01-08,air_long,2604,0.15,390.6,conference
TR000645,BANK01,EMP21762,2024-08-14,air_long,3573,0.15,535.9,conference
TR000646,BANK01,EMP40270,2024-12-23,air_short,1090,0.255,277.9,conference
TR000647,BANK01,EMP41362,2024-03-05,air_long,8401,0.15,1260.1,training
TR000648,BANK01,EMP36846,2024-08-04,car,392,0.171,67.0,conference
TR000649,BANK01,EMP10618,2024-03-10,air_long,6190,0.15,928.5,conference
TR000650,BANK01,EMP01539,2024-02-20,air_long,1857,0.15,278.6,training
TR000651,BANK01,EMP10725,2024-08-12,car,579,0.171,99.0,internal_meeting
TR000652,BANK01,EMP40380,2024-03-10,rail,547,0.041,22.4,internal_meeting
TR000653,BANK01,EMP23472,2024-11-27,car,208,0.171,35.6,training
TR000654,BANK01,EMP36897,2024-07-30,air_long,7559,0.15,1133.8,conference
TR000655,BANK01,EMP24441,2024-09-11,car,461,0.171,78.8,training
TR000656,BANK01,EMP32153,2024-11-29,rail,739,0.041,30.3,client_meeting
TR000657,BANK01,EMP31526,2024-04-28,rail,940,0.041,38.5,training
TR000658,BANK01,EMP05057,2024-03-17,air_short,1116,0.255,284.6,conference
TR000659,BANK01,EMP02384,2024-10-26,air_long,8507,0.15,1276.0,conference
TR000660,BANK01,EMP03078,2024-11-01,air_short,374,0.255,95.4,client_meeting
TR000661,BANK01,EMP22271,2024-06-08,air_long,8336,0.15,1250.4,internal_meeting
TR000662,BANK01,EMP26224,2024-03-07,air_short,496,0.255,126.5,conference
TR000663,BANK01,EMP20631,2024-04-02,rail,108,0.041,4.4,internal_meeting
TR000664,BANK01,EMP44992,2024-04-11,air_short,1426,0.255,363.6,client_meeting
TR000665,BANK01,EMP26008,2024-07-10,air_long,2793,0.15,418.9,conference
TR000666,BANK01,EMP41105,2024-09-29,rail,1016,0.041,41.7,conference
TR000667,BANK01,EMP06109,2024-04-19,rail,341,0.041,14.0,training
TR000668,BANK01,EMP26683,2024-05-18,air_short,600,0.255,153.0,internal_meeting
TR000669,BANK01,EMP20324,2024-10-21,air_short,1238,0.255,315.7,training
TR000670,BANK01,EMP44152,2024-12-17,rail,387,0.041,15.9,training
TR000671,BANK01,EMP32136,2024-12-10,air_short,955,0.255,243.5,training
TR000672,BANK01,EMP24512,2024-12-24,air_short,1142,0.255,291.2,audit
TR000673,BANK01,EMP32672,2024-06-24,car,788,0.171,134.7,training
TR000674,BANK01,EMP12275,2024-01-31,rail,748,0.041,30.7,training
TR000675,BANK01,EMP34696,2024-03-25,rail,761,0.041,31.2,internal_meeting
TR000676,BANK01,EMP15139,2024-01-11,air_short,502,0.255,128.0,internal_meeting
TR000677,BANK01,EMP46197,2024-05-22,rail,1113,0.041,45.6,training
TR000678,BANK01,EMP09535,2024-10-30,rail,566,0.041,23.2,training
TR000679,BANK01,EMP45432,2024-11-25,air_short,1235,0.255,314.9,training
TR000680,BANK01,EMP08486,2024-05-14,car,515,0.171,88.1,conference
TR000681,BANK01,EMP43352,2024-05-31,rail,1144,0.041,46.9,client_meeting
TR000682,BANK01,EMP43196,2024-02-08,rail,1022,0.041,41.9,client_meeting
TR000683,BANK01,EMP11387,2024-11-10,air_short,1472,0.255,375.4,audit
TR000684,BANK01,EMP41685,2024-05-12,air_short,1467,0.255,374.1,internal_meeting
TR000685,BANK01,EMP33157,2024-06-27,air_short,1329,0.255,338.9,audit
TR000686,BANK01,EMP33799,2024-10-30,air_long,8599,0.15,1289.8,client_meeting
TR000687,BANK01,EMP34655,2024-05-13,air_short,1044,0.255,266.2,internal_meeting
TR000688,BANK01,EMP07667,2024-11-29,air_short,1018,0.255,259.6,internal_meeting
TR000689,BANK01,EMP18038,2024-01-29,car,321,0.171,54.9,conference
TR000690,BANK01,EMP42750,2024-04-20,rail,141,0.041,5.8,client_meeting
TR000691,BANK01,EMP42498,2024-05-29,car,674,0.171,115.3,internal_meeting
TR000692,BANK01,EMP40592,2024-01-11,air_short,1221,0.255,311.4,conference
TR000693,BANK01,EMP04806,2024-11-22,air_short,552,0.255,140.8,client_meeting
TR000694,BANK01,EMP09974,2024-02-18,rail,731,0.041,30.0,audit
TR000695,BANK01,EMP33111,2024-10-25,air_short,824,0.255,210.1,internal_meeting
TR000696,BANK01,EMP24244,2024-01-15,rail,1098,0.041,45.0,conference
TR000697,BANK01,EMP26358,2024-03-07,air_short,1059,0.255,270.0,conference
TR000698,BANK01,EMP16736,2024-12-31,rail,928,0.041,38.0,internal_meeting
TR000699,BANK01,EMP32508,2024-11-06,air_short,985,0.255,251.2,audit
TR000700,BANK01,EMP40732,2024-11-24,air_short,1305,0.255,332.8,internal_meeting
TR000701,BANK01,EMP21549,2024-03-24,air_long,5585,0.15,837.8,internal_meeting
TR000702,BANK01,EMP37075,2024-02-25,rail,499,0.041,20.5,audit
TR000703,BANK01,EMP38420,2024-10-06,air_short,867,0.255,221.1,internal_meeting
TR000704,BANK01,EMP10852,2024-07-23,car,589,0.171,100.7,internal_meeting
TR000705,BANK01,EMP06859,2024-06-10,rail,958,0.041,39.3,audit
TR000706,BANK01,EMP29251,2024-10-05,rail,1086,0.041,44.5,conference
TR000707,BANK01,EMP12653,2024-04-14,car,279,0.171,47.7,client_meeting
TR000708,BANK01,EMP43591,2024-04-19,car,122,0.171,20.9,training
TR000709,BANK01,EMP40388,2024-08-04,rail,884,0.041,36.2,client_meeting
TR000710,BANK01,EMP07377,2024-01-11,car,195,0.171,33.3,client_meeting
TR000711,BANK01,EMP20165,2024-12-05,rail,1182,0.041,48.5,audit
TR000712,BANK01,EMP30413,2024-01-29,rail,1168,0.041,47.9,client_meeting
TR000713,BANK01,EMP42720,2024-01-28,air_short,556,0.255,141.8,conference
TR000714,BANK01,EMP25106,2024-11-02,air_short,305,0.255,77.8,internal_meeting
TR000715,BANK01,EMP32633,2024-05-26,air_short,1439,0.255,366.9,conference
TR000716,BANK01,EMP40044,2024-08-31,rail,1155,0.041,47.4,training
TR000717,BANK01,EMP43800,2024-05-13,air_short,457,0.255,116.5,internal_meeting
TR000718,BANK01,EMP21311,2024-08-16,air_long,8538,0.15,1280.7,audit
TR000719,BANK01,EMP42870,2024-11-07,air_short,498,0.255,127.0,training
TR000720,BANK01,EMP17706,2024-06-10,rail,869,0.041,35.6,audit
TR000721,BANK01,EMP13272,2024-10-10,car,735,0.171,125.7,training
TR000722,BANK01,EMP29279,2024-12-06,air_short,1476,0.255,376.4,client_meeting
TR000723,BANK01,EMP41692,2024-07-30,car,731,0.171,125.0,audit
TR000724,BANK01,EMP07197,2024-10-04,air_short,1210,0.255,308.6,internal_meeting
TR000725,BANK01,EMP05876,2024-11-30,air_short,542,0.255,138.2,audit
TR000726,BANK01,EMP37949,2024-02-23,air_long,1655,0.15,248.2,training
TR000727,BANK01,EMP40583,2024-07-27,air_short,1064,0.255,271.3,conference
TR000728,BANK01,EMP47181,2024-06-19,rail,119,0.041,4.9,client_meeting
TR000729,BANK01,EMP00067,2024-04-04,rail,103,0.041,4.2,conference
TR000730,BANK01,EMP19930,2024-08-24,rail,875,0.041,35.9,training
TR000731,BANK01,EMP47522,2024-03-12,air_long,4471,0.15,670.6,audit
TR000732,BANK01,EMP22123,2024-01-02,rail,271,0.041,11.1,conference
TR000733,BANK01,EMP15969,2024-01-28,air_long,7990,0.15,1198.5,audit
TR000734,BANK01,EMP20357,2024-12-25,rail,480,0.041,19.7,conference
TR000735,BANK01,EMP21917,2024-04-22,rail,300,0.041,12.3,conference
TR000736,BANK01,EMP10808,2024-10-05,air_short,325,0.255,82.9,audit
TR000737,BANK01,EMP41612,2024-08-01,air_short,1305,0.255,332.8,internal_meeting
TR000738,BANK01,EMP23044,2024-01-29,rail,873,0.041,35.8,conference
TR000739,BANK01,EMP26038,2024-11-05,air_short,403,0.255,102.8,client_meeting
TR000740,BANK01,EMP03841,2024-05-17,air_short,1241,0.255,316.5,client_meeting
TR000741,BANK01,EMP39898,2024-08-08,air_short,1475,0.255,376.1,internal_meeting
TR000742,BANK01,EMP02116,2024-10-17,air_short,1478,0.255,376.9,audit
TR000743,BANK01,EMP40363,2024-08-03,air_long,6001,0.15,900.1,client_meeting
TR000744,BANK01,EMP01206,2024-09-19,car,274,0.171,46.9,conference
TR000745,BANK01,EMP36909,2024-10-03,air_long,7333,0.15,1100.0,audit
TR000746,BANK01,EMP22821,2024-11-14,car,516,0.171,88.2,conference
TR000747,BANK01,EMP29295,2024-05-09,car,231,0.171,39.5,audit
TR000748,BANK01,EMP46730,2024-08-13,air_short,779,0.255,198.6,client_meeting
TR000749,BANK01,EMP23261,2024-01-09,car,654,0.171,111.8,client_meeting
TR000750,BANK01,EMP29644,2024-03-18,rail,542,0.041,22.2,client_meeting
TR000751,BANK01,EMP34203,2024-02-03,air_short,970,0.255,247.3,training
TR000752,BANK01,EMP19253,2024-07-26,air_short,626,0.255,159.6,training
TR000753,BANK01,EMP05226,2024-08-03,car,510,0.171,87.2,training
TR000754,BANK01,EMP14197,2024-12-04,air_short,870,0.255,221.8,client_meeting
TR000755,BANK01,EMP35304,2024-02-13,air_long,4844,0.15,726.6,internal_meeting
TR000756,BANK01,EMP47653,2024-02-08,air_short,428,0.255,109.1,internal_meeting
TR000757,BANK01,EMP18073,2024-08-13,air_long,8080,0.15,1212.0,audit
TR000758,BANK01,EMP39219,2024-05-14,air_short,1185,0.255,302.2,client_meeting
TR000759,BANK01,EMP39640,2024-04-24,rail,772,0.041,31.7,audit
TR000760,BANK01,EMP41024,2024-02-07,air_short,618,0.255,157.6,audit
TR000761,BANK01,EMP03562,2024-01-11,car,660,0.171,112.9,audit
TR000762,BANK01,EMP27706,2024-09-24,air_long,7055,0.15,1058.2,client_meeting
TR000763,BANK01,EMP41857,2024-08-06,car,489,0.171,83.6,conference
TR000764,BANK01,EMP09969,2024-11-07,air_short,1276,0.255,325.4,training
TR000765,BANK01,EMP36512,2024-01-16,air_short,304,0.255,77.5,training
TR000766,BANK01,EMP44456,2024-01-06,rail,414,0.041,17.0,training
TR000767,BANK01,EMP31731,2024-03-31,rail,760,0.041,31.2,training
TR000768,BANK01,EMP05474,2024-07-06,car,252,0.171,43.1,client_meeting
TR000769,BANK01,EMP29316,2024-06-26,rail,947,0.041,38.8,audit
TR000770,BANK01,EMP20324,2024-11-08,rail,411,0.041,16.9,training
TR000771,BANK01,EMP06590,2024-11-08,rail,640,0.041,26.2,training
TR000772,BANK01,EMP11872,2024-07-04,rail,1136,0.041,46.6,client_meeting
TR000773,BANK01,EMP26445,2024-04-28,rail,120,0.041,4.9,internal_meeting
TR000774,BANK01,EMP45703,2024-08-30,air_short,574,0.255,146.4,client_meeting
TR000775,BANK01,EMP33172,2024-03-29,air_long,4006,0.15,600.9,internal_meeting
TR000776,BANK01,EMP13010,2024-12-21,rail,859,0.041,35.2,training
TR000777,BANK01,EMP41523,2024-01-03,air_short,672,0.255,171.4,client_meeting
TR000778,BANK01,EMP18119,2024-02-21,air_short,994,0.255,253.5,training
TR000779,BANK01,EMP16281,2024-03-21,car,427,0.171,73.0,internal_meeting
TR000780,BANK01,EMP32439,2024-05-04,air_long,5630,0.15,844.5,client_meeting
TR000781,BANK01,EMP44659,2024-04-22,air_long,8183,0.15,1227.5,internal_meeting
TR000782,BANK01,EMP13404,2024-10-18,air_short,814,0.255,207.6,training
TR000783,BANK01,EMP28651,2024-03-25,rail,985,0.041,40.4,audit
TR000784,BANK01,EMP01246,2024-01-07,air_short,704,0.255,179.5,conference
TR000785,BANK01,EMP34289,2024-01-23,rail,767,0.041,31.4,training
TR000786,BANK01,EMP31186,2024-12-13,rail,699,0.041,28.7,audit
TR000787,BANK01,EMP34182,2024-08-13,air_short,1076,0.255,274.4,internal_meeting
TR000788,BANK01,EMP41291,2024-11-23,rail,976,0.041,40.0,training
TR000789,BANK01,EMP01276,2024-09-25,car,439,0.171,75.1,client_meeting
TR000790,BANK01,EMP09412,2024-04-13,air_long,2589,0.15,388.3,client_meeting
TR000791,BANK01,EMP05529,2024-07-08,car,115,0.171,19.7,internal_meeting
TR000792,BANK01,EMP19710,2024-02-18,car,270,0.171,46.2,training
TR000793,BANK01,EMP45742,2024-10-05,car,438,0.171,74.9,audit
TR000794,BANK01,EMP15491,2024-08-13,rail,1098,0.041,45.0,audit
TR000795,BANK01,EMP45240,2024-06-19,rail,1175,0.041,48.2,internal_meeting
TR000796,BANK01,EMP46168,2024-03-17,air_long,6278,0.15,941.7,internal_meeting
TR000797,BANK01,EMP45085,2024-07-05,car,513,0.171,87.7,internal_meeting
TR000798,BANK01,EMP18885,2024-06-19,rail,896,0.041,36.7,client_meeting
TR000799,BANK01,EMP10040,2024-01-07,air_short,971,0.255,247.6,audit
TR000800,BANK01,EMP16803,2024-12-12,car,467,0.171,79.9,training
TR000801,BANK01,EMP13743,2024-09-22,rail,891,0.041,36.5,client_meeting
TR000802,BANK01,EMP47769,2024-08-09,air_long,7052,0.15,1057.8,audit
TR000803,BANK01,EMP04866,2024-01-19,rail,638,0.041,26.2,conference
TR000804,BANK01,EMP09960,2024-11-11,rail,1162,0.041,47.6,internal_meeting
TR000805,BANK01,EMP24754,2024-01-08,air_short,598,0.255,152.5,training
TR000806,BANK01,EMP32465,2024-02-24,rail,864,0.041,35.4,client_meeting
TR000807,BANK01,EMP24682,2024-11-02,air_short,690,0.255,176.0,training
TR000808,BANK01,EMP41062,2024-01-18,rail,460,0.041,18.9,audit
TR000809,BANK01,EMP20913,2024-03-27,air_long,2100,0.15,315.0,audit
TR000810,BANK01,EMP35942,2024-09-20,air_long,7030,0.15,1054.5,audit
TR000811,BANK01,EMP00238,2024-08-23,car,143,0.171,24.5,client_meeting
TR000812,BANK01,EMP26232,2024-01-14,air_short,657,0.255,167.5,internal_meeting
TR000813,BANK01,EMP42609,2024-06-19,rail,160,0.041,6.6,audit
TR000814,BANK01,EMP31980,2024-03-09,rail,657,0.041,26.9,client_meeting
TR000815,BANK01,EMP27308,2024-04-18,car,557,0.171,95.2,audit
TR000816,BANK01,EMP38492,2024-02-08,rail,248,0.041,10.2,audit
TR000817,BANK01,EMP45773,2024-05-03,air_short,923,0.255,235.4,client_meeting
TR000818,BANK01,EMP24629,2024-09-19,rail,1099,0.041,45.1,training
TR000819,BANK01,EMP34447,2024-08-29,air_short,1437,0.255,366.4,training
TR000820,BANK01,EMP08064,2024-03-22,air_long,7344,0.15,1101.6,conference
TR000821,BANK01,EMP14235,2024-01-30,air_short,1202,0.255,306.5,internal_meeting
TR000822,BANK01,EMP34592,2024-02-28,rail,247,0.041,10.1,conference
TR000823,BANK01,EMP16024,2024-03-12,rail,463,0.041,19.0,conference
TR000824,BANK01,EMP34935,2024-06-11,car,131,0.171,22.4,audit
TR000825,BANK01,EMP17152,2024-02-29,rail,547,0.041,22.4,conference
TR000826,BANK01,EMP36257,2024-10-17,air_short,1228,0.255,313.1,client_meeting
TR000827,BANK01,EMP01220,2024-02-05,air_short,1004,0.255,256.0,conference
TR000828,BANK01,EMP14779,2024-07-22,rail,763,0.041,31.3,internal_meeting
TR000829,BANK01,EMP14112,2024-12-05,air_short,1412,0.255,360.1,conference
TR000830,BANK01,EMP20430,2024-01-03,car,661,0.171,113.0,client_meeting
TR000831,BANK01,EMP46172,2024-04-30,car,134,0.171,22.9,conference
TR000832,BANK01,EMP10271,2024-01-19,air_short,1253,0.255,319.5,training
TR000833,BANK01,EMP13416,2024-12-19,air_long,6017,0.15,902.5,training
TR000834,BANK01,EMP26362,2024-12-29,air_short,723,0.255,184.4,internal_meeting
TR000835,BANK01,EMP37762,2024-05-19,air_long,2058,0.15,308.7,conference
TR000836,BANK01,EMP43617,2024-02-08,car,421,0.171,72.0,training
TR000837,BANK01,EMP38777,2024-07-21,air_short,753,0.255,192.0,conference
TR000838,BANK01,EMP20277,2024-02-17,air_short,606,0.255,154.5,internal_meeting
TR000839,BANK01,EMP15500,2024-10-15,air_short,1159,0.255,295.5,client_meeting
TR000840,BANK01,EMP31492,2024-05-22,air_short,1086,0.255,276.9,internal_meeting
TR000841,BANK01,EMP01274,2024-12-25,air_short,507,0.255,129.3,client_meeting
TR000842,BANK01,EMP09281,2024-12-15,air_short,1431,0.255,364.9,conference
TR000843,BANK01,EMP34047,2024-05-03,air_long,2257,0.15,338.6,client_meeting
TR000844,BANK01,EMP37851,2024-05-10,air_short,1042,0.255,265.7,training
TR000845,BANK01,EMP18847,2024-11-25,car,447,0.171,76.4,internal_meeting
TR000846,BANK01,EMP14000,2024-03-27,air_short,1328,0.255,338.6,client_meeting
TR000847,BANK01,EMP39584,2024-01-04,air_short,1012,0.255,258.1,conference
TR000848,BANK01,EMP02120,2024-08-21,rail,1096,0.041,44.9,training
TR000849,BANK01,EMP31010,2024-11-20,air_short,1484,0.255,378.4,training
TR000850,BANK01,EMP42435,2024-03-22,rail,292,0.041,12.0,internal_meeting
TR000851,BANK01,EMP39591,2024-12-11,rail,681,0.041,27.9,conference
TR000852,BANK01,EMP00666,2024-03-13,air_short,1401,0.255,357.3,client_meeting
TR000853,BANK01,EMP14901,2024-07-15,air_short,1438,0.255,366.7,training
TR000854,BANK01,EMP16550,2024-05-29,air_short,1299,0.255,331.2,internal_meeting
TR000855,BANK01,EMP22094,2024-04-21,rail,996,0.041,40.8,client_meeting
TR000856,BANK01,EMP01005,2024-10-13,car,413,0.171,70.6,client_meeting
TR000857,BANK01,EMP30833,2024-04-10,air_short,337,0.255,85.9,training
TR000858,BANK01,EMP09110,2024-10-30,air_long,2607,0.15,391.1,training
TR000859,BANK01,EMP34126,2024-03-22,air_short,490,0.255,125.0,training
TR000860,BANK01,EMP28221,2024-12-06,air_short,1368,0.255,348.8,training
TR000861,BANK01,EMP00396,2024-08-13,air_long,8348,0.15,1252.2,training
TR000862,BANK01,EMP10972,2024-03-29,air_short,421,0.255,107.4,training
TR000863,BANK01,EMP43151,2024-02-11,air_short,961,0.255,245.1,internal_meeting
TR000864,BANK01,EMP12237,2024-10-06,air_short,491,0.255,125.2,client_meeting
TR000865,BANK01,EMP24247,2024-05-16,car,553,0.171,94.6,client_meeting
TR000866,BANK01,EMP36004,2024-05-17,air_short,806,0.255,205.5,audit
TR000867,BANK01,EMP13381,2024-04-18,air_short,532,0.255,135.7,audit
TR000868,BANK01,EMP27741,2024-11-29,rail,435,0.041,17.8,training
TR000869,BANK01,EMP18671,2024-07-16,air_long,2619,0.15,392.8,training
TR000870,BANK01,EMP36373,2024-07-01,rail,631,0.041,25.9,conference
TR000871,BANK01,EMP03800,2024-12-14,air_short,397,0.255,101.2,client_meeting
TR000872,BANK01,EMP30705,2024-01-08,rail,417,0.041,17.1,audit
TR000873,BANK01,EMP00543,2024-03-14,rail,984,0.041,40.3,audit
TR000874,BANK01,EMP15625,2024-09-27,air_short,985,0.255,251.2,internal_meeting
TR000875,BANK01,EMP12168,2024-12-10,air_short,983,0.255,250.7,audit
TR000876,BANK01,EMP08008,2024-10-15,rail,341,0.041,14.0,audit
TR000877,BANK01,EMP39632,2024-01-22,air_short,1014,0.255,258.6,training
TR000878,BANK01,EMP43958,2024-10-04,air_short,1186,0.255,302.4,internal_meeting
TR000879,BANK01,EMP01217,2024-02-23,rail,1179,0.041,48.3,conference
TR000880,BANK01,EMP09328,2024-12-22,rail,922,0.041,37.8,client_meeting
TR000881,BANK01,EMP00833,2024-09-07,rail,135,0.041,5.5,client_meeting
TR000882,BANK01,EMP19218,2024-06-05,rail,824,0.041,33.8,training
TR000883,BANK01,EMP07626,2024-06-07,car,655,0.171,112.0,internal_meeting
TR000884,BANK01,EMP42174,2024-06-05,air_long,5356,0.15,803.4,internal_meeting
TR000885,BANK01,EMP32463,2024-08-05,air_short,950,0.255,242.2,audit
TR000886,BANK01,EMP24716,2024-04-02,air_short,1245,0.255,317.5,conference
TR000887,BANK01,EMP14966,2024-09-07,air_short,1274,0.255,324.9,client_meeting
TR000888,BANK01,EMP26809,2024-07-26,air_short,461,0.255,117.6,training
TR000889,BANK01,EMP15308,2024-06-06,rail,228,0.041,9.3,internal_meeting
TR000890,BANK01,EMP15118,2024-03-17,air_short,1218,0.255,310.6,audit
TR000891,BANK01,EMP41489,2024-08-08,rail,275,0.041,11.3,client_meeting
TR000892,BANK01,EMP00488,2024-03-22,car,532,0.171,91.0,training
TR000893,BANK01,EMP16408,2024-12-04,air_short,786,0.255,200.4,internal_meeting
TR000894,BANK01,EMP04932,2024-09-26,air_long,1870,0.15,280.5,training
TR000895,BANK01,EMP31559,2024-03-02,air_short,453,0.255,115.5,conference
TR000896,BANK01,EMP07121,2024-05-26,rail,354,0.041,14.5,conference
TR000897,BANK01,EMP16734,2024-08-24,air_long,1706,0.15,255.9,audit
TR000898,BANK01,EMP07933,2024-05-23,air_long,7504,0.15,1125.6,training
TR000899,BANK01,EMP12714,2024-02-02,car,512,0.171,87.6,client_meeting
TR000900,BANK01,EMP11543,2024-07-26,rail,769,0.041,31.5,conference
TR000901,BANK01,EMP17599,2024-04-24,air_short,338,0.255,86.2,audit
TR000902,BANK01,EMP33234,2024-02-23,air_short,555,0.255,141.5,conference
TR000903,BANK01,EMP03096,2024-12-13,air_long,1580,0.15,237.0,training
TR000904,BANK01,EMP08511,2024-05-24,car,737,0.171,126.0,training
TR000905,BANK01,EMP28327,2024-02-03,car,224,0.171,38.3,conference
TR000906,BANK01,EMP28439,2024-04-13,air_short,1073,0.255,273.6,client_meeting
TR000907,BANK01,EMP05596,2024-04-07,air_short,699,0.255,178.2,conference
TR000908,BANK01,EMP00454,2024-06-05,car,582,0.171,99.5,training
TR000909,BANK01,EMP18166,2024-10-17,air_short,769,0.255,196.1,client_meeting
TR000910,BANK01,EMP16717,2024-10-24,rail,1103,0.041,45.2,internal_meeting
TR000911,BANK01,EMP06276,2024-04-14,rail,933,0.041,38.3,internal_meeting
TR000912,BANK01,EMP10576,2024-11-21,car,765,0.171,130.8,conference
TR000913,BANK01,EMP22634,2024-04-16,rail,253,0.041,10.4,audit
TR000914,BANK01,EMP11463,2024-02-15,air_short,1331,0.255,339.4,internal_meeting
TR000915,BANK01,EMP15632,2024-05-05,air_long,4843,0.15,726.4,audit
TR000916,BANK01,EMP26455,2024-01-07,air_short,1269,0.255,323.6,internal_meeting
TR000917,BANK01,EMP10477,2024-07-30,air_long,6397,0.15,959.5,training
TR000918,BANK01,EMP01985,2024-05-07,air_long,1531,0.15,229.7,audit
TR000919,BANK01,EMP34806,2024-09-18,air_short,1284,0.255,327.4,internal_meeting
TR000920,BANK01,EMP37181,2024-04-24,air_long,6429,0.15,964.3,client_meeting
TR000921,BANK01,EMP42353,2024-09-21,rail,476,0.041,19.5,client_meeting
TR000922,BANK01,EMP20756,2024-05-05,air_short,1471,0.255,375.1,conference
TR000923,BANK01,EMP28749,2024-03-26,rail,457,0.041,18.7,training
TR000924,BANK01,EMP28300,2024-12-10,rail,275,0.041,11.3,internal_meeting
TR000925,BANK01,EMP36212,2024-01-16,air_short,406,0.255,103.5,client_meeting
TR000926,BANK01,EMP05548,2024-05-21,rail,1106,0.041,45.3,client_meeting
TR000927,BANK01,EMP19324,2024-08-12,car,311,0.171,53.2,client_meeting
TR000928,BANK01,EMP08400,2024-05-25,car,479,0.171,81.9,audit
TR000929,BANK01,EMP14030,2024-08-17,air_long,4201,0.15,630.1,audit
TR000930,BANK01,EMP14508,2024-03-07,rail,243,0.041,10.0,conference
TR000931,BANK01,EMP40057,2024-11-28,air_long,1707,0.15,256.1,training
TR000932,BANK01,EMP23576,2024-08-30,rail,200,0.041,8.2,training
TR000933,BANK01,EMP14373,2024-07-31,air_short,1145,0.255,292.0,conference
TR000934,BANK01,EMP24349,2024-08-01,car,537,0.171,91.8,client_meeting
TR000935,BANK01,EMP22457,2024-09-03,car,276,0.171,47.2,conference
TR000936,BANK01,EMP36888,2024-03-11,air_long,8784,0.15,1317.6,audit
TR000937,BANK01,EMP04831,2024-10-01,air_short,994,0.255,253.5,audit
TR000938,BANK01,EMP35477,2024-10-16,car,369,0.171,63.1,internal_meeting
TR000939,BANK01,EMP17608,2024-05-16,air_short,1072,0.255,273.4,training
TR000940,BANK01,EMP41972,2024-02-01,air_short,1019,0.255,259.8,internal_meeting
TR000941,BANK01,EMP40492,2024-06-19,air_short,1281,0.255,326.7,audit
TR000942,BANK01,EMP47402,2024-01-02,rail,915,0.041,37.5,internal_meeting
TR000943,BANK01,EMP19121,2024-01-02,air_long,3206,0.15,480.9,internal_meeting
TR000944,BANK01,EMP14017,2024-09-08,car,361,0.171,61.7,training
TR000945,BANK01,EMP47917,2024-07-11,air_short,621,0.255,158.4,training
TR000946,BANK01,EMP06664,2024-11-10,air_short,546,0.255,139.2,audit
TR000947,BANK01,EMP32928,2024-04-15,air_long,8599,0.15,1289.8,audit
TR000948,BANK01,EMP19923,2024-01-17,rail,361,0.041,14.8,internal_meeting
TR000949,BANK01,EMP23526,2024-01-22,rail,695,0.041,28.5,client_meeting
TR000950,BANK01,EMP23914,2024-06-12,car,423,0.171,72.3,conference
TR000951,BANK01,EMP04669,2024-01-06,air_short,1074,0.255,273.9,conference
TR000952,BANK01,EMP03888,2024-06-21,rail,798,0.041,32.7,training
TR000953,BANK01,EMP03329,2024-10-19,air_long,7374,0.15,1106.1,conference
TR000954,BANK01,EMP07631,2024-07-27,air_short,358,0.255,91.3,client_meeting
TR000955,BANK01,EMP26600,2024-01-11,rail,1002,0.041,41.1,internal_meeting
TR000956,BANK01,EMP38658,2024-02-16,air_short,1067,0.255,272.1,audit
TR000957,BANK01,EMP29593,2024-06-17,air_short,736,0.255,187.7,conference
TR000958,BANK01,EMP25199,2024-10-11,air_short,1041,0.255,265.5,internal_meeting
TR000959,BANK01,EMP12738,2024-04-30,air_short,669,0.255,170.6,audit
TR000960,BANK01,EMP26232,2024-07-12,rail,991,0.041,40.6,client_meeting
TR000961,BANK01,EMP33917,2024-10-11,rail,1054,0.041,43.2,client_meeting
TR000962,BANK01,EMP27462,2024-04-24,air_short,892,0.255,227.5,training
TR000963,BANK01,EMP25582,2024-03-02,air_long,4233,0.15,634.9,audit
TR000964,BANK01,EMP10366,2024-12-01,car,218,0.171,37.3,audit
TR000965,BANK01,EMP14120,2024-02-05,air_short,345,0.255,88.0,internal_meeting
TR000966,BANK01,EMP28805,2024-11-06,air_short,704,0.255,179.5,audit
TR000967,BANK01,EMP26285,2024-07-17,rail,479,0.041,19.6,audit
TR000968,BANK01,EMP13746,2024-08-02,air_long,1970,0.15,295.5,training
TR000969,BANK01,EMP04831,2024-11-27,air_long,3122,0.15,468.3,training
TR000970,BANK01,EMP26145,2024-09-05,air_short,407,0.255,103.8,conference
TR000971,BANK01,EMP43020,2024-12-20,air_long,5486,0.15,822.9,internal_meeting
TR000972,BANK01,EMP14295,2024-08-27,rail,884,0.041,36.2,client_meeting
TR000973,BANK01,EMP38183,2024-03-01,rail,772,0.041,31.7,internal_meeting
TR000974,BANK01,EMP01568,2024-03-24,air_short,926,0.255,236.1,audit
TR000975,BANK01,EMP36689,2024-09-27,rail,710,0.041,29.1,internal_meeting
TR000976,BANK01,EMP15437,2024-12-11,air_long,4806,0.15,720.9,conference
TR000977,BANK01,EMP33175,2024-11-05,air_long,7779,0.15,1166.8,audit
TR000978,BANK01,EMP27780,2024-04-28,air_long,5754,0.15,863.1,audit
TR000979,BANK01,EMP38279,2024-01-20,car,381,0.171,65.2,audit
TR000980,BANK01,EMP17067,2024-08-26,air_short,408,0.255,104.0,training
TR000981,BANK01,EMP19672,2024-05-19,air_short,409,0.255,104.3,training
TR000982,BANK01,EMP03992,2024-11-04,rail,943,0.041,38.7,training
TR000983,BANK01,EMP03593,2024-08-21,air_short,634,0.255,161.7,training
TR000984,BANK01,EMP25024,2024-01-04,car,308,0.171,52.7,internal_meeting
TR000985,BANK01,EMP20588,2024-07-30,air_long,6078,0.15,911.7,audit
TR000986,BANK01,EMP42741,2024-11-27,car,623,0.171,106.5,training
TR000987,BANK01,EMP30782,2024-07-02,air_long,5260,0.15,789.0,client_meeting
TR000988,BANK01,EMP41152,2024-03-29,air_short,1479,0.255,377.1,training
TR000989,BANK01,EMP19955,2024-12-12,air_long,8360,0.15,1254.0,conference
TR000990,BANK01,EMP04395,2024-09-22,rail,1081,0.041,44.3,conference
TR000991,BANK01,EMP26946,2024-02-05,air_short,1132,0.255,288.7,conference
TR000992,BANK01,EMP35006,2024-03-02,car,262,0.171,44.8,internal_meeting
TR000993,BANK01,EMP19861,2024-12-16,air_short,705,0.255,179.8,audit
TR000994,BANK01,EMP25986,2024-07-06,air_long,1723,0.15,258.4,training
TR000995,BANK01,EMP25831,2024-06-01,rail,740,0.041,30.3,training
TR000996,BANK01,EMP42588,2024-06-21,car,626,0.171,107.0,training
TR000997,BANK01,EMP11167,2024-01-25,air_short,523,0.255,133.4,audit
TR000998,BANK01,EMP40354,2024-05-07,rail,461,0.041,18.9,training
TR000999,BANK01,EMP44179,2024-10-28,car,74,0.171,12.7,internal_meeting
TR001000,BANK01,EMP01697,2024-05-27,car,379,0.171,64.8,training
TR001001,BANK01,EMP02585,2024-01-20,air_long,6570,0.15,985.5,client_meeting
TR001002,BANK01,EMP08719,2024-06-02,rail,283,0.041,11.6,client_meeting
TR001003,BANK01,EMP33688,2024-12-19,car,384,0.171,65.7,training
TR001004,BANK01,EMP27345,2024-02-17,rail,966,0.041,39.6,internal_meeting
TR001005,BANK01,EMP14825,2024-05-02,air_long,7584,0.15,1137.6,training
TR001006,BANK01,EMP06140,2024-10-09,air_long,8909,0.15,1336.3,training
TR001007,BANK01,EMP05504,2024-07-31,air_short,956,0.255,243.8,internal_meeting
TR001008,BANK01,EMP04282,2024-01-08,car,338,0.171,57.8,internal_meeting
TR001009,BANK01,EMP43803,2024-04-02,air_short,928,0.255,236.6,conference
TR001010,BANK01,EMP28052,2024-07-08,air_long,3236,0.15,485.4,training
TR001011,BANK01,EMP35498,2024-05-23,air_short,430,0.255,109.7,conference
TR001012,BANK01,EMP44229,2024-01-27,air_long,5068,0.15,760.2,client_meeting
TR001013,BANK01,EMP33433,2024-11-04,car,772,0.171,132.0,client_meeting
TR001014,BANK01,EMP22260,2024-11-23,car,267,0.171,45.7,training
TR001015,BANK01,EMP34928,2024-12-08,car,178,0.171,30.4,conference
TR001016,BANK01,EMP16257,2024-09-16,rail,1146,0.041,47.0,training
TR001017,BANK01,EMP16048,2024-05-11,car,124,0.171,21.2,client_meeting
TR001018,BANK01,EMP20795,2024-01-10,air_long,6566,0.15,984.9,training
TR001019,BANK01,EMP17068,2024-01-27,rail,383,0.041,15.7,training
TR001020,BANK01,EMP46689,2024-06-28,rail,651,0.041,26.7,client_meeting
TR001021,BANK01,EMP41113,2024-11-26,air_short,1122,0.255,286.1,conference
TR001022,BANK01,EMP41890,2024-08-13,air_short,1014,0.255,258.6,internal_meeting
TR001023,BANK01,EMP35072,2024-05-19,air_short,302,0.255,77.0,conference
TR001024,BANK01,EMP01077,2024-12-18,air_short,812,0.255,207.1,training
TR001025,BANK01,EMP13809,2024-02-25,air_short,334,0.255,85.2,audit
TR001026,BANK01,EMP00990,2024-06-24,air_short,397,0.255,101.2,internal_meeting
TR001027,BANK01,EMP47916,2024-11-19,rail,656,0.041,26.9,internal_meeting
TR001028,BANK01,EMP01646,2024-06-18,car,195,0.171,33.3,training
TR001029,BANK01,EMP25073,2024-03-16,rail,809,0.041,33.2,audit
TR001030,BANK01,EMP29005,2024-10-06,air_short,1319,0.255,336.3,internal_meeting
TR001031,BANK01,EMP38041,2024-05-28,car,666,0.171,113.9,internal_meeting
TR001032,BANK01,EMP35357,2024-09-15,air_short,1484,0.255,378.4,audit
TR001033,BANK01,EMP12243,2024-09-28,air_short,1211,0.255,308.8,client_meeting
TR001034,BANK01,EMP47582,2024-09-17,rail,1087,0.041,44.6,internal_meeting
TR001035,BANK01,EMP04666,2024-10-14,rail,124,0.041,5.1,audit
TR001036,BANK01,EMP26491,2024-11-21,rail,1170,0.041,48.0,client_meeting
TR001037,BANK01,EMP43865,2024-06-12,car,211,0.171,36.1,conference
TR001038,BANK01,EMP29328,2024-02-20,rail,528,0.041,21.6,audit
TR001039,BANK01,EMP29623,2024-06-17,rail,830,0.041,34.0,client_meeting
TR001040,BANK01,EMP08662,2024-01-18,rail,165,0.041,6.8,conference
TR001041,BANK01,EMP38367,2024-01-25,air_short,559,0.255,142.5,conference
TR001042,BANK01,EMP26143,2024-05-12,car,697,0.171,119.2,audit
TR001043,BANK01,EMP09768,2024-06-01,air_short,1313,0.255,334.8,training
TR001044,BANK01,EMP41645,2024-02-21,car,291,0.171,49.8,audit
TR001045,BANK01,EMP04429,2024-04-02,air_long,6847,0.15,1027.0,client_meeting
TR001046,BANK01,EMP44639,2024-11-28,rail,468,0.041,19.2,client_meeting
TR001047,BANK01,EMP41853,2024-07-19,rail,987,0.041,40.5,conference
TR001048,BANK01,EMP32029,2024-12-21,rail,235,0.041,9.6,audit
TR001049,BANK01,EMP24031,2024-03-10,air_short,674,0.255,171.9,client_meeting
TR001050,BANK01,EMP42692,2024-01-03,air_long,7108,0.15,1066.2,client_meeting
TR001051,BANK01,EMP11697,2024-02-16,rail,1174,0.041,48.1,training
TR001052,BANK01,EMP19347,2024-02-05,air_short,1464,0.255,373.3,conference
TR001053,BANK01,EMP24759,2024-01-13,car,613,0.171,104.8,training
TR001054,BANK01,EMP09195,2024-04-18,air_short,781,0.255,199.2,internal_meeting
TR001055,BANK01,EMP31077,2024-02-29,car,337,0.171,57.6,client_meeting
TR001056,BANK01,EMP42199,2024-05-01,air_long,2002,0.15,300.3,conference
TR001057,BANK01,EMP16754,2024-03-03,car,124,0.171,21.2,audit
TR001058,BANK01,EMP01667,2024-09-14,air_short,422,0.255,107.6,training
TR001059,BANK01,EMP06864,2024-12-01,air_long,7398,0.15,1109.7,client_meeting
TR001060,BANK01,EMP30472,2024-11-22,air_long,7786,0.15,1167.9,conference
TR001061,BANK01,EMP23899,2024-08-18,rail,858,0.041,35.2,audit
TR001062,BANK01,EMP41185,2024-08-24,air_short,761,0.255,194.1,training
TR001063,BANK01,EMP05448,2024-01-11,rail,1101,0.041,45.1,audit
TR001064,BANK01,EMP34686,2024-05-24,rail,545,0.041,22.3,audit
TR001065,BANK01,EMP02817,2024-10-02,rail,432,0.041,17.7,client_meeting
TR001066,BANK01,EMP01626,2024-05-15,air_short,738,0.255,188.2,audit
TR001067,BANK01,EMP00141,2024-01-13,rail,1048,0.041,43.0,internal_meeting
TR001068,BANK01,EMP29274,2024-06-26,air_long,4363,0.15,654.4,internal_meeting
TR001069,BANK01,EMP05857,2024-08-05,rail,695,0.041,28.5,internal_meeting
TR001070,BANK01,EMP09245,2024-11-20,air_long,2160,0.15,324.0,internal_meeting
TR001071,BANK01,EMP31110,2024-03-30,air_short,1014,0.255,258.6,conference
TR001072,BANK01,EMP03469,2024-05-12,car,607,0.171,103.8,audit
TR001073,BANK01,EMP28131,2024-12-21,car,780,0.171,133.4,client_meeting
TR001074,BANK01,EMP19959,2024-12-25,air_short,1052,0.255,268.3,internal_meeting
TR001075,BANK01,EMP08315,2024-02-17,air_short,952,0.255,242.8,client_meeting
TR001076,BANK01,EMP06928,2024-01-01,air_short,519,0.255,132.3,audit
TR001077,BANK01,EMP28110,2024-04-29,air_long,8471,0.15,1270.6,training
TR001078,BANK01,EMP13237,2024-11-30,air_short,983,0.255,250.7,conference
TR001079,BANK01,EMP35005,2024-07-29,air_short,325,0.255,82.9,audit
TR001080,BANK01,EMP19060,2024-08-30,rail,729,0.041,29.9,internal_meeting
TR001081,BANK01,EMP41668,2024-08-26,air_short,936,0.255,238.7,training
TR001082,BANK01,EMP29115,2024-07-13,car,520,0.171,88.9,audit
TR001083,BANK01,EMP31614,2024-04-23,rail,1106,0.041,45.3,audit
TR001084,BANK01,EMP14717,2024-03-23,air_long,6632,0.15,994.8,internal_meeting
TR001085,BANK01,EMP47481,2024-01-09,rail,642,0.041,26.3,audit
TR001086,BANK01,EMP05026,2024-06-28,air_short,426,0.255,108.6,client_meeting
TR001087,BANK01,EMP14654,2024-01-30,rail,555,0.041,22.8,training
TR001088,BANK01,EMP38733,2024-08-02,air_long,2736,0.15,410.4,client_meeting
TR001089,BANK01,EMP44875,2024-11-18,rail,805,0.041,33.0,internal_meeting
TR001090,BANK01,EMP25792,2024-03-05,air_short,1334,0.255,340.2,audit
TR001091,BANK01,EMP33349,2024-02-14,rail,479,0.041,19.6,training
TR001092,BANK01,EMP12650,2024-01-14,rail,209,0.041,8.6,audit
TR001093,BANK01,EMP17240,2024-04-12,air_long,2186,0.15,327.9,training
TR001094,BANK01,EMP28516,2024-09-27,rail,611,0.041,25.1,client_meeting
TR001095,BANK01,EMP41222,2024-05-07,rail,1007,0.041,41.3,training
TR001096,BANK01,EMP46127,2024-08-05,air_long,8890,0.15,1333.5,conference
TR001097,BANK01,EMP19021,2024-05-03,air_long,8059,0.15,1208.8,client_meeting
TR001098,BANK01,EMP39499,2024-11-23,rail,717,0.041,29.4,internal_meeting
TR001099,BANK01,EMP31656,2024-01-13,air_short,1381,0.255,352.2,audit
TR001100,BANK01,EMP27567,2024-12-10,rail,787,0.041,32.3,internal_meeting
TR001101,BANK01,EMP17355,2024-09-26,rail,739,0.041,30.3,internal_meeting
TR001102,BANK01,EMP06690,2024-04-05,air_long,5405,0.15,810.8,training
TR001103,BANK01,EMP26374,2024-04-24,air_long,6991,0.15,1048.6,training
TR001104,BANK01,EMP17121,2024-08-27,air_short,513,0.255,130.8,conference
TR001105,BANK01,EMP26276,2024-11-08,air_short,672,0.255,171.4,conference
TR001106,BANK01,EMP38845,2024-04-01,air_long,7746,0.15,1161.9,client_meeting
TR001107,BANK01,EMP24351,2024-12-18,air_long,5279,0.15,791.9,internal_meeting
TR001108,BANK01,EMP29772,2024-01-15,rail,633,0.041,26.0,training
TR001109,BANK01,EMP44758,2024-06-19,air_short,347,0.255,88.5,audit
TR001110,BANK01,EMP35041,2024-08-23,car,369,0.171,63.1,audit
TR001111,BANK01,EMP11718,2024-08-21,air_short,762,0.255,194.3,conference
TR001112,BANK01,EMP22948,2024-11-06,air_short,1397,0.255,356.2,training
TR001113,BANK01,EMP18805,2024-10-04,air_long,3598,0.15,539.7,audit
TR001114,BANK01,EMP16274,2024-06-07,air_short,331,0.255,84.4,client_meeting
TR001115,BANK01,EMP17174,2024-02-20,air_long,4051,0.15,607.6,client_meeting
TR001116,BANK01,EMP42869,2024-02-21,rail,323,0.041,13.2,training
TR001117,BANK01,EMP42001,2024-12-04,rail,555,0.041,22.8,client_meeting
TR001118,BANK01,EMP34065,2024-05-08,rail,581,0.041,23.8,training
TR001119,BANK01,EMP30061,2024-08-31,rail,302,0.041,12.4,client_meeting
TR001120,BANK01,EMP25243,2024-11-27,air_short,1206,0.255,307.5,audit
TR001121,BANK01,EMP06299,2024-12-14,car,654,0.171,111.8,conference
TR001122,BANK01,EMP34483,2024-01-02,air_short,1298,0.255,331.0,internal_meeting
TR001123,BANK01,EMP37105,2024-11-21,air_short,1401,0.255,357.3,client_meeting
TR001124,BANK01,EMP40483,2024-07-18,car,669,0.171,114.4,training
TR001125,BANK01,EMP37031,2024-05-05,rail,416,0.041,17.1,conference
TR001126,BANK01,EMP20906,2024-10-11,air_long,2538,0.15,380.7,conference
TR001127,BANK01,EMP36054,2024-07-16,car,293,0.171,50.1,training
TR001128,BANK01,EMP00535,2024-07-05,air_long,1858,0.15,278.7,audit
TR001129,BANK01,EMP33519,2024-01-07,air_long,8569,0.15,1285.3,client_meeting
TR001130,BANK01,EMP29889,2024-10-02,rail,780,0.041,32.0,internal_meeting
TR001131,BANK01,EMP41264,2024-03-23,rail,1172,0.041,48.1,internal_meeting
TR001132,BANK01,EMP04025,2024-10-04,air_short,690,0.255,176.0,client_meeting
TR001133,BANK01,EMP13440,2024-12-28,car,220,0.171,37.6,audit
TR001134,BANK01,EMP17637,2024-02-05,air_long,2870,0.15,430.5,training
TR001135,BANK01,EMP00171,2024-12-13,car,506,0.171,86.5,internal_meeting
TR001136,BANK01,EMP38952,2024-06-06,air_long,6576,0.15,986.4,internal_meeting
TR001137,BANK01,EMP15579,2024-06-05,rail,780,0.041,32.0,audit
TR001138,BANK01,EMP42927,2024-05-17,air_short,1099,0.255,280.2,audit
TR001139,BANK01,EMP15713,2024-07-03,air_short,481,0.255,122.7,training
TR001140,BANK01,EMP33782,2024-11-28,car,202,0.171,34.5,internal_meeting
TR001141,BANK01,EMP06387,2024-08-10,air_short,741,0.255,189.0,client_meeting
TR001142,BANK01,EMP31998,2024-07-06,rail,757,0.041,31.0,internal_meeting
TR001143,BANK01,EMP17818,2024-10-26,air_short,606,0.255,154.5,audit
TR001144,BANK01,EMP28089,2024-08-27,rail,709,0.041,29.1,audit
TR001145,BANK01,EMP30422,2024-11-01,air_short,621,0.255,158.4,audit
TR001146,BANK01,EMP35482,2024-02-11,rail,772,0.041,31.7,client_meeting
TR001147,BANK01,EMP18322,2024-06-21,rail,431,0.041,17.7,audit
TR001148,BANK01,EMP02891,2024-10-22,air_short,1290,0.255,328.9,internal_meeting
TR001149,BANK01,EMP22715,2024-10-03,air_long,8965,0.15,1344.8,client_meeting
TR001150,BANK01,EMP03658,2024-10-12,car,71,0.171,12.1,client_meeting
TR001151,BANK01,EMP13784,2024-12-02,air_short,342,0.255,87.2,training
TR001152,BANK01,EMP22535,2024-12-23,air_long,6887,0.15,1033.0,training
TR001153,BANK01,EMP45061,2024-10-07,car,769,0.171,131.5,training
TR001154,BANK01,EMP45519,2024-11-30,air_long,1511,0.15,226.7,audit
TR001155,BANK01,EMP46119,2024-04-05,air_short,732,0.255,186.7,training
TR001156,BANK01,EMP02437,2024-01-03,rail,1090,0.041,44.7,internal_meeting
TR001157,BANK01,EMP42656,2024-08-17,car,452,0.171,77.3,internal_meeting
TR001158,BANK01,EMP40731,2024-07-03,air_short,851,0.255,217.0,conference
TR001159,BANK01,EMP31406,2024-09-05,rail,688,0.041,28.2,training
TR001160,BANK01,EMP34828,2024-04-18,air_long,8855,0.15,1328.2,training
TR001161,BANK01,EMP06193,2024-12-11,air_long,6441,0.15,966.1,client_meeting
TR001162,BANK01,EMP30160,2024-06-06,air_short,1155,0.255,294.5,client_meeting
TR001163,BANK01,EMP44431,2024-03-19,air_long,8785,0.15,1317.8,internal_meeting
TR001164,BANK01,EMP29930,2024-05-07,air_short,947,0.255,241.5,internal_meeting
TR001165,BANK01,EMP31469,2024-07-12,car,563,0.171,96.3,training
TR001166,BANK01,EMP09096,2024-06-18,car,405,0.171,69.3,audit
TR001167,BANK01,EMP47496,2024-08-06,air_long,4647,0.15,697.0,conference
TR001168,BANK01,EMP43113,2024-07-24,air_short,1325,0.255,337.9,training
TR001169,BANK01,EMP02947,2024-01-27,car,279,0.171,47.7,client_meeting
TR001170,BANK01,EMP17369,2024-06-23,air_short,1021,0.255,260.4,internal_meeting
TR001171,BANK01,EMP08929,2024-10-26,air_short,1210,0.255,308.6,training
TR001172,BANK01,EMP00397,2024-05-26,rail,689,0.041,28.2,client_meeting
TR001173,BANK01,EMP43671,2024-07-16,rail,172,0.041,7.1,internal_meeting
TR001174,BANK01,EMP21946,2024-11-28,rail,975,0.041,40.0,client_meeting
TR001175,BANK01,EMP07906,2024-04-11,car,713,0.171,121.9,audit
TR001176,BANK01,EMP36953,2024-05-23,rail,813,0.041,33.3,internal_meeting
TR001177,BANK01,EMP42447,2024-03-18,air_short,1374,0.255,350.4,training
TR001178,BANK01,EMP05710,2024-02-11,air_short,1242,0.255,316.7,audit
TR001179,BANK01,EMP45688,2024-08-23,air_short,521,0.255,132.9,training
TR001180,BANK01,EMP35751,2024-11-15,car,320,0.171,54.7,client_meeting
TR001181,BANK01,EMP06512,2024-05-12,car,499,0.171,85.3,internal_meeting
TR001182,BANK01,EMP16574,2024-11-05,rail,655,0.041,26.9,internal_meeting
TR001183,BANK01,EMP45695,2024-09-21,car,449,0.171,76.8,audit
TR001184,BANK01,EMP41410,2024-02-16,rail,266,0.041,10.9,audit
TR001185,BANK01,EMP20735,2024-09-25,rail,728,0.041,29.8,client_meeting
TR001186,BANK01,EMP20845,2024-03-24,air_long,2165,0.15,324.8,client_meeting
TR001187,BANK01,EMP01816,2024-06-13,car,705,0.171,120.6,internal_meeting
TR001188,BANK01,EMP20877,2024-12-22,rail,140,0.041,5.7,conference
TR001189,BANK01,EMP22021,2024-11-14,air_short,586,0.255,149.4,training
TR001190,BANK01,EMP37047,2024-02-18,air_long,4968,0.15,745.2,internal_meeting
TR001191,BANK01,EMP33976,2024-05-03,air_long,3360,0.15,504.0,conference
TR001192,BANK01,EMP45206,2024-05-03,car,761,0.171,130.1,training
TR001193,BANK01,EMP17149,2024-06-16,rail,450,0.041,18.4,audit
TR001194,BANK01,EMP33839,2024-01-29,rail,857,0.041,35.1,internal_meeting
TR001195,BANK01,EMP06661,2024-07-15,air_short,953,0.255,243.0,internal_meeting
TR001196,BANK01,EMP06730,2024-05-24,rail,525,0.041,21.5,audit
TR001197,BANK01,EMP45930,2024-01-29,air_short,1143,0.255,291.5,internal_meeting
TR001198,BANK01,EMP34385,2024-02-08,air_short,1251,0.255,319.0,client_meeting
TR001199,BANK01,EMP15232,2024-05-31,car,447,0.171,76.4,training
TR001200,BANK01,EMP11893,2024-11-28,air_short,873,0.255,222.6,conference
