collateral_id,exposure_id,bank_id,counterparty_id,collateral_type,property_type,country,market_value_meur,ltv_pct,epc_rating,year_built,floor_area_sqm,valuation_date,physical_risk_score,market_value_at_origination_meur,building_emissions_tco2e,postcode,flood_zone_class,exposure_amount_meur
COL00001,EXP000001,BANK01,CP00001,real_estate,retail,ES,11.08,47.9,C,2013,17395,2023-08-08,3,12.12,428.79,49469,high,5.31
COL00002,EXP000002,BANK01,CP00001,real_estate,office,IT,12.93,47.5,E,1998,5591,2023-07-23,2,10.41,517.06,45550,medium,6.14
COL00003,EXP000003,BANK01,CP00002,real_estate,logistics,PL,25.13,49.9,C,2015,11822,2024-12-10,3,20.16,1306.33,48411,high,12.53
COL00004,EXP000011,BANK01,CP00006,real_estate,warehouse,IT,4.4,53.9,E,2000,664,2023-06-04,4,3.6,61.41,10036,very_high,2.37
COL00005,EXP000013,BANK01,CP00006,real_estate,mixed_use,IT,4.39,46.0,C,1960,14963,2023-05-09,3,3.78,691.89,81880,high,2.02
COL00006,EXP000018,BANK01,CP00009,real_estate,industrial,NL,10.42,59.6,E,1981,19891,2024-01-22,2,9.68,2028.88,1429 EV,medium,6.21
COL00007,EXP000020,BANK01,CP00010,real_estate,logistics,DE,23.9,55.0,B,2006,730,2023-11-06,4,20.57,27.74,75664,very_high,13.14
COL00008,EXP000021,BANK01,CP00011,real_estate,logistics,PL,4.64,57.1,F,2012,13647,2023-12-27,2,3.89,3991.75,30321,medium,2.65
COL00009,EXP000022,BANK01,CP00011,real_estate,mixed_use,LU,3.33,62.5,D,2018,14237,2024-01-18,2,3.91,320.33,47031,medium,2.08
COL00010,EXP000028,BANK01,CP00016,real_estate,mixed_use,BE,1052.0,52.8,C,1996,23206,2024-09-27,5,954.77,670.65,58658,very_high,555.54
COL00011,EXP000030,BANK01,CP00017,real_estate,mixed_use,BE,183.6,71.8,A,2012,3597,2024-05-23,3,242.73,30.57,39458,high,131.76
COL00012,EXP000033,BANK01,CP00019,real_estate,warehouse,DE,7.33,54.8,D,1997,13983,2023-08-05,2,5.81,1328.38,56960,medium,4.02
COL00013,EXP000034,BANK01,CP00019,real_estate,industrial,LU,8.14,48.3,C,2004,15402,2024-02-27,5,6.45,235.65,42798,very_high,3.93
COL00014,EXP000040,BANK01,CP00022,real_estate,mixed_use,FR,4.79,66.6,G,1993,10272,2024-02-29,3,5.63,320.49,49143,high,3.19
COL00015,EXP000042,BANK01,CP00022,real_estate,office,FR,3.68,76.1,F,2007,17205,2024-09-06,2,4.4,402.6,21293,medium,2.8
COL00016,EXP000043,BANK01,CP00022,real_estate,residential_multi,PL,1.93,65.8,D,1984,20393,2024-10-21,2,2.33,3313.86,82997,medium,1.27
COL00017,EXP000044,BANK01,CP00023,real_estate,residential_multi,BE,347.33,70.6,F,1982,13409,2023-11-22,3,358.61,1025.79,62401,high,245.29
COL00018,EXP000045,BANK01,CP00024,real_estate,mixed_use,DE,15.41,70.7,B,2010,20755,2023-09-24,4,23.26,788.69,19290,very_high,10.9
COL00019,EXP000047,BANK01,CP00025,real_estate,office,ES,6.37,72.2,C,1979,1111,2024-09-24,3,6.97,27.39,40434,high,4.6
COL00020,EXP000049,BANK01,CP00027,real_estate,logistics,PL,8.86,51.0,C,2005,6313,2023-09-03,3,7.62,697.59,70939,high,4.52
COL00021,EXP000050,BANK01,CP00027,real_estate,mixed_use,IE,9.63,65.7,B,2008,8735,2024-11-06,1,9.3,253.31,71844,low,6.33
COL00022,EXP000054,BANK01,CP00030,real_estate,office,NL,2323.48,53.3,B,1973,3835,2024-04-15,5,2548.44,115.05,6166 ND,very_high,1239.49
COL00023,EXP000060,BANK01,CP00031,real_estate,retail,DE,1908.36,47.5,B,2023,12042,2023-08-01,2,1454.16,457.6,96313,medium,906.52
COL00024,EXP000061,BANK01,CP00032,real_estate,office,BE,3.02,57.6,A,1986,22722,2024-03-05,2,2.83,193.14,47548,medium,1.74
COL00025,EXP000063,BANK01,CP00032,real_estate,mixed_use,IT,3.03,69.3,F,1982,21815,2024-08-03,3,3.6,2670.16,92710,high,2.1
COL00026,EXP000065,BANK01,CP00034,real_estate,retail,NL,29.28,57.6,C,1960,5390,2024-06-18,3,28.83,274.89,9054 HS,high,16.87
COL00027,EXP000069,BANK01,CP00036,real_estate,office,AT,71.8,56.6,A,1987,12156,2023-04-28,4,63.07,66.86,87598,very_high,40.65
COL00028,EXP000070,BANK01,CP00037,real_estate,office,LU,51.49,51.2,B,1994,9167,2024-05-08,2,50.93,82.5,72562,medium,26.34
COL00029,EXP000071,BANK01,CP00037,real_estate,logistics,AT,25.48,63.9,E,2023,14488,2024-06-08,5,28.29,541.85,89561,very_high,16.28
COL00030,EXP000074,BANK01,CP00039,real_estate,mixed_use,FR,12.65,47.7,B,2010,3571,2024-08-20,4,11.8,18.57,60615,very_high,6.03
COL00031,EXP000078,BANK01,CP00040,real_estate,logistics,FI,1240.19,57.5,B,2014,19740,2023-10-06,4,1263.7,493.5,67816,very_high,713.14
COL00032,EXP000081,BANK01,CP00042,real_estate,retail,PT,66.17,47.4,D,2017,5680,2023-02-04,5,48.87,355.0,39783,very_high,31.39
COL00033,EXP000082,BANK01,CP00042,real_estate,warehouse,BE,51.41,48.9,C,2005,13251,2023-01-31,1,41.71,382.95,28511,low,25.15
COL00034,EXP000084,BANK01,CP00043,real_estate,industrial,BE,0.64,73.4,B,2007,4952,2023-11-18,1,0.77,84.18,83183,low,0.47
COL00035,EXP000085,BANK01,CP00044,real_estate,retail,NL,66.5,67.0,A,2001,7823,2024-07-29,1,72.06,117.34,8852 GW,low,44.56
COL00036,EXP000086,BANK01,CP00044,real_estate,industrial,FR,224.99,71.8,B,1969,19007,2024-10-23,3,231.49,98.84,23369,high,161.56
COL00037,EXP000089,BANK01,CP00045,real_estate,industrial,ES,16.89,74.4,C,1965,9192,2024-03-07,1,23.2,226.58,43388,low,12.56
COL00038,EXP000091,BANK01,CP00046,real_estate,warehouse,NL,10.06,60.8,D,1996,784,2024-10-21,4,8.92,58.8,8772 ZC,very_high,6.12
COL00039,EXP000093,BANK01,CP00047,real_estate,industrial,IT,9.42,48.6,C,1965,11255,2024-10-22,1,6.67,520.43,57683,low,4.58
COL00040,EXP000094,BANK01,CP00047,real_estate,residential_multi,FR,6.4,51.2,E,2004,13318,2023-03-23,3,5.23,235.46,49553,high,3.28
COL00041,EXP000095,BANK01,CP00048,real_estate,residential_multi,PL,1.8,63.9,D,2023,21207,2023-05-05,4,1.62,3446.14,21429,very_high,1.15
COL00042,EXP000098,BANK01,CP00048,real_estate,mixed_use,DE,1.9,76.3,B,2001,22731,2024-03-22,2,2.01,863.78,34999,medium,1.45
COL00043,EXP000099,BANK01,CP00049,real_estate,mixed_use,FI,2.64,61.4,E,1960,22752,2023-02-23,2,2.33,1933.92,23049,medium,1.62
COL00044,EXP000101,BANK01,CP00049,real_estate,office,BE,3.04,65.1,G,2008,9044,2024-12-16,2,2.88,922.49,44985,medium,1.98
COL00045,EXP000103,BANK01,CP00051,real_estate,industrial,FR,21.13,63.0,C,2012,21070,2024-04-02,3,25.68,186.26,84702,high,13.31
COL00046,EXP000104,BANK01,CP00051,real_estate,residential_multi,PL,24.22,52.8,B,2001,24148,2024-05-09,2,17.86,1569.62,34770,medium,12.78
COL00047,EXP000106,BANK01,CP00053,real_estate,office,PT,4.71,61.8,C,1991,21809,2024-10-24,3,4.79,926.88,22763,high,2.91
COL00048,EXP000107,BANK01,CP00054,real_estate,residential_multi,DE,9.48,73.8,A,1987,15540,2024-01-30,2,11.0,295.26,24507,medium,7.0
COL00049,EXP000109,BANK01,CP00055,real_estate,warehouse,ES,1301.26,50.4,B,2000,10417,2024-12-26,3,1084.84,151.05,17447,high,655.4
COL00050,EXP000111,BANK01,CP00057,real_estate,industrial,IT,7.26,66.8,D,2017,20531,2024-06-09,2,9.38,1396.11,95721,medium,4.85
COL00051,EXP000113,BANK01,CP00058,real_estate,residential_multi,IT,146.1,69.1,A,1973,5026,2024-04-17,4,170.06,68.35,29056,very_high,100.91
COL00052,EXP000118,BANK01,CP00059,real_estate,industrial,ES,650.79,64.9,F,2017,11732,2023-09-29,1,640.24,765.51,43768,low,422.57
COL00053,EXP000123,BANK01,CP00063,real_estate,residential_multi,ES,19.62,57.1,B,1966,14661,2023-10-07,2,17.65,212.58,19909,medium,11.2
COL00054,EXP000124,BANK01,CP00063,real_estate,residential_multi,FR,20.51,67.8,C,1982,19665,2023-10-10,3,22.06,173.84,72085,high,13.91
COL00055,EXP000125,BANK01,CP00064,real_estate,logistics,FR,885.89,74.4,C,1974,7395,2023-04-28,1,945.58,65.37,27047,low,658.71
COL00056,EXP000126,BANK01,CP00064,real_estate,office,FR,515.41,56.2,C,2011,13042,2024-02-07,1,532.07,115.29,04735,low,289.73
COL00057,EXP000130,BANK01,CP00066,real_estate,mixed_use,BE,293.47,67.4,B,1996,24247,2023-01-04,1,307.83,412.2,85782,low,197.86
COL00058,EXP000131,BANK01,CP00066,real_estate,residential_multi,PT,295.8,50.9,E,1990,5778,2023-11-19,3,210.22,491.13,63356,high,150.52
COL00059,EXP000133,BANK01,CP00067,real_estate,residential_multi,DE,8.72,70.1,C,2020,14222,2023-12-09,1,9.28,918.74,50354,low,6.11
COL00060,EXP000137,BANK01,CP00069,real_estate,office,PL,287.65,54.5,E,1960,16200,2023-09-11,3,241.77,3580.2,82968,high,156.79
COL00061,EXP000138,BANK01,CP00069,real_estate,logistics,PT,1392.13,45.6,A,1981,24939,2023-05-31,4,1097.22,311.74,92811,very_high,635.28
COL00062,EXP000139,BANK01,CP00069,real_estate,retail,AT,1025.97,58.6,E,1992,21938,2024-05-13,2,953.49,820.48,81006,medium,600.91
COL00063,EXP000140,BANK01,CP00070,real_estate,retail,FI,1715.05,51.6,E,2021,3894,2023-10-04,3,1293.86,330.99,68380,high,884.44
COL00064,EXP000144,BANK01,CP00072,real_estate,mixed_use,PL,1800.86,66.7,G,2005,16512,2023-02-01,2,2568.91,6439.68,48640,medium,1201.99
COL00065,EXP000147,BANK01,CP00073,real_estate,industrial,IT,51.68,47.0,E,1973,9175,2024-10-03,3,41.67,848.5,03201,high,24.28
COL00066,EXP000149,BANK01,CP00074,real_estate,warehouse,LU,10.45,68.6,G,2004,11052,2024-02-05,3,11.57,596.81,71176,high,7.17
COL00067,EXP000153,BANK01,CP00075,real_estate,warehouse,IT,320.2,56.6,B,1975,14403,2024-04-10,3,332.07,391.76,74440,high,181.1
COL00068,EXP000155,BANK01,CP00077,real_estate,office,BE,26.8,57.2,B,2019,22512,2023-06-03,3,26.46,382.7,48466,high,15.32
COL00069,EXP000156,BANK01,CP00077,real_estate,industrial,IT,34.86,63.6,D,1997,710,2024-04-09,1,36.16,48.28,77590,low,22.16
COL00070,EXP000157,BANK01,CP00077,real_estate,office,DE,74.47,57.5,D,2005,21835,2023-01-01,1,59.51,2074.32,55017,low,42.81
COL00071,EXP000158,BANK01,CP00078,real_estate,mixed_use,BE,1.66,48.2,F,1979,3018,2024-12-31,2,1.21,230.88,71913,medium,0.8
COL00072,EXP000161,BANK01,CP00080,real_estate,office,DE,582.29,64.0,D,2005,8350,2024-11-25,3,544.3,793.25,93754,high,372.85
COL00073,EXP000163,BANK01,CP00081,real_estate,office,LU,90.4,47.5,G,1999,5878,2024-07-31,3,71.2,317.41,28442,high,42.97
COL00074,EXP000168,BANK01,CP00084,real_estate,retail,NL,1422.48,70.3,E,1998,10194,2023-03-29,2,1474.29,1039.79,1562 KH,medium,1000.25
COL00075,EXP000170,BANK01,CP00085,real_estate,mixed_use,ES,12.34,47.9,B,1977,17454,2024-03-28,3,10.32,253.08,29195,high,5.91
COL00076,EXP000171,BANK01,CP00086,real_estate,retail,IT,60.44,58.1,D,2013,13643,2024-04-17,1,58.65,927.72,78181,low,35.11
COL00077,EXP000174,BANK01,CP00086,real_estate,warehouse,IE,175.56,47.3,E,2007,4370,2024-09-27,3,145.87,430.88,82362,high,82.96
COL00078,EXP000178,BANK01,CP00088,real_estate,residential_multi,BE,272.25,70.8,E,2019,17174,2024-04-16,4,268.34,992.66,74118,very_high,192.63
COL00079,EXP000179,BANK01,CP00088,real_estate,logistics,NL,688.26,71.6,C,1997,18728,2024-05-08,3,843.12,955.13,3290 DT,high,492.9
COL00080,EXP000181,BANK01,CP00089,real_estate,warehouse,DE,101.1,50.9,D,1986,17116,2023-05-28,3,83.83,1626.02,88890,high,51.44
COL00081,EXP000184,BANK02,CP00092,real_estate,logistics,IT,583.03,48.4,F,1999,23764,2023-01-07,4,460.18,2908.71,00939,very_high,282.06
COL00082,EXP000186,BANK02,CP00093,real_estate,industrial,DE,12.96,54.2,A,1972,8300,2023-07-29,1,11.06,157.7,72800,low,7.03
COL00083,EXP000191,BANK02,CP00095,real_estate,residential_multi,DE,27.16,74.1,D,2011,16050,2023-07-08,4,34.69,1524.75,16937,very_high,20.12
COL00084,EXP000195,BANK02,CP00097,real_estate,logistics,BE,30.75,59.0,E,1975,14367,2023-05-30,3,31.29,830.41,99996,high,18.14
COL00085,EXP000197,BANK02,CP00098,real_estate,logistics,ES,109.23,65.9,E,1985,15802,2024-05-06,2,138.47,779.04,45173,medium,72.02
COL00086,EXP000201,BANK02,CP00100,real_estate,residential_multi,IE,2.67,60.7,D,2019,13860,2024-03-11,1,2.67,1004.85,88042,low,1.62
COL00087,EXP000202,BANK02,CP00101,real_estate,residential_multi,IT,1049.1,76.3,B,2016,1596,2023-12-30,5,1630.27,43.41,04755,very_high,800.89
COL00088,EXP000204,BANK02,CP00101,real_estate,retail,FR,352.51,76.4,E,1986,11630,2024-12-24,3,487.82,205.62,28281,high,269.46
COL00089,EXP000205,BANK02,CP00102,real_estate,industrial,AT,50.44,61.9,B,2003,15256,2023-05-24,2,45.34,167.82,36097,medium,31.2
COL00090,EXP000211,BANK02,CP00106,real_estate,mixed_use,IT,14.46,53.2,C,2020,20052,2024-11-05,2,13.33,927.2,12708,medium,7.69
COL00091,EXP000215,BANK02,CP00109,real_estate,retail,IT,1.94,70.6,D,2004,19352,2024-09-24,4,2.32,1315.94,03383,very_high,1.37
COL00092,EXP000219,BANK02,CP00112,real_estate,logistics,DE,322.03,69.3,A,1973,16565,2024-11-26,3,429.5,314.74,57041,high,223.13
COL00093,EXP000226,BANK02,CP00117,real_estate,industrial,IT,10.01,51.1,F,2013,2309,2023-03-05,3,9.38,282.62,01945,high,5.12
COL00094,EXP000230,BANK02,CP00120,real_estate,office,IT,716.67,58.9,E,1963,5903,2023-11-25,1,644.2,545.91,88397,low,422.22
COL00095,EXP000234,BANK02,CP00122,real_estate,logistics,FR,71.53,55.1,B,1992,16292,2024-03-24,3,76.63,84.72,25570,high,39.38
COL00096,EXP000235,BANK02,CP00122,real_estate,residential_multi,IE,59.39,49.2,E,1984,3018,2024-08-19,1,38.5,297.57,70444,low,29.22
COL00097,EXP000237,BANK02,CP00123,real_estate,industrial,IT,17.61,47.5,A,2012,18821,2024-07-13,4,13.21,255.97,08112,very_high,8.37
COL00098,EXP000239,BANK02,CP00124,real_estate,logistics,ES,20.9,53.3,D,1986,18889,2024-04-30,3,18.64,684.73,22446,high,11.13
COL00099,EXP000241,BANK02,CP00126,real_estate,mixed_use,DE,75.97,70.2,F,2014,20695,2024-01-21,4,81.99,3538.84,67251,very_high,53.35
COL00100,EXP000248,BANK02,CP00129,real_estate,office,FR,1137.21,71.1,D,2002,938,2023-08-18,4,1440.03,12.19,15950,very_high,808.75
COL00101,EXP000249,BANK02,CP00129,real_estate,residential_multi,DE,1764.06,51.7,E,1980,9639,2023-03-18,3,1623.49,1245.36,51923,high,912.63
COL00102,EXP000250,BANK02,CP00130,real_estate,warehouse,IT,5.97,57.1,D,1967,18089,2024-12-15,4,5.48,1230.05,77824,very_high,3.41
COL00103,EXP000257,BANK02,CP00133,real_estate,industrial,IE,359.17,62.5,C,1977,6892,2024-07-14,4,354.31,339.78,88976,very_high,224.33
COL00104,EXP000258,BANK02,CP00133,real_estate,office,DE,430.3,66.1,E,1964,11532,2023-03-14,5,508.51,1489.93,19294,very_high,284.58
COL00105,EXP000267,BANK02,CP00136,real_estate,industrial,DE,103.98,64.8,D,1964,16472,2024-06-03,2,106.87,1564.84,87346,medium,67.37
COL00106,EXP000268,BANK02,CP00136,real_estate,mixed_use,PL,68.47,48.4,C,1962,2013,2023-01-27,4,62.04,222.44,97446,very_high,33.16
COL00107,EXP000271,BANK02,CP00137,real_estate,logistics,DE,5.27,52.2,F,2021,1908,2024-02-01,4,5.09,326.27,58762,very_high,2.75
COL00108,EXP000273,BANK02,CP00138,real_estate,industrial,DE,49.56,71.2,C,2007,11727,2023-07-18,2,67.74,757.56,24840,medium,35.3
COL00109,EXP000276,BANK02,CP00139,real_estate,office,AT,13.46,66.5,B,1965,688,2023-09-13,4,18.15,7.57,89717,very_high,8.95
COL00110,EXP000278,BANK02,CP00140,real_estate,industrial,IT,443.44,64.3,B,1991,9781,2023-05-13,3,442.59,266.04,70041,high,285.29
COL00111,EXP000280,BANK02,CP00141,real_estate,office,LU,145.8,73.1,B,1986,16417,2024-12-23,3,240.86,147.75,73940,high,106.52
COL00112,EXP000281,BANK02,CP00141,real_estate,industrial,IT,227.45,58.9,F,2006,18268,2023-10-27,4,198.48,2236.0,35586,very_high,133.86
COL00113,EXP000282,BANK02,CP00142,real_estate,retail,ES,119.07,51.9,F,1966,11558,2024-02-25,3,135.78,754.16,44477,high,61.76
COL00114,EXP000285,BANK02,CP00144,real_estate,industrial,ES,1522.88,48.6,B,1999,24510,2024-07-20,2,1345.05,355.39,33028,medium,740.24
COL00115,EXP000286,BANK02,CP00144,real_estate,industrial,FR,579.65,75.1,E,2016,21496,2024-04-09,5,759.28,380.05,40707,very_high,435.08
COL00116,EXP000287,BANK02,CP00145,real_estate,retail,IT,694.99,64.5,E,1970,2156,2023-10-13,4,675.32,199.39,66911,very_high,448.33
COL00117,EXP000288,BANK02,CP00146,real_estate,residential_multi,DE,2.83,60.8,A,1986,12629,2023-07-08,3,2.77,239.95,73272,high,1.72
COL00118,EXP000289,BANK02,CP00146,real_estate,office,IT,0.97,55.7,D,1963,20147,2023-12-11,5,0.86,1370.0,65359,very_high,0.54
COL00119,EXP000298,BANK02,CP00150,real_estate,residential_multi,IE,799.81,48.1,E,1967,3778,2024-07-20,2,665.15,372.51,38590,medium,384.68
COL00120,EXP000309,BANK02,CP00154,real_estate,warehouse,FR,28.91,50.2,D,2008,15513,2023-09-01,1,30.33,201.67,06473,low,14.51
COL00121,EXP000311,BANK02,CP00154,real_estate,retail,FR,16.57,72.6,E,1997,11260,2024-08-07,2,18.41,199.08,95996,medium,12.03
COL00122,EXP000314,BANK02,CP00156,real_estate,mixed_use,IE,2396.3,53.0,D,1961,4273,2023-11-11,3,2070.72,309.79,19189,high,1269.41
COL00123,EXP000318,BANK02,CP00159,real_estate,industrial,DE,106.25,58.8,C,1961,15484,2023-02-07,5,95.5,1000.27,16005,very_high,62.52
COL00124,EXP000320,BANK02,CP00160,real_estate,industrial,NL,1412.18,60.0,E,1970,9258,2024-09-16,3,1516.07,944.32,9442 WY,high,846.76
COL00125,EXP000323,BANK03,CP00162,real_estate,mixed_use,FI,84.39,64.6,C,1976,7652,2024-10-07,2,105.98,325.21,22940,medium,54.5
COL00126,EXP000328,BANK03,CP00167,real_estate,industrial,FI,1.84,52.2,D,2000,1574,2024-07-20,3,2.02,98.38,25848,high,0.96
COL00127,EXP000329,BANK03,CP00168,real_estate,retail,DE,15.0,45.9,E,2005,17909,2023-02-15,3,12.4,2313.84,51194,high,6.89
COL00128,EXP000330,BANK03,CP00169,real_estate,residential_multi,DE,458.17,71.3,A,1986,10875,2024-08-07,2,461.65,206.62,27121,medium,326.83
COL00129,EXP000332,BANK03,CP00169,real_estate,retail,IT,819.57,70.0,D,2006,11176,2024-02-22,4,1187.49,759.97,04690,very_high,573.62
COL00130,EXP000334,BANK03,CP00170,real_estate,retail,FR,51.96,53.8,G,1965,9731,2023-06-03,5,42.76,303.61,07416,very_high,27.94
COL00131,EXP000336,BANK03,CP00171,real_estate,mixed_use,AT,1340.49,63.2,D,2004,7240,2024-01-23,4,1170.96,199.1,18098,very_high,847.45
COL00132,EXP000337,BANK03,CP00171,real_estate,residential_multi,BE,1266.95,50.3,E,1969,7559,2024-08-01,3,941.13,436.91,37110,high,637.83
COL00133,EXP000339,BANK03,CP00172,real_estate,logistics,FI,297.14,71.0,C,1966,20093,2024-04-28,3,374.53,853.95,23380,high,210.87
COL00134,EXP000341,BANK03,CP00173,real_estate,industrial,IT,803.72,48.7,C,1991,10970,2023-09-06,4,684.94,507.25,12371,very_high,391.6
COL00135,EXP000346,BANK03,CP00176,real_estate,office,ES,73.18,52.0,C,2012,12058,2023-03-23,2,62.85,297.23,13009,medium,38.04
COL00136,EXP000351,BANK03,CP00179,real_estate,logistics,FR,27.86,57.6,F,2013,7728,2024-08-06,4,24.78,180.84,74257,very_high,16.05
COL00137,EXP000355,BANK03,CP00180,real_estate,logistics,DE,1803.67,54.8,F,1993,9600,2023-12-16,2,1863.53,1641.6,42614,medium,987.62
COL00138,EXP000357,BANK03,CP00181,real_estate,industrial,BE,1864.27,55.0,C,1985,6095,2024-04-09,1,1451.69,176.15,98709,low,1025.22
COL00139,EXP000358,BANK03,CP00182,real_estate,warehouse,ES,269.29,51.5,C,1972,4341,2023-02-04,4,264.65,107.01,02861,very_high,138.79
COL00140,EXP000359,BANK03,CP00182,real_estate,office,FI,614.32,70.5,B,2009,14039,2023-12-29,1,794.34,350.98,43079,low,432.88
COL00141,EXP000363,BANK03,CP00185,real_estate,retail,FI,1953.99,47.4,C,1973,23864,2023-02-16,1,1898.11,1014.22,59685,low,927.08
COL00142,EXP000373,BANK03,CP00191,real_estate,logistics,FR,11.35,70.4,E,1970,5189,2023-01-08,3,14.73,91.74,76479,high,7.99
COL00143,EXP000374,BANK03,CP00191,real_estate,residential_multi,FR,10.55,62.9,D,1995,3375,2023-08-26,2,9.56,43.88,36658,medium,6.64
COL00144,EXP000375,BANK03,CP00192,real_estate,warehouse,PT,15.1,54.9,D,2014,9547,2023-11-27,2,12.64,596.69,76232,medium,8.29
COL00145,EXP000381,BANK03,CP00194,real_estate,logistics,ES,32.16,67.1,G,2000,3459,2023-12-22,2,39.3,300.93,46157,medium,21.59
COL00146,EXP000382,BANK03,CP00195,real_estate,residential_multi,FR,3.15,66.7,C,1993,20062,2023-04-19,5,3.46,177.35,22766,very_high,2.1
COL00147,EXP000389,BANK03,CP00198,real_estate,mixed_use,FR,5.26,56.8,B,1965,17889,2024-07-04,4,4.17,93.02,48782,very_high,2.99
COL00148,EXP000393,BANK03,CP00199,real_estate,office,FR,414.22,61.3,E,2014,24189,2024-03-31,3,417.83,427.66,19580,high,253.72
COL00149,EXP000397,BANK03,CP00201,real_estate,logistics,DE,1.51,47.0,B,2015,16362,2023-09-27,1,1.32,621.76,25282,low,0.71
COL00150,EXP000399,BANK03,CP00202,real_estate,logistics,IT,306.99,71.2,C,1970,24588,2023-08-16,3,323.59,1136.95,03172,high,218.53
COL00151,EXP000400,BANK03,CP00202,real_estate,retail,AT,202.41,58.5,D,1969,23360,2024-12-05,2,170.81,642.4,31640,medium,118.5
COL00152,EXP000403,BANK03,CP00204,real_estate,mixed_use,FR,1233.89,56.5,F,1964,20991,2024-10-04,1,1022.37,491.19,49698,low,697.44
COL00153,EXP000404,BANK03,CP00204,real_estate,industrial,FR,512.11,52.5,C,1979,16076,2023-07-11,3,535.13,142.11,82681,high,268.68
COL00154,EXP000405,BANK03,CP00205,real_estate,office,FI,312.09,46.4,B,1987,304,2024-03-20,1,204.43,7.6,55227,low,144.77
COL00155,EXP000409,BANK03,CP00207,real_estate,residential_multi,NL,13.57,52.1,B,1990,21096,2023-12-24,3,10.55,632.88,3419 AJ,high,7.07
COL00156,EXP000411,BANK03,CP00208,real_estate,industrial,BE,69.26,47.9,C,2022,20844,2024-02-06,3,63.6,602.39,52533,high,33.18
COL00157,EXP000414,BANK03,CP00210,real_estate,industrial,FI,2.28,71.5,C,1996,13949,2024-04-02,2,2.61,592.83,92880,medium,1.63
COL00158,EXP000416,BANK03,CP00210,real_estate,retail,IT,2.43,52.7,C,2010,23295,2023-05-12,4,1.94,1077.16,67556,very_high,1.28
COL00159,EXP000417,BANK03,CP00211,real_estate,residential_multi,BE,97.24,54.3,E,1963,9733,2023-10-02,3,88.74,562.57,47736,high,52.82
COL00160,EXP000426,BANK03,CP00214,real_estate,retail,IT,307.54,52.4,E,2016,14132,2024-02-13,2,259.16,1306.93,33512,medium,161.23
COL00161,EXP000428,BANK03,CP00214,real_estate,industrial,PT,674.78,62.3,D,1999,14868,2024-02-24,2,653.48,929.25,66063,medium,420.2
COL00162,EXP000433,BANK03,CP00217,real_estate,office,NL,82.2,46.4,E,2002,4434,2024-09-11,3,63.96,452.27,5325 LS,high,38.18
COL00163,EXP000435,BANK03,CP00218,real_estate,mixed_use,LU,234.61,51.7,C,1968,21660,2023-02-20,3,218.06,331.4,78058,high,121.29
COL00164,EXP000437,BANK03,CP00218,real_estate,industrial,IT,347.88,48.7,B,1989,9708,2023-06-15,5,329.12,264.06,88307,very_high,169.34
COL00165,EXP000439,BANK03,CP00220,real_estate,logistics,DE,2.06,65.5,B,1962,24943,2024-06-23,1,2.09,947.83,66242,low,1.35
COL00166,EXP000440,BANK04,CP00221,real_estate,industrial,DE,7.49,64.4,B,1991,1306,2023-10-06,3,8.44,49.63,23470,high,4.82
COL00167,EXP000442,BANK04,CP00222,real_estate,mixed_use,FR,30.7,50.8,B,1970,2707,2023-03-17,3,26.51,14.08,18926,high,15.61
COL00168,EXP000446,BANK04,CP00224,real_estate,warehouse,FR,111.97,54.2,C,2010,6566,2024-09-12,4,100.16,58.04,15165,very_high,60.71
COL00169,EXP000448,BANK04,CP00225,real_estate,retail,FR,18.06,64.7,C,1993,21697,2024-08-13,3,23.25,191.8,80783,high,11.68
COL00170,EXP000449,BANK04,CP00225,real_estate,residential_multi,ES,26.57,55.4,A,1991,12730,2023-01-18,5,23.64,92.29,24527,very_high,14.72
COL00171,EXP000458,BANK04,CP00229,real_estate,office,FR,1.84,60.3,B,2007,15823,2024-07-30,1,1.83,82.28,56646,low,1.11
COL00172,EXP000459,BANK04,CP00230,real_estate,logistics,DE,68.11,45.9,A,1981,7005,2024-05-16,3,46.71,133.09,55506,high,31.27
COL00173,EXP000461,BANK04,CP00230,real_estate,mixed_use,AT,26.34,57.9,B,1989,2131,2024-05-20,2,25.41,23.44,52469,medium,15.26
COL00174,EXP000464,BANK04,CP00232,real_estate,industrial,BE,2.57,75.1,B,2012,382,2023-10-02,3,3.69,6.49,34302,high,1.93
COL00175,EXP000467,BANK04,CP00233,real_estate,logistics,ES,1042.61,66.1,A,2021,17056,2024-07-22,4,1005.42,123.66,51339,very_high,689.48
COL00176,EXP000469,BANK04,CP00234,real_estate,logistics,DE,133.19,73.0,A,1961,5511,2024-06-16,3,192.48,104.71,19891,high,97.24
COL00177,EXP000470,BANK04,CP00235,real_estate,office,IT,115.84,74.9,B,1981,20718,2024-06-21,3,137.59,563.53,05792,high,86.76
COL00178,EXP000473,BANK04,CP00237,real_estate,retail,PL,9.46,71.1,B,1994,17320,2023-11-27,3,10.01,1125.8,64673,high,6.73
COL00179,EXP000475,BANK04,CP00238,real_estate,industrial,BE,48.62,64.0,C,2007,17219,2024-09-11,2,48.48,497.63,91975,medium,31.14
COL00180,EXP000476,BANK04,CP00239,real_estate,logistics,PT,9.76,51.3,F,1977,5581,2024-06-20,3,10.78,627.86,60668,high,5.01
COL00181,EXP000478,BANK04,CP00241,real_estate,industrial,DE,53.54,69.7,A,1960,10418,2024-12-19,2,57.61,197.94,28568,medium,37.3
COL00182,EXP000480,BANK04,CP00241,real_estate,office,NL,88.43,53.7,A,1968,11683,2024-10-13,3,93.48,175.25,4385 LM,high,47.48
COL00183,EXP000481,BANK04,CP00241,real_estate,industrial,PT,30.23,64.6,C,2014,19351,2023-11-10,2,29.32,822.42,23889,medium,19.54
COL00184,EXP000490,BANK04,CP00249,real_estate,office,FR,675.1,51.1,B,1993,18670,2023-04-15,1,641.09,97.08,21567,low,344.86
COL00185,EXP000491,BANK04,CP00249,real_estate,residential_multi,IE,209.69,62.6,C,1995,24358,2024-09-22,3,173.58,1200.85,20869,high,131.29
COL00186,EXP000493,BANK04,CP00250,real_estate,mixed_use,FR,95.69,66.3,A,1978,4896,2023-06-18,3,91.76,12.73,52643,high,63.43
COL00187,EXP000495,BANK04,CP00250,real_estate,office,IE,98.21,70.3,A,2014,21985,2024-04-28,2,109.26,318.78,27248,medium,69.0
COL00188,EXP000497,BANK04,CP00251,real_estate,warehouse,IE,23.24,60.5,A,2020,11832,2023-11-16,4,21.8,171.56,28918,very_high,14.05
COL00189,EXP000498,BANK04,CP00251,real_estate,warehouse,PL,37.04,48.6,A,1995,23509,2023-05-27,4,25.98,764.04,20332,very_high,18.0
COL00190,EXP000500,BANK04,CP00252,real_estate,logistics,FI,264.74,71.0,D,2004,6033,2023-01-26,4,312.58,377.06,57628,very_high,188.0
COL00191,EXP000503,BANK04,CP00254,real_estate,warehouse,PL,128.74,55.4,B,1984,12732,2024-01-19,2,154.4,827.58,84412,medium,71.37
COL00192,EXP000505,BANK05,CP00256,real_estate,warehouse,NL,132.55,67.8,D,2002,3283,2024-01-13,5,132.98,246.22,6617 VB,very_high,89.84
COL00193,EXP000506,BANK05,CP00257,real_estate,retail,FR,93.02,75.2,A,2021,13251,2023-02-14,5,115.34,34.45,83920,very_high,69.93
COL00194,EXP000509,BANK05,CP00258,real_estate,warehouse,FI,5.8,49.0,B,2020,20108,2024-10-09,3,4.51,502.7,90680,high,2.84
COL00195,EXP000510,BANK05,CP00259,real_estate,logistics,IE,3.54,50.6,F,1964,12308,2023-01-30,3,3.08,1606.19,85856,high,1.79
COL00196,EXP000521,BANK05,CP00263,real_estate,office,PT,6.36,59.6,F,1967,14728,2024-10-14,3,6.3,1656.9,92272,high,3.79
COL00197,EXP000522,BANK05,CP00263,real_estate,retail,FR,2.25,45.8,F,1962,11100,2024-11-19,4,1.59,259.74,45538,very_high,1.03
COL00198,EXP000526,BANK05,CP00265,real_estate,warehouse,IT,14.74,51.3,E,1961,21974,2024-02-17,3,10.33,2032.16,68772,high,7.56
COL00199,EXP000528,BANK05,CP00266,real_estate,mixed_use,AT,11.63,57.1,C,1970,5855,2024-03-30,1,11.87,109.49,18850,low,6.64
COL00200,EXP000532,BANK05,CP00267,real_estate,mixed_use,DE,6.0,48.7,E,1995,18568,2023-12-26,1,4.39,2398.99,30179,low,2.92
COL00201,EXP000533,BANK05,CP00267,real_estate,office,ES,6.1,55.2,F,1974,3167,2023-07-06,3,6.95,206.65,26979,high,3.37
COL00202,EXP000534,BANK05,CP00268,real_estate,office,IE,19.94,50.3,E,1987,21104,2024-01-19,3,21.26,2080.85,60256,high,10.02
COL00203,EXP000540,BANK05,CP00270,real_estate,mixed_use,AT,690.53,67.9,E,1976,10374,2023-02-24,2,684.79,387.99,57692,medium,469.12
COL00204,EXP000542,BANK05,CP00271,real_estate,warehouse,FR,1.31,63.4,D,1984,9139,2023-07-24,2,1.25,118.81,34708,medium,0.83
COL00205,EXP000543,BANK05,CP00272,real_estate,retail,IT,36.28,72.3,E,2006,11631,2024-10-19,3,36.37,1075.63,04105,high,26.23
COL00206,EXP000547,BANK05,CP00273,real_estate,warehouse,NL,591.48,60.7,G,1986,23209,2024-03-20,2,577.92,4177.62,9727 TM,medium,359.1
COL00207,EXP000551,BANK05,CP00275,real_estate,warehouse,AT,271.07,55.7,E,1994,3173,2024-06-09,4,239.78,118.67,78874,very_high,150.89
COL00208,EXP000554,BANK05,CP00276,real_estate,office,ES,163.41,47.0,E,1983,15771,2023-05-24,3,117.99,777.51,50249,high,76.73
COL00209,EXP000555,BANK05,CP00276,real_estate,logistics,DE,426.16,54.7,E,1973,20826,2024-01-03,4,347.53,2690.72,49085,very_high,232.93
COL00210,EXP000556,BANK05,CP00277,real_estate,retail,FI,4.63,62.4,D,1983,11931,2023-11-10,2,4.26,745.69,74513,medium,2.89
COL00211,EXP000557,BANK05,CP00277,real_estate,residential_multi,ES,8.17,49.3,F,2015,24151,2024-02-13,3,6.28,1575.85,39551,high,4.03
COL00212,EXP000559,BANK05,CP00278,real_estate,warehouse,BE,9.4,62.3,F,1998,1514,2023-08-28,4,9.77,115.82,75038,very_high,5.86
COL00213,EXP000562,BANK05,CP00281,real_estate,mixed_use,NL,14.73,64.8,D,1963,5574,2024-06-08,2,15.03,418.05,2182 SW,medium,9.55
COL00214,EXP000563,BANK05,CP00282,real_estate,logistics,FR,552.4,46.5,E,1977,4456,2024-11-10,2,489.14,78.78,10661,medium,257.1
COL00215,EXP000569,BANK05,CP00283,real_estate,mixed_use,IT,1.37,62.0,F,2018,227,2024-11-05,1,1.76,27.78,75914,low,0.85
COL00216,EXP000572,BANK05,CP00286,real_estate,industrial,ES,118.25,48.3,B,1991,5250,2024-12-02,3,96.17,76.12,40804,high,57.07
COL00217,EXP000574,BANK05,CP00286,real_estate,office,BE,96.67,58.0,C,1987,15676,2024-11-15,2,92.57,453.04,97561,medium,56.08
COL00218,EXP000575,BANK05,CP00286,real_estate,office,IT,55.43,60.7,C,1977,13303,2023-12-01,4,53.85,615.13,05876,very_high,33.62
COL00219,EXP000580,BANK05,CP00290,real_estate,office,BE,12.37,62.0,D,1963,7464,2024-09-15,2,13.09,317.22,14184,medium,7.67
COL00220,EXP000583,BANK05,CP00291,real_estate,warehouse,NL,2.37,48.9,D,2010,2731,2024-10-23,2,2.0,204.82,8704 JX,medium,1.16
COL00221,EXP000584,BANK05,CP00291,real_estate,retail,IT,3.05,59.0,B,1983,14149,2023-06-04,2,3.2,384.85,27457,medium,1.8
COL00222,EXP000585,BANK05,CP00292,real_estate,office,PL,1132.71,65.1,F,1982,5558,2024-02-12,3,1229.33,1625.71,44531,high,737.96
COL00223,EXP000587,BANK05,CP00293,real_estate,logistics,BE,208.83,51.0,B,2011,600,2023-06-14,2,158.89,10.2,61433,medium,106.58
COL00224,EXP000592,BANK05,CP00295,real_estate,residential_multi,BE,5.42,53.0,D,2014,1986,2023-11-07,3,4.7,84.41,56228,high,2.87
COL00225,EXP000594,BANK05,CP00296,real_estate,residential_multi,IE,21.81,57.1,F,2002,17731,2024-01-09,1,24.03,2313.9,81352,low,12.45
COL00226,EXP000597,BANK05,CP00298,real_estate,mixed_use,BE,1.55,60.6,D,1979,427,2023-12-12,5,1.43,18.15,94618,very_high,0.94
COL00227,EXP000600,BANK05,CP00299,real_estate,warehouse,ES,6.18,51.1,E,1966,15429,2023-10-16,1,5.41,760.65,21474,low,3.16
COL00228,EXP000602,BANK05,CP00300,real_estate,warehouse,FR,4.14,52.2,B,2003,22318,2023-10-31,4,3.28,116.05,78437,very_high,2.16
