physical_risk_id,counterparty_id,bank_id,hazard_type,country,acute_risk_score,chronic_risk_score,assessment_horizon,scenario_basis,data_source,hazard_category,exposure_amount_meur,high_risk_flag,financial_impact_meur,portfolio_pct,nace_code
PR000001,CP00001,BANK01,drought,DE,2,5,2030,RCP_4.5,ECB_climate_indicators,chronic,11.45,True,0.84,0.037,F42
PR000002,CP00002,BANK01,flood,AT,2,5,2050,RCP_2.6,ECB_climate_indicators,acute,163.84,True,18.72,0.526,B07
PR000003,CP00003,BANK01,wildfire,ES,4,3,2050,RCP_4.5,ECB_climate_indicators,acute,2.7,True,0.11,0.009,C20
PR000004,CP00003,BANK01,drought,ES,3,5,2050,RCP_2.6,ECB_climate_indicators,chronic,2.7,True,0.14,0.009,C20
PR000005,CP00003,BANK01,flood,ES,3,1,2050,RCP_4.5,ECB_climate_indicators,acute,2.7,False,0.4,0.009,C20
PR000006,CP00004,BANK01,flood,IT,2,3,2030,RCP_8.5,ECB_climate_indicators,acute,35.18,False,2.92,0.113,H49
PR000007,CP00004,BANK01,wildfire,IT,4,3,2050,RCP_8.5,ECB_climate_indicators,acute,35.18,True,3.49,0.113,H49
PR000008,CP00005,BANK01,flood,IE,3,3,2050,RCP_8.5,ECB_climate_indicators,acute,212.85,False,19.34,0.683,A01
PR000009,CP00006,BANK01,drought,DE,3,2,2030,RCP_4.5,ECB_climate_indicators,chronic,6.4,False,0.29,0.021,C10
PR000010,CP00006,BANK01,windstorm,DE,3,4,2030,RCP_8.5,ECB_climate_indicators,acute,6.4,True,0.24,0.021,C10
PR000011,CP00007,BANK01,flood,DE,2,3,2030,RCP_8.5,ECB_climate_indicators,acute,59.91,False,8.65,0.192,C24
PR000012,CP00008,BANK01,sea_level_rise,IT,2,1,2050,RCP_2.6,ECB_climate_indicators,chronic,168.31,False,18.59,0.54,B06
PR000013,CP00008,BANK01,heatwave,IT,3,4,2050,RCP_2.6,ECB_climate_indicators,acute,168.31,True,8.04,0.54,B06
PR000014,CP00008,BANK01,windstorm,IT,4,4,2030,RCP_4.5,ECB_climate_indicators,acute,168.31,True,7.8,0.54,B06
PR000015,CP00009,BANK01,heatwave,DE,3,3,2050,RCP_2.6,ECB_climate_indicators,acute,13.67,False,0.59,0.044,H49
PR000016,CP00009,BANK01,drought,DE,3,2,2030,RCP_4.5,ECB_climate_indicators,chronic,13.67,False,0.95,0.044,H49
PR000017,CP00009,BANK01,flood,DE,2,3,2030,RCP_8.5,ECB_climate_indicators,acute,13.67,False,1.19,0.044,H49
PR000018,CP00010,BANK01,flood,FI,2,3,2050,RCP_4.5,ECB_climate_indicators,acute,13.14,False,1.15,0.042,J58
PR000019,CP00011,BANK01,wildfire,IT,2,3,2030,RCP_4.5,ECB_climate_indicators,acute,4.73,False,0.32,0.015,C11
PR000020,CP00011,BANK01,drought,IT,2,4,2030,RCP_2.6,ECB_climate_indicators,chronic,4.73,True,0.2,0.015,C11
PR000021,CP00012,BANK01,heatwave,NL,2,1,2050,RCP_2.6,ECB_climate_indicators,acute,7.99,False,0.26,0.026,F42
PR000022,CP00012,BANK01,windstorm,NL,1,2,2030,RCP_2.6,ECB_climate_indicators,acute,7.99,False,0.28,0.026,F42
PR000023,CP00012,BANK01,sea_level_rise,NL,2,3,2030,RCP_4.5,ECB_climate_indicators,chronic,7.99,False,0.94,0.026,F42
PR000024,CP00013,BANK01,flood,FR,2,2,2050,RCP_8.5,ECB_climate_indicators,acute,478.16,False,66.51,1.535,C27
PR000025,CP00013,BANK01,windstorm,FR,3,5,2030,RCP_8.5,ECB_climate_indicators,acute,478.16,True,20.61,1.535,C27
PR000026,CP00013,BANK01,heatwave,FR,3,3,2050,RCP_8.5,ECB_climate_indicators,acute,478.16,False,20.33,1.535,C27
PR000027,CP00014,BANK01,flood,IE,2,2,2030,RCP_8.5,ECB_climate_indicators,acute,4.05,False,0.54,0.013,G47
PR000028,CP00015,BANK01,flood,DE,1,2,2030,RCP_8.5,ECB_climate_indicators,acute,217.3,False,30.44,0.698,C13
PR000029,CP00016,BANK01,wildfire,IT,4,4,2050,RCP_2.6,ECB_climate_indicators,acute,1438.59,True,103.3,4.618,F42
PR000030,CP00016,BANK01,drought,IT,5,5,2050,RCP_8.5,ECB_climate_indicators,chronic,1438.59,True,94.07,4.618,F42
PR000031,CP00017,BANK01,flood,NL,3,3,2030,RCP_4.5,ECB_climate_indicators,acute,131.76,False,12.92,0.423,H52
PR000032,CP00017,BANK01,windstorm,NL,3,4,2030,RCP_8.5,ECB_climate_indicators,acute,131.76,True,5.17,0.423,H52
PR000033,CP00017,BANK01,heatwave,NL,4,4,2030,RCP_2.6,ECB_climate_indicators,acute,131.76,True,4.55,0.423,H52
PR000034,CP00018,BANK01,sea_level_rise,PL,1,1,2030,RCP_2.6,ECB_climate_indicators,chronic,52.51,False,5.63,0.169,C20
PR000035,CP00019,BANK01,heatwave,FR,3,4,2030,RCP_8.5,ECB_climate_indicators,acute,7.95,True,0.36,0.026,J62
PR000036,CP00019,BANK01,windstorm,FR,3,2,2030,RCP_4.5,ECB_climate_indicators,acute,7.95,False,0.26,0.026,J62
PR000037,CP00019,BANK01,drought,FR,3,3,2050,RCP_4.5,ECB_climate_indicators,chronic,7.95,False,0.33,0.026,J62
PR000038,CP00020,BANK01,flood,IT,3,3,2030,RCP_2.6,ECB_climate_indicators,acute,2083.28,False,288.71,6.688,B05
PR000039,CP00020,BANK01,wildfire,IT,2,5,2050,RCP_8.5,ECB_climate_indicators,acute,2083.28,True,178.46,6.688,B05
PR000040,CP00021,BANK01,sea_level_rise,BE,2,5,2030,RCP_8.5,ECB_climate_indicators,chronic,6.66,True,0.63,0.021,M71
PR000041,CP00022,BANK01,drought,BE,3,3,2030,RCP_8.5,ECB_climate_indicators,chronic,10.79,False,0.43,0.035,C24
PR000042,CP00022,BANK01,sea_level_rise,BE,3,1,2030,RCP_8.5,ECB_climate_indicators,chronic,10.79,False,1.04,0.035,C24
PR000043,CP00022,BANK01,wildfire,BE,3,4,2030,RCP_2.6,ECB_climate_indicators,acute,10.79,True,0.83,0.035,C24
PR000044,CP00023,BANK01,heatwave,AT,1,4,2050,RCP_4.5,ECB_climate_indicators,acute,245.29,True,11.53,0.787,A01
PR000045,CP00023,BANK01,windstorm,AT,5,3,2030,RCP_2.6,ECB_climate_indicators,acute,245.29,True,13.45,0.787,A01
PR000046,CP00024,BANK01,sea_level_rise,FI,4,2,2030,RCP_2.6,ECB_climate_indicators,chronic,19.2,True,2.22,0.062,L68
PR000047,CP00025,BANK01,sea_level_rise,IT,4,2,2030,RCP_4.5,ECB_climate_indicators,chronic,4.6,True,0.44,0.015,C19
PR000048,CP00025,BANK01,heatwave,IT,2,2,2050,RCP_8.5,ECB_climate_indicators,acute,4.6,False,0.17,0.015,C19
PR000049,CP00025,BANK01,wildfire,IT,4,1,2050,RCP_8.5,ECB_climate_indicators,acute,4.6,True,0.4,0.015,C19
PR000050,CP00026,BANK01,sea_level_rise,NL,3,3,2030,RCP_2.6,ECB_climate_indicators,chronic,50.53,False,3.6,0.162,L68
PR000051,CP00026,BANK01,wildfire,NL,3,3,2030,RCP_2.6,ECB_climate_indicators,acute,50.53,False,4.47,0.162,L68
PR000052,CP00027,BANK01,sea_level_rise,PT,1,3,2030,RCP_8.5,ECB_climate_indicators,chronic,10.85,False,1.24,0.035,J63
PR000053,CP00028,BANK01,flood,DE,2,2,2050,RCP_8.5,ECB_climate_indicators,acute,157.64,False,19.73,0.506,E36
PR000054,CP00029,BANK01,heatwave,DE,5,1,2030,RCP_4.5,ECB_climate_indicators,acute,32.88,True,0.79,0.106,I55
PR000055,CP00029,BANK01,windstorm,DE,1,1,2050,RCP_2.6,ECB_climate_indicators,acute,32.88,False,1.87,0.106,I55
PR000056,CP00029,BANK01,wildfire,DE,1,5,2030,RCP_4.5,ECB_climate_indicators,acute,32.88,True,1.65,0.106,I55
PR000057,CP00030,BANK01,wildfire,NL,5,3,2050,RCP_4.5,ECB_climate_indicators,acute,3638.84,True,350.68,11.681,C29
PR000058,CP00030,BANK01,windstorm,NL,4,5,2050,RCP_2.6,ECB_climate_indicators,acute,3638.84,True,213.1,11.681,C29
PR000059,CP00030,BANK01,flood,NL,3,5,2050,RCP_8.5,ECB_climate_indicators,acute,3638.84,True,391.15,11.681,C29
PR000060,CP00031,BANK01,sea_level_rise,IT,5,2,2030,RCP_4.5,ECB_climate_indicators,chronic,2727.53,True,283.06,8.756,C19
PR000061,CP00032,BANK01,sea_level_rise,FR,3,4,2030,RCP_2.6,ECB_climate_indicators,chronic,6.54,True,0.33,0.021,C25
PR000062,CP00033,BANK01,windstorm,FR,5,2,2030,RCP_8.5,ECB_climate_indicators,acute,2.78,True,0.17,0.009,C23
PR000063,CP00034,BANK01,sea_level_rise,DE,3,2,2030,RCP_2.6,ECB_climate_indicators,chronic,16.87,False,1.31,0.054,B05
PR000064,CP00035,BANK01,drought,FR,2,2,2050,RCP_8.5,ECB_climate_indicators,chronic,2.24,False,0.14,0.007,F43
PR000065,CP00036,BANK01,wildfire,FR,4,2,2030,RCP_8.5,ECB_climate_indicators,acute,73.74,True,4.22,0.237,E36
PR000066,CP00037,BANK01,flood,ES,3,3,2030,RCP_4.5,ECB_climate_indicators,acute,42.62,False,5.54,0.137,B06
PR000067,CP00037,BANK01,windstorm,ES,2,3,2050,RCP_2.6,ECB_climate_indicators,acute,42.62,False,1.67,0.137,B06
PR000068,CP00037,BANK01,wildfire,ES,3,3,2050,RCP_8.5,ECB_climate_indicators,acute,42.62,False,1.95,0.137,B06
PR000069,CP00038,BANK01,drought,BE,3,1,2050,RCP_2.6,ECB_climate_indicators,chronic,157.34,False,9.84,0.505,B05
PR000070,CP00039,BANK01,wildfire,FR,3,4,2050,RCP_8.5,ECB_climate_indicators,acute,11.23,True,0.66,0.036,J62
PR000071,CP00040,BANK01,drought,ES,2,2,2050,RCP_4.5,ECB_climate_indicators,chronic,1171.52,False,55.32,3.761,C19
PR000072,CP00040,BANK01,wildfire,ES,1,2,2030,RCP_4.5,ECB_climate_indicators,acute,1171.52,False,104.17,3.761,C19
PR000073,CP00040,BANK01,heatwave,ES,3,1,2030,RCP_8.5,ECB_climate_indicators,acute,1171.52,False,25.12,3.761,C19
PR000074,CP00041,BANK01,flood,DE,2,4,2030,RCP_2.6,ECB_climate_indicators,acute,730.53,True,82.51,2.345,C30
PR000075,CP00042,BANK01,heatwave,FR,4,2,2030,RCP_2.6,ECB_climate_indicators,acute,83.78,True,3.53,0.269,J58
PR000076,CP00043,BANK01,flood,FR,2,2,2030,RCP_8.5,ECB_climate_indicators,acute,1.77,False,0.19,0.006,K65
PR000077,CP00043,BANK01,drought,FR,4,4,2050,RCP_2.6,ECB_climate_indicators,chronic,1.77,True,0.06,0.006,K65
PR000078,CP00044,BANK01,sea_level_rise,FR,3,3,2030,RCP_4.5,ECB_climate_indicators,chronic,350.92,False,37.47,1.127,I56
PR000079,CP00044,BANK01,heatwave,FR,1,1,2030,RCP_4.5,ECB_climate_indicators,acute,350.92,False,7.85,1.127,I56
PR000080,CP00044,BANK01,windstorm,FR,4,2,2050,RCP_8.5,ECB_climate_indicators,acute,350.92,True,18.04,1.127,I56
PR000081,CP00045,BANK01,windstorm,FR,4,4,2030,RCP_4.5,ECB_climate_indicators,acute,17.71,True,1.12,0.057,H50
PR000082,CP00046,BANK01,windstorm,DE,3,2,2050,RCP_8.5,ECB_climate_indicators,acute,14.73,False,0.96,0.047,H52
PR000083,CP00046,BANK01,wildfire,DE,2,2,2030,RCP_2.6,ECB_climate_indicators,acute,14.73,False,0.77,0.047,H52
PR000084,CP00047,BANK01,flood,PT,5,1,2050,RCP_8.5,ECB_climate_indicators,acute,7.86,True,0.91,0.025,C28
PR000085,CP00047,BANK01,heatwave,PT,4,3,2050,RCP_8.5,ECB_climate_indicators,acute,7.86,True,0.19,0.025,C28
PR000086,CP00048,BANK01,wildfire,DE,1,4,2030,RCP_8.5,ECB_climate_indicators,acute,4.38,True,0.32,0.014,J58
PR000087,CP00048,BANK01,heatwave,DE,2,5,2030,RCP_8.5,ECB_climate_indicators,acute,4.38,True,0.11,0.014,J58
PR000088,CP00048,BANK01,windstorm,DE,3,4,2050,RCP_8.5,ECB_climate_indicators,acute,4.38,True,0.31,0.014,J58
PR000089,CP00049,BANK01,sea_level_rise,FI,3,4,2030,RCP_4.5,ECB_climate_indicators,chronic,6.51,True,0.53,0.021,B07
PR000090,CP00050,BANK01,heatwave,BE,2,2,2030,RCP_8.5,ECB_climate_indicators,acute,35.43,False,1.59,0.114,B06
PR000091,CP00051,BANK01,drought,FR,3,3,2030,RCP_2.6,ECB_climate_indicators,chronic,26.09,False,1.97,0.084,H50
PR000092,CP00051,BANK01,wildfire,FR,4,1,2030,RCP_4.5,ECB_climate_indicators,acute,26.09,True,2.05,0.084,H50
PR000093,CP00051,BANK01,sea_level_rise,FR,2,4,2050,RCP_8.5,ECB_climate_indicators,chronic,26.09,True,1.33,0.084,H50
PR000094,CP00052,BANK01,sea_level_rise,LU,3,1,2030,RCP_8.5,ECB_climate_indicators,chronic,663.4,False,46.96,2.13,C27
PR000095,CP00052,BANK01,heatwave,LU,2,2,2030,RCP_8.5,ECB_climate_indicators,acute,663.4,False,13.84,2.13,C27
PR000096,CP00052,BANK01,drought,LU,2,5,2030,RCP_4.5,ECB_climate_indicators,chronic,663.4,True,37.92,2.13,C27
PR000097,CP00053,BANK01,flood,DE,1,4,2030,RCP_8.5,ECB_climate_indicators,acute,2.91,True,0.35,0.009,Q87
PR000098,CP00053,BANK01,heatwave,DE,3,5,2030,RCP_4.5,ECB_climate_indicators,acute,2.91,True,0.08,0.009,Q87
PR000099,CP00054,BANK01,flood,FI,3,3,2030,RCP_8.5,ECB_climate_indicators,acute,25.75,False,3.08,0.083,J63
PR000100,CP00055,BANK01,drought,IT,3,3,2030,RCP_2.6,ECB_climate_indicators,chronic,655.4,False,31.69,2.104,C30
PR000101,CP00055,BANK01,flood,IT,4,3,2030,RCP_4.5,ECB_climate_indicators,acute,655.4,True,65.88,2.104,C30
PR000102,CP00055,BANK01,sea_level_rise,IT,4,4,2050,RCP_2.6,ECB_climate_indicators,chronic,655.4,True,76.17,2.104,C30
PR000103,CP00056,BANK01,flood,IT,2,2,2030,RCP_8.5,ECB_climate_indicators,acute,126.66,False,15.87,0.407,G45
PR000104,CP00057,BANK01,wildfire,AT,1,5,2030,RCP_8.5,ECB_climate_indicators,acute,7.62,True,0.67,0.024,K64
PR000105,CP00057,BANK01,heatwave,AT,2,4,2030,RCP_4.5,ECB_climate_indicators,acute,7.62,True,0.27,0.024,K64
PR000106,CP00058,BANK01,windstorm,FR,3,1,2050,RCP_8.5,ECB_climate_indicators,acute,290.79,False,19.26,0.933,H50
PR000107,CP00059,BANK01,drought,BE,4,2,2030,RCP_8.5,ECB_climate_indicators,chronic,1290.09,True,52.0,4.141,B05
PR000108,CP00060,BANK01,wildfire,FR,1,1,2030,RCP_8.5,ECB_climate_indicators,acute,251.16,False,13.95,0.806,F42
PR000109,CP00061,BANK01,windstorm,LU,1,3,2050,RCP_4.5,ECB_climate_indicators,acute,47.02,False,1.68,0.151,B07
PR000110,CP00061,BANK01,wildfire,LU,5,3,2050,RCP_2.6,ECB_climate_indicators,acute,47.02,True,2.66,0.151,B07
PR000111,CP00062,BANK01,wildfire,FR,1,3,2030,RCP_8.5,ECB_climate_indicators,acute,1.85,False,0.18,0.006,E38
PR000112,CP00063,BANK01,drought,DE,2,2,2050,RCP_8.5,ECB_climate_indicators,chronic,25.11,False,1.32,0.081,P85
PR000113,CP00064,BANK01,sea_level_rise,IE,3,2,2050,RCP_8.5,ECB_climate_indicators,chronic,1295.96,False,139.12,4.16,B07
PR000114,CP00065,BANK01,windstorm,FR,2,2,2050,RCP_8.5,ECB_climate_indicators,acute,4.29,False,0.16,0.014,M70
PR000115,CP00066,BANK01,heatwave,DE,3,4,2030,RCP_8.5,ECB_climate_indicators,acute,348.38,True,15.37,1.118,J63
PR000116,CP00066,BANK01,drought,DE,3,4,2030,RCP_4.5,ECB_climate_indicators,chronic,348.38,True,22.77,1.118,J63
PR000117,CP00066,BANK01,sea_level_rise,DE,2,1,2050,RCP_8.5,ECB_climate_indicators,chronic,348.38,False,35.78,1.118,J63
PR000118,CP00067,BANK01,drought,AT,4,4,2030,RCP_8.5,ECB_climate_indicators,chronic,12.95,True,0.8,0.042,F43
PR000119,CP00067,BANK01,flood,AT,3,1,2030,RCP_4.5,ECB_climate_indicators,acute,12.95,False,1.76,0.042,F43
PR000120,CP00067,BANK01,wildfire,AT,3,3,2050,RCP_8.5,ECB_climate_indicators,acute,12.95,False,1.21,0.042,F43
PR000121,CP00068,BANK01,sea_level_rise,FI,3,2,2030,RCP_2.6,ECB_climate_indicators,chronic,1151.39,False,126.15,3.696,B07
PR000122,CP00068,BANK01,heatwave,FI,3,5,2030,RCP_2.6,ECB_climate_indicators,acute,1151.39,True,43.51,3.696,B07
PR000123,CP00068,BANK01,drought,FI,5,3,2030,RCP_2.6,ECB_climate_indicators,chronic,1151.39,True,78.8,3.696,B07
PR000124,CP00069,BANK01,flood,PT,1,2,2030,RCP_2.6,ECB_climate_indicators,acute,1392.98,False,117.37,4.472,C10
PR000125,CP00069,BANK01,heatwave,PT,3,1,2050,RCP_2.6,ECB_climate_indicators,acute,1392.98,False,34.4,4.472,C10
PR000126,CP00069,BANK01,windstorm,PT,3,3,2050,RCP_8.5,ECB_climate_indicators,acute,1392.98,False,50.79,4.472,C10
PR000127,CP00070,BANK01,heatwave,FI,4,5,2050,RCP_8.5,ECB_climate_indicators,acute,884.44,True,18.68,2.839,H51
PR000128,CP00070,BANK01,flood,FI,2,4,2050,RCP_2.6,ECB_climate_indicators,acute,884.44,True,112.21,2.839,H51
PR000129,CP00071,BANK01,wildfire,PT,2,5,2050,RCP_4.5,ECB_climate_indicators,acute,6.58,True,0.65,0.021,F43
PR000130,CP00072,BANK01,flood,FR,1,2,2030,RCP_8.5,ECB_climate_indicators,acute,2937.14,False,375.9,9.429,P85
PR000131,CP00072,BANK01,sea_level_rise,FR,3,3,2050,RCP_2.6,ECB_climate_indicators,chronic,2937.14,False,303.74,9.429,P85
PR000132,CP00073,BANK01,drought,IE,3,3,2050,RCP_8.5,ECB_climate_indicators,chronic,64.38,False,2.7,0.207,C10
PR000133,CP00074,BANK01,sea_level_rise,NL,2,4,2030,RCP_4.5,ECB_climate_indicators,chronic,23.84,True,1.57,0.077,C13
PR000134,CP00074,BANK01,flood,NL,1,3,2050,RCP_4.5,ECB_climate_indicators,acute,23.84,False,2.74,0.077,C13
PR000135,CP00074,BANK01,drought,NL,2,3,2050,RCP_8.5,ECB_climate_indicators,chronic,23.84,False,1.09,0.077,C13
PR000136,CP00075,BANK01,heatwave,IE,3,1,2030,RCP_2.6,ECB_climate_indicators,acute,232.76,False,9.97,0.747,C29
PR000137,CP00075,BANK01,sea_level_rise,IE,3,4,2030,RCP_4.5,ECB_climate_indicators,chronic,232.76,True,16.38,0.747,C29
PR000138,CP00076,BANK01,wildfire,DE,3,2,2030,RCP_4.5,ECB_climate_indicators,acute,76.56,False,5.52,0.246,C11
PR000139,CP00077,BANK01,wildfire,FI,2,2,2050,RCP_8.5,ECB_climate_indicators,acute,80.29,False,5.31,0.258,B07
PR000140,CP00077,BANK01,flood,FI,2,3,2030,RCP_2.6,ECB_climate_indicators,acute,80.29,False,10.76,0.258,B07
PR000141,CP00077,BANK01,heatwave,FI,2,4,2030,RCP_2.6,ECB_climate_indicators,acute,80.29,True,1.62,0.258,B07
PR000142,CP00078,BANK01,flood,IT,3,4,2030,RCP_4.5,ECB_climate_indicators,acute,0.8,True,0.1,0.003,C13
PR000143,CP00078,BANK01,sea_level_rise,IT,3,4,2050,RCP_2.6,ECB_climate_indicators,chronic,0.8,True,0.04,0.003,C13
PR000144,CP00078,BANK01,wildfire,IT,3,3,2030,RCP_4.5,ECB_climate_indicators,acute,0.8,False,0.05,0.003,C13
PR000145,CP00079,BANK01,drought,FI,3,4,2030,RCP_8.5,ECB_climate_indicators,chronic,111.45,True,5.94,0.358,F43
PR000146,CP00080,BANK01,wildfire,FR,5,3,2030,RCP_8.5,ECB_climate_indicators,acute,663.67,True,57.74,2.131,H51
PR000147,CP00080,BANK01,windstorm,FR,2,4,2050,RCP_2.6,ECB_climate_indicators,acute,663.67,True,27.79,2.131,H51
PR000148,CP00080,BANK01,drought,FR,3,4,2050,RCP_4.5,ECB_climate_indicators,chronic,663.67,True,31.93,2.131,H51
PR000149,CP00081,BANK01,heatwave,FR,2,2,2030,RCP_8.5,ECB_climate_indicators,acute,65.45,False,1.85,0.21,C25
PR000150,CP00082,BANK01,drought,BE,1,4,2050,RCP_4.5,ECB_climate_indicators,chronic,15.27,True,0.6,0.049,H52
PR000151,CP00083,BANK01,windstorm,PT,2,3,2030,RCP_4.5,ECB_climate_indicators,acute,301.74,False,12.31,0.969,C10
PR000152,CP00083,BANK01,drought,PT,1,4,2050,RCP_4.5,ECB_climate_indicators,chronic,301.74,True,19.7,0.969,C10
PR000153,CP00084,BANK01,windstorm,DE,5,1,2050,RCP_4.5,ECB_climate_indicators,acute,2102.44,True,125.17,6.749,B08
PR000154,CP00084,BANK01,flood,DE,3,2,2030,RCP_8.5,ECB_climate_indicators,acute,2102.44,False,283.69,6.749,B08
PR000155,CP00085,BANK01,drought,BE,1,3,2030,RCP_8.5,ECB_climate_indicators,chronic,5.91,False,0.24,0.019,C22
PR000156,CP00085,BANK01,wildfire,BE,2,3,2030,RCP_4.5,ECB_climate_indicators,acute,5.91,False,0.27,0.019,C22
PR000157,CP00086,BANK01,wildfire,FR,2,3,2030,RCP_4.5,ECB_climate_indicators,acute,362.93,False,31.72,1.165,C13
PR000158,CP00086,BANK01,drought,FR,1,3,2030,RCP_2.6,ECB_climate_indicators,chronic,362.93,False,21.11,1.165,C13
PR000159,CP00087,BANK01,windstorm,IT,3,4,2030,RCP_4.5,ECB_climate_indicators,acute,4.57,True,0.23,0.015,B07
PR000160,CP00087,BANK01,heatwave,IT,4,2,2030,RCP_2.6,ECB_climate_indicators,acute,4.57,True,0.17,0.015,B07
PR000161,CP00088,BANK01,wildfire,NL,2,1,2030,RCP_8.5,ECB_climate_indicators,acute,685.53,False,65.72,2.201,C27
PR000162,CP00089,BANK01,sea_level_rise,PL,5,3,2030,RCP_4.5,ECB_climate_indicators,chronic,121.17,True,12.11,0.389,F43
PR000163,CP00090,BANK01,sea_level_rise,FI,5,3,2030,RCP_2.6,ECB_climate_indicators,chronic,26.84,True,1.67,0.086,G45
PR000164,CP00091,BANK02,flood,AT,2,3,2050,RCP_4.5,ECB_climate_indicators,acute,37.41,False,3.48,0.19,K64
PR000165,CP00092,BANK02,drought,FR,3,3,2050,RCP_4.5,ECB_climate_indicators,chronic,282.06,False,13.63,1.436,G47
PR000166,CP00092,BANK02,wildfire,FR,3,2,2030,RCP_2.6,ECB_climate_indicators,acute,282.06,False,15.25,1.436,G47
PR000167,CP00093,BANK02,flood,IT,2,1,2050,RCP_4.5,ECB_climate_indicators,acute,9.15,False,0.91,0.047,B06
PR000168,CP00093,BANK02,sea_level_rise,IT,4,3,2030,RCP_4.5,ECB_climate_indicators,chronic,9.15,True,0.59,0.047,B06
PR000169,CP00094,BANK02,windstorm,FR,3,4,2030,RCP_4.5,ECB_climate_indicators,acute,7.73,True,0.5,0.039,B06
PR000170,CP00094,BANK02,drought,FR,2,4,2050,RCP_4.5,ECB_climate_indicators,chronic,7.73,True,0.59,0.039,B06
PR000171,CP00094,BANK02,wildfire,FR,2,2,2050,RCP_4.5,ECB_climate_indicators,acute,7.73,False,0.64,0.039,B06
PR000172,CP00095,BANK02,windstorm,IT,4,2,2050,RCP_4.5,ECB_climate_indicators,acute,91.79,True,4.8,0.467,B05
PR000173,CP00096,BANK02,sea_level_rise,IE,3,4,2030,RCP_4.5,ECB_climate_indicators,chronic,1465.9,True,91.44,7.464,C13
PR000174,CP00097,BANK02,drought,DE,2,1,2030,RCP_4.5,ECB_climate_indicators,chronic,36.56,False,2.69,0.186,C13
PR000175,CP00097,BANK02,flood,DE,2,2,2030,RCP_2.6,ECB_climate_indicators,acute,36.56,False,3.76,0.186,C13
PR000176,CP00097,BANK02,sea_level_rise,DE,3,3,2050,RCP_4.5,ECB_climate_indicators,chronic,36.56,False,4.26,0.186,C13
PR000177,CP00098,BANK02,wildfire,PT,2,3,2030,RCP_2.6,ECB_climate_indicators,acute,158.73,False,6.92,0.808,K64
PR000178,CP00098,BANK02,flood,PT,4,2,2030,RCP_4.5,ECB_climate_indicators,acute,158.73,True,21.47,0.808,K64
PR000179,CP00098,BANK02,windstorm,PT,3,3,2050,RCP_8.5,ECB_climate_indicators,acute,158.73,False,6.2,0.808,K64
PR000180,CP00099,BANK02,windstorm,FR,3,3,2030,RCP_4.5,ECB_climate_indicators,acute,33.08,False,1.48,0.168,C28
PR000181,CP00100,BANK02,sea_level_rise,IT,3,5,2050,RCP_2.6,ECB_climate_indicators,chronic,1.62,True,0.15,0.008,F43
PR000182,CP00101,BANK02,flood,NL,5,3,2030,RCP_2.6,ECB_climate_indicators,acute,1468.15,True,165.53,7.476,Q86
PR000183,CP00102,BANK02,heatwave,DE,3,3,2030,RCP_8.5,ECB_climate_indicators,acute,31.2,False,0.77,0.159,F42
PR000184,CP00102,BANK02,sea_level_rise,DE,3,4,2030,RCP_8.5,ECB_climate_indicators,chronic,31.2,True,2.96,0.159,F42
PR000185,CP00102,BANK02,flood,DE,2,2,2050,RCP_8.5,ECB_climate_indicators,acute,31.2,False,3.15,0.159,F42
PR000186,CP00103,BANK02,windstorm,ES,2,3,2050,RCP_4.5,ECB_climate_indicators,acute,11.9,False,0.48,0.061,H51
PR000187,CP00104,BANK02,wildfire,PT,3,2,2030,RCP_4.5,ECB_climate_indicators,acute,2.1,False,0.12,0.011,H52
PR000188,CP00105,BANK02,windstorm,DE,2,2,2050,RCP_8.5,ECB_climate_indicators,acute,1995.11,False,91.36,10.159,H52
PR000189,CP00105,BANK02,sea_level_rise,DE,2,5,2030,RCP_8.5,ECB_climate_indicators,chronic,1995.11,True,110.1,10.159,H52
PR000190,CP00105,BANK02,drought,DE,2,3,2050,RCP_4.5,ECB_climate_indicators,chronic,1995.11,False,139.06,10.159,H52
PR000191,CP00106,BANK02,sea_level_rise,DE,4,3,2030,RCP_4.5,ECB_climate_indicators,chronic,16.4,True,1.38,0.084,A02
PR000192,CP00106,BANK02,heatwave,DE,4,4,2030,RCP_8.5,ECB_climate_indicators,acute,16.4,True,0.63,0.084,A02
PR000193,CP00106,BANK02,windstorm,DE,3,4,2030,RCP_8.5,ECB_climate_indicators,acute,16.4,True,0.56,0.084,A02
PR000194,CP00107,BANK02,sea_level_rise,DE,2,4,2050,RCP_8.5,ECB_climate_indicators,chronic,41.6,True,3.8,0.212,C17
PR000195,CP00107,BANK02,drought,DE,3,3,2050,RCP_2.6,ECB_climate_indicators,chronic,41.6,False,1.64,0.212,C17
PR000196,CP00108,BANK02,drought,IT,4,2,2030,RCP_4.5,ECB_climate_indicators,chronic,75.17,True,4.44,0.383,C24
PR000197,CP00108,BANK02,windstorm,IT,1,4,2050,RCP_4.5,ECB_climate_indicators,acute,75.17,True,3.86,0.383,C24
PR000198,CP00108,BANK02,heatwave,IT,2,2,2050,RCP_2.6,ECB_climate_indicators,acute,75.17,False,3.24,0.383,C24
PR000199,CP00109,BANK02,heatwave,PL,4,3,2030,RCP_2.6,ECB_climate_indicators,acute,2.07,True,0.08,0.011,G45
PR000200,CP00109,BANK02,sea_level_rise,PL,3,5,2030,RCP_2.6,ECB_climate_indicators,chronic,2.07,True,0.15,0.011,G45
PR000201,CP00109,BANK02,windstorm,PL,4,4,2050,RCP_8.5,ECB_climate_indicators,acute,2.07,True,0.1,0.011,G45
PR000202,CP00110,BANK02,drought,LU,3,3,2050,RCP_2.6,ECB_climate_indicators,chronic,10.6,False,0.76,0.054,E36
PR000203,CP00111,BANK02,heatwave,BE,3,3,2050,RCP_2.6,ECB_climate_indicators,acute,180.4,False,4.34,0.919,B06
PR000204,CP00111,BANK02,wildfire,BE,4,3,2030,RCP_2.6,ECB_climate_indicators,acute,180.4,True,8.23,0.919,B06
PR000205,CP00111,BANK02,drought,BE,4,3,2030,RCP_2.6,ECB_climate_indicators,chronic,180.4,True,11.73,0.919,B06
PR000206,CP00112,BANK02,windstorm,IE,2,4,2050,RCP_2.6,ECB_climate_indicators,acute,223.13,True,14.38,1.136,H49
PR000207,CP00113,BANK02,drought,IT,3,4,2050,RCP_4.5,ECB_climate_indicators,chronic,25.3,True,1.85,0.129,C22
PR000208,CP00113,BANK02,wildfire,IT,3,2,2050,RCP_4.5,ECB_climate_indicators,acute,25.3,False,1.42,0.129,C22
PR000209,CP00113,BANK02,flood,IT,5,4,2050,RCP_2.6,ECB_climate_indicators,acute,25.3,True,3.46,0.129,C22
PR000210,CP00114,BANK02,sea_level_rise,ES,4,2,2050,RCP_2.6,ECB_climate_indicators,chronic,53.21,True,4.48,0.271,C22
PR000211,CP00114,BANK02,heatwave,ES,3,4,2030,RCP_4.5,ECB_climate_indicators,acute,53.21,True,1.45,0.271,C22
PR000212,CP00114,BANK02,windstorm,ES,4,1,2050,RCP_4.5,ECB_climate_indicators,acute,53.21,True,3.0,0.271,C22
PR000213,CP00115,BANK02,sea_level_rise,BE,3,4,2030,RCP_4.5,ECB_climate_indicators,chronic,26.71,True,1.91,0.136,G46
PR000214,CP00115,BANK02,wildfire,BE,2,2,2050,RCP_2.6,ECB_climate_indicators,acute,26.71,False,1.89,0.136,G46
PR000215,CP00115,BANK02,drought,BE,3,3,2050,RCP_2.6,ECB_climate_indicators,chronic,26.71,False,0.89,0.136,G46
PR000216,CP00116,BANK02,wildfire,IE,2,4,2030,RCP_4.5,ECB_climate_indicators,acute,66.68,True,2.74,0.34,C24
PR000217,CP00116,BANK02,windstorm,IE,2,4,2050,RCP_2.6,ECB_climate_indicators,acute,66.68,True,4.34,0.34,C24
PR000218,CP00116,BANK02,drought,IE,3,3,2050,RCP_4.5,ECB_climate_indicators,chronic,66.68,False,3.39,0.34,C24
PR000219,CP00117,BANK02,sea_level_rise,IT,3,5,2050,RCP_4.5,ECB_climate_indicators,chronic,5.12,True,0.38,0.026,E38
PR000220,CP00118,BANK02,flood,FR,4,2,2030,RCP_2.6,ECB_climate_indicators,acute,28.12,True,2.29,0.143,J63
PR000221,CP00118,BANK02,drought,FR,5,5,2050,RCP_4.5,ECB_climate_indicators,chronic,28.12,True,1.79,0.143,J63
PR000222,CP00118,BANK02,heatwave,FR,3,5,2030,RCP_2.6,ECB_climate_indicators,acute,28.12,True,0.57,0.143,J63
PR000223,CP00119,BANK02,heatwave,ES,1,3,2030,RCP_8.5,ECB_climate_indicators,acute,15.32,False,0.74,0.078,C10
PR000224,CP00120,BANK02,drought,IT,2,2,2030,RCP_4.5,ECB_climate_indicators,chronic,422.22,False,18.04,2.15,I56
PR000225,CP00120,BANK02,wildfire,IT,2,2,2050,RCP_2.6,ECB_climate_indicators,acute,422.22,False,38.64,2.15,I56
PR000226,CP00120,BANK02,heatwave,IT,2,2,2050,RCP_8.5,ECB_climate_indicators,acute,422.22,False,11.99,2.15,I56
PR000227,CP00121,BANK02,drought,FR,1,4,2030,RCP_2.6,ECB_climate_indicators,chronic,19.31,True,1.28,0.098,C29
PR000228,CP00121,BANK02,heatwave,FR,2,5,2030,RCP_8.5,ECB_climate_indicators,acute,19.31,True,0.83,0.098,C29
PR000229,CP00121,BANK02,flood,FR,2,1,2030,RCP_8.5,ECB_climate_indicators,acute,19.31,False,2.64,0.098,C29
PR000230,CP00122,BANK02,wildfire,BE,2,2,2050,RCP_2.6,ECB_climate_indicators,acute,68.6,False,4.06,0.349,H52
PR000231,CP00122,BANK02,windstorm,BE,3,3,2050,RCP_8.5,ECB_climate_indicators,acute,68.6,False,2.69,0.349,H52
PR000232,CP00123,BANK02,sea_level_rise,IT,2,3,2050,RCP_2.6,ECB_climate_indicators,chronic,14.84,False,1.17,0.076,D35
PR000233,CP00123,BANK02,heatwave,IT,4,3,2030,RCP_4.5,ECB_climate_indicators,acute,14.84,True,0.64,0.076,D35
PR000234,CP00123,BANK02,drought,IT,1,5,2050,RCP_4.5,ECB_climate_indicators,chronic,14.84,True,0.47,0.076,D35
PR000235,CP00124,BANK02,drought,NL,5,3,2030,RCP_8.5,ECB_climate_indicators,chronic,23.96,True,1.41,0.122,C27
PR000236,CP00124,BANK02,heatwave,NL,4,2,2030,RCP_2.6,ECB_climate_indicators,acute,23.96,True,0.63,0.122,C27
PR000237,CP00124,BANK02,flood,NL,3,2,2030,RCP_8.5,ECB_climate_indicators,acute,23.96,False,2.98,0.122,C27
PR000238,CP00125,BANK02,wildfire,ES,3,3,2030,RCP_4.5,ECB_climate_indicators,acute,13.49,False,1.03,0.069,C10
PR000239,CP00125,BANK02,sea_level_rise,ES,3,4,2030,RCP_8.5,ECB_climate_indicators,chronic,13.49,True,1.12,0.069,C10
PR000240,CP00125,BANK02,windstorm,ES,3,2,2050,RCP_2.6,ECB_climate_indicators,acute,13.49,False,0.72,0.069,C10
PR000241,CP00126,BANK02,wildfire,DE,2,1,2030,RCP_8.5,ECB_climate_indicators,acute,95.21,False,3.82,0.485,C19
PR000242,CP00127,BANK02,heatwave,FR,3,2,2030,RCP_4.5,ECB_climate_indicators,acute,134.77,False,4.3,0.686,H52
PR000243,CP00128,BANK02,sea_level_rise,IT,3,3,2030,RCP_2.6,ECB_climate_indicators,chronic,19.08,False,1.52,0.097,G46
PR000244,CP00128,BANK02,windstorm,IT,3,2,2050,RCP_4.5,ECB_climate_indicators,acute,19.08,False,1.01,0.097,G46
PR000245,CP00128,BANK02,drought,IT,3,1,2030,RCP_8.5,ECB_climate_indicators,chronic,19.08,False,0.87,0.097,G46
PR000246,CP00129,BANK02,windstorm,FR,1,3,2050,RCP_2.6,ECB_climate_indicators,acute,1721.38,False,108.04,8.765,C30
PR000247,CP00129,BANK02,drought,FR,3,2,2030,RCP_8.5,ECB_climate_indicators,chronic,1721.38,False,131.2,8.765,C30
PR000248,CP00129,BANK02,wildfire,FR,3,5,2030,RCP_8.5,ECB_climate_indicators,acute,1721.38,True,131.29,8.765,C30
PR000249,CP00130,BANK02,drought,AT,2,3,2030,RCP_4.5,ECB_climate_indicators,chronic,12.08,False,0.77,0.062,F42
PR000250,CP00130,BANK02,windstorm,AT,5,2,2030,RCP_2.6,ECB_climate_indicators,acute,12.08,True,0.78,0.062,F42
PR000251,CP00130,BANK02,heatwave,AT,3,5,2050,RCP_8.5,ECB_climate_indicators,acute,12.08,True,0.52,0.062,F42
PR000252,CP00131,BANK02,windstorm,ES,3,2,2030,RCP_4.5,ECB_climate_indicators,acute,6.2,False,0.3,0.032,C27
PR000253,CP00131,BANK02,sea_level_rise,ES,4,5,2030,RCP_2.6,ECB_climate_indicators,chronic,6.2,True,0.63,0.032,C27
PR000254,CP00131,BANK02,wildfire,ES,1,5,2050,RCP_4.5,ECB_climate_indicators,acute,6.2,True,0.36,0.032,C27
PR000255,CP00132,BANK02,drought,PT,5,2,2050,RCP_8.5,ECB_climate_indicators,chronic,36.89,True,1.76,0.188,C27
PR000256,CP00132,BANK02,heatwave,PT,1,2,2030,RCP_2.6,ECB_climate_indicators,acute,36.89,False,1.32,0.188,C27
PR000257,CP00132,BANK02,sea_level_rise,PT,1,2,2050,RCP_4.5,ECB_climate_indicators,chronic,36.89,False,2.03,0.188,C27
PR000258,CP00133,BANK02,wildfire,FR,2,4,2030,RCP_8.5,ECB_climate_indicators,acute,872.72,True,60.5,4.444,H49
PR000259,CP00133,BANK02,drought,FR,3,2,2050,RCP_2.6,ECB_climate_indicators,chronic,872.72,False,46.16,4.444,H49
PR000260,CP00134,BANK02,heatwave,IE,2,2,2030,RCP_8.5,ECB_climate_indicators,acute,237.5,False,10.44,1.209,B07
PR000261,CP00134,BANK02,flood,IE,3,3,2030,RCP_4.5,ECB_climate_indicators,acute,237.5,False,29.0,1.209,B07
PR000262,CP00135,BANK02,windstorm,LU,5,3,2030,RCP_2.6,ECB_climate_indicators,acute,13.63,True,0.54,0.069,C13
PR000263,CP00135,BANK02,drought,LU,2,4,2030,RCP_2.6,ECB_climate_indicators,chronic,13.63,True,0.98,0.069,C13
PR000264,CP00136,BANK02,drought,BE,5,2,2050,RCP_2.6,ECB_climate_indicators,chronic,209.39,True,9.61,1.066,H51
PR000265,CP00136,BANK02,sea_level_rise,BE,3,2,2050,RCP_8.5,ECB_climate_indicators,chronic,209.39,False,14.84,1.066,H51
PR000266,CP00137,BANK02,wildfire,FR,1,5,2030,RCP_4.5,ECB_climate_indicators,acute,5.58,True,0.44,0.028,F41
PR000267,CP00137,BANK02,windstorm,FR,2,4,2030,RCP_4.5,ECB_climate_indicators,acute,5.58,True,0.31,0.028,F41
PR000268,CP00138,BANK02,sea_level_rise,DE,5,4,2030,RCP_2.6,ECB_climate_indicators,chronic,75.12,True,4.73,0.383,B05
PR000269,CP00139,BANK02,sea_level_rise,IT,3,2,2030,RCP_2.6,ECB_climate_indicators,chronic,11.34,False,1.35,0.058,A02
PR000270,CP00139,BANK02,heatwave,IT,4,1,2050,RCP_8.5,ECB_climate_indicators,acute,11.34,True,0.48,0.058,A02
PR000271,CP00139,BANK02,flood,IT,1,3,2050,RCP_2.6,ECB_climate_indicators,acute,11.34,False,1.36,0.058,A02
PR000272,CP00140,BANK02,heatwave,LU,2,1,2030,RCP_8.5,ECB_climate_indicators,acute,1013.84,False,22.85,5.162,H49
PR000273,CP00140,BANK02,sea_level_rise,LU,3,4,2050,RCP_2.6,ECB_climate_indicators,chronic,1013.84,True,53.96,5.162,H49
PR000274,CP00141,BANK02,sea_level_rise,NL,2,2,2050,RCP_8.5,ECB_climate_indicators,chronic,240.38,False,25.38,1.224,C22
PR000275,CP00142,BANK02,heatwave,IE,2,3,2030,RCP_2.6,ECB_climate_indicators,acute,61.76,False,1.76,0.314,B05
PR000276,CP00142,BANK02,sea_level_rise,IE,2,4,2030,RCP_4.5,ECB_climate_indicators,chronic,61.76,True,3.21,0.314,B05
PR000277,CP00142,BANK02,wildfire,IE,3,2,2050,RCP_8.5,ECB_climate_indicators,acute,61.76,False,5.14,0.314,B05
PR000278,CP00143,BANK02,drought,BE,3,5,2030,RCP_2.6,ECB_climate_indicators,chronic,155.84,True,7.42,0.794,B07
PR000279,CP00143,BANK02,wildfire,BE,3,1,2050,RCP_8.5,ECB_climate_indicators,acute,155.84,False,8.57,0.794,B07
PR000280,CP00144,BANK02,wildfire,NL,4,2,2050,RCP_2.6,ECB_climate_indicators,acute,1175.32,True,100.45,5.985,C25
PR000281,CP00144,BANK02,heatwave,NL,1,4,2050,RCP_4.5,ECB_climate_indicators,acute,1175.32,True,27.75,5.985,C25
PR000282,CP00145,BANK02,drought,PL,3,3,2030,RCP_2.6,ECB_climate_indicators,chronic,448.33,False,29.22,2.283,B06
PR000283,CP00145,BANK02,sea_level_rise,PL,2,2,2030,RCP_8.5,ECB_climate_indicators,chronic,448.33,False,39.03,2.283,B06
PR000284,CP00146,BANK02,windstorm,FR,3,4,2030,RCP_2.6,ECB_climate_indicators,acute,2.26,True,0.12,0.012,F43
PR000285,CP00147,BANK02,heatwave,ES,3,3,2030,RCP_4.5,ECB_climate_indicators,acute,20.9,False,0.61,0.106,C29
PR000286,CP00147,BANK02,windstorm,ES,3,3,2050,RCP_4.5,ECB_climate_indicators,acute,20.9,False,1.37,0.106,C29
PR000287,CP00148,BANK02,flood,ES,2,2,2050,RCP_8.5,ECB_climate_indicators,acute,3.92,False,0.47,0.02,F42
PR000288,CP00148,BANK02,sea_level_rise,ES,3,4,2030,RCP_4.5,ECB_climate_indicators,chronic,3.92,True,0.35,0.02,F42
PR000289,CP00149,BANK02,flood,DE,3,3,2050,RCP_8.5,ECB_climate_indicators,acute,5.49,False,0.49,0.028,H51
PR000290,CP00149,BANK02,wildfire,DE,3,3,2050,RCP_4.5,ECB_climate_indicators,acute,5.49,False,0.3,0.028,H51
PR000291,CP00149,BANK02,heatwave,DE,4,3,2030,RCP_4.5,ECB_climate_indicators,acute,5.49,True,0.15,0.028,H51
PR000292,CP00150,BANK02,flood,LU,3,1,2030,RCP_2.6,ECB_climate_indicators,acute,1295.87,False,122.52,6.599,D35
PR000293,CP00150,BANK02,sea_level_rise,LU,5,3,2030,RCP_2.6,ECB_climate_indicators,chronic,1295.87,True,111.33,6.599,D35
PR000294,CP00150,BANK02,wildfire,LU,5,4,2050,RCP_4.5,ECB_climate_indicators,acute,1295.87,True,70.7,6.599,D35
PR000295,CP00151,BANK02,heatwave,DE,3,4,2030,RCP_4.5,ECB_climate_indicators,acute,580.06,True,13.11,2.954,C23
PR000296,CP00151,BANK02,flood,DE,2,2,2030,RCP_2.6,ECB_climate_indicators,acute,580.06,False,86.3,2.954,C23
PR000297,CP00152,BANK02,drought,NL,4,3,2030,RCP_4.5,ECB_climate_indicators,chronic,59.7,True,2.77,0.304,F42
PR000298,CP00153,BANK02,sea_level_rise,ES,3,2,2030,RCP_8.5,ECB_climate_indicators,chronic,27.92,False,2.98,0.142,F41
PR000299,CP00154,BANK02,flood,LU,5,3,2030,RCP_2.6,ECB_climate_indicators,acute,61.4,True,8.75,0.313,C30
PR000300,CP00154,BANK02,heatwave,LU,1,2,2030,RCP_2.6,ECB_climate_indicators,acute,61.4,False,2.71,0.313,C30
PR000301,CP00155,BANK02,wildfire,BE,4,4,2030,RCP_4.5,ECB_climate_indicators,acute,730.62,True,63.0,3.72,A02
PR000302,CP00155,BANK02,sea_level_rise,BE,4,3,2050,RCP_4.5,ECB_climate_indicators,chronic,730.62,True,57.17,3.72,A02
PR000303,CP00155,BANK02,windstorm,BE,2,1,2030,RCP_2.6,ECB_climate_indicators,acute,730.62,False,25.43,3.72,A02
PR000304,CP00156,BANK02,wildfire,DE,2,5,2050,RCP_2.6,ECB_climate_indicators,acute,1269.41,True,68.04,6.464,C30
PR000305,CP00156,BANK02,windstorm,DE,1,2,2050,RCP_8.5,ECB_climate_indicators,acute,1269.41,False,82.77,6.464,C30
PR000306,CP00156,BANK02,sea_level_rise,DE,1,3,2030,RCP_4.5,ECB_climate_indicators,chronic,1269.41,False,131.07,6.464,C30
PR000307,CP00157,BANK02,flood,FR,1,4,2050,RCP_8.5,ECB_climate_indicators,acute,772.58,True,73.88,3.934,F42
PR000308,CP00157,BANK02,windstorm,FR,3,4,2030,RCP_2.6,ECB_climate_indicators,acute,772.58,True,52.89,3.934,F42
PR000309,CP00157,BANK02,drought,FR,5,3,2050,RCP_2.6,ECB_climate_indicators,chronic,772.58,True,53.53,3.934,F42
PR000310,CP00158,BANK02,wildfire,PL,3,4,2030,RCP_2.6,ECB_climate_indicators,acute,1.88,True,0.17,0.01,G46
PR000311,CP00158,BANK02,drought,PL,2,2,2030,RCP_8.5,ECB_climate_indicators,chronic,1.88,False,0.08,0.01,G46
PR000312,CP00158,BANK02,flood,PL,4,1,2050,RCP_2.6,ECB_climate_indicators,acute,1.88,True,0.25,0.01,G46
PR000313,CP00159,BANK02,heatwave,NL,1,3,2050,RCP_8.5,ECB_climate_indicators,acute,448.83,False,21.21,2.285,C19
PR000314,CP00160,BANK02,heatwave,IT,2,2,2050,RCP_2.6,ECB_climate_indicators,acute,846.76,False,39.18,4.312,I56
PR000315,CP00160,BANK02,wildfire,IT,1,3,2050,RCP_2.6,ECB_climate_indicators,acute,846.76,False,34.45,4.312,I56
PR000316,CP00160,BANK02,windstorm,IT,1,2,2050,RCP_8.5,ECB_climate_indicators,acute,846.76,False,42.22,4.312,I56
PR000317,CP00161,BANK03,drought,PT,3,3,2050,RCP_8.5,ECB_climate_indicators,chronic,78.75,False,4.64,0.327,J58
PR000318,CP00161,BANK03,windstorm,PT,5,4,2030,RCP_4.5,ECB_climate_indicators,acute,78.75,True,5.39,0.327,J58
PR000319,CP00162,BANK03,heatwave,IT,4,2,2050,RCP_8.5,ECB_climate_indicators,acute,98.11,True,4.44,0.407,H50
PR000320,CP00163,BANK03,flood,PL,2,4,2030,RCP_8.5,ECB_climate_indicators,acute,5.98,True,0.89,0.025,M70
PR000321,CP00163,BANK03,drought,PL,3,5,2030,RCP_2.6,ECB_climate_indicators,chronic,5.98,True,0.42,0.025,M70
PR000322,CP00163,BANK03,wildfire,PL,4,3,2050,RCP_2.6,ECB_climate_indicators,acute,5.98,True,0.45,0.025,M70
PR000323,CP00164,BANK03,windstorm,DE,3,2,2030,RCP_4.5,ECB_climate_indicators,acute,276.39,False,10.01,1.147,J63
PR000324,CP00164,BANK03,heatwave,DE,4,3,2030,RCP_2.6,ECB_climate_indicators,acute,276.39,True,7.84,1.147,J63
PR000325,CP00164,BANK03,drought,DE,2,3,2050,RCP_4.5,ECB_climate_indicators,chronic,276.39,False,14.54,1.147,J63
PR000326,CP00165,BANK03,wildfire,IE,4,3,2030,RCP_2.6,ECB_climate_indicators,acute,113.84,True,9.41,0.473,Q87
PR000327,CP00166,BANK03,wildfire,NL,3,3,2050,RCP_8.5,ECB_climate_indicators,acute,161.9,False,8.12,0.672,F43
PR000328,CP00167,BANK03,wildfire,DE,2,2,2050,RCP_2.6,ECB_climate_indicators,acute,0.96,False,0.07,0.004,N78
PR000329,CP00167,BANK03,drought,DE,2,4,2030,RCP_8.5,ECB_climate_indicators,chronic,0.96,True,0.05,0.004,N78
PR000330,CP00167,BANK03,sea_level_rise,DE,2,1,2030,RCP_2.6,ECB_climate_indicators,chronic,0.96,False,0.08,0.004,N78
PR000331,CP00168,BANK03,flood,IE,1,3,2050,RCP_4.5,ECB_climate_indicators,acute,6.89,False,0.57,0.029,C17
PR000332,CP00168,BANK03,drought,IE,1,3,2030,RCP_4.5,ECB_climate_indicators,chronic,6.89,False,0.41,0.029,C17
PR000333,CP00169,BANK03,wildfire,PT,5,4,2050,RCP_8.5,ECB_climate_indicators,acute,1156.44,True,110.88,4.801,G45
PR000334,CP00169,BANK03,flood,PT,2,3,2050,RCP_2.6,ECB_climate_indicators,acute,1156.44,False,162.39,4.801,G45
PR000335,CP00170,BANK03,windstorm,FI,1,2,2030,RCP_8.5,ECB_climate_indicators,acute,80.57,False,3.76,0.334,I56
PR000336,CP00170,BANK03,sea_level_rise,FI,4,3,2030,RCP_2.6,ECB_climate_indicators,chronic,80.57,True,4.71,0.334,I56
PR000337,CP00171,BANK03,sea_level_rise,BE,2,4,2030,RCP_2.6,ECB_climate_indicators,chronic,1832.21,True,125.33,7.606,B08
PR000338,CP00171,BANK03,flood,BE,3,2,2050,RCP_2.6,ECB_climate_indicators,acute,1832.21,False,173.07,7.606,B08
PR000339,CP00172,BANK03,windstorm,AT,1,2,2030,RCP_4.5,ECB_climate_indicators,acute,296.45,False,12.39,1.231,Q87
PR000340,CP00172,BANK03,wildfire,AT,1,3,2050,RCP_4.5,ECB_climate_indicators,acute,296.45,False,26.36,1.231,Q87
PR000341,CP00173,BANK03,drought,DE,1,3,2050,RCP_4.5,ECB_climate_indicators,chronic,753.42,False,24.2,3.128,N78
PR000342,CP00174,BANK03,heatwave,IT,4,1,2030,RCP_4.5,ECB_climate_indicators,acute,113.71,True,3.25,0.472,C22
PR000343,CP00174,BANK03,flood,IT,3,3,2050,RCP_8.5,ECB_climate_indicators,acute,113.71,False,9.79,0.472,C22
PR000344,CP00175,BANK03,wildfire,BE,4,2,2030,RCP_8.5,ECB_climate_indicators,acute,11.09,True,0.93,0.046,M70
PR000345,CP00176,BANK03,drought,BE,3,3,2050,RCP_8.5,ECB_climate_indicators,chronic,78.9,False,5.57,0.328,C13
PR000346,CP00176,BANK03,sea_level_rise,BE,3,2,2050,RCP_8.5,ECB_climate_indicators,chronic,78.9,False,5.9,0.328,C13
PR000347,CP00176,BANK03,heatwave,BE,3,4,2050,RCP_8.5,ECB_climate_indicators,acute,78.9,True,3.78,0.328,C13
PR000348,CP00177,BANK03,wildfire,IT,2,3,2030,RCP_2.6,ECB_climate_indicators,acute,53.62,False,4.66,0.223,F42
PR000349,CP00178,BANK03,windstorm,PL,4,5,2030,RCP_2.6,ECB_climate_indicators,acute,32.44,True,0.98,0.135,C27
PR000350,CP00178,BANK03,drought,PL,4,3,2050,RCP_2.6,ECB_climate_indicators,chronic,32.44,True,1.55,0.135,C27
PR000351,CP00178,BANK03,sea_level_rise,PL,2,4,2050,RCP_4.5,ECB_climate_indicators,chronic,32.44,True,2.57,0.135,C27
PR000352,CP00179,BANK03,sea_level_rise,DE,3,4,2030,RCP_8.5,ECB_climate_indicators,chronic,53.01,True,2.9,0.22,M70
PR000353,CP00179,BANK03,windstorm,DE,2,4,2050,RCP_8.5,ECB_climate_indicators,acute,53.01,True,3.49,0.22,M70
PR000354,CP00179,BANK03,wildfire,DE,3,2,2050,RCP_4.5,ECB_climate_indicators,acute,53.01,False,3.12,0.22,M70
PR000355,CP00180,BANK03,flood,IT,2,1,2050,RCP_4.5,ECB_climate_indicators,acute,2836.44,False,353.49,11.775,Q87
PR000356,CP00180,BANK03,windstorm,IT,4,2,2050,RCP_8.5,ECB_climate_indicators,acute,2836.44,True,166.65,11.775,Q87
PR000357,CP00181,BANK03,sea_level_rise,IE,3,1,2030,RCP_4.5,ECB_climate_indicators,chronic,1025.22,False,97.25,4.256,M70
PR000358,CP00181,BANK03,wildfire,IE,3,5,2050,RCP_4.5,ECB_climate_indicators,acute,1025.22,True,93.75,4.256,M70
PR000359,CP00182,BANK03,sea_level_rise,IT,3,4,2050,RCP_4.5,ECB_climate_indicators,chronic,571.67,True,34.04,2.373,N78
PR000360,CP00182,BANK03,heatwave,IT,1,2,2050,RCP_4.5,ECB_climate_indicators,acute,571.67,False,11.63,2.373,N78
PR000361,CP00183,BANK03,wildfire,FR,4,3,2050,RCP_8.5,ECB_climate_indicators,acute,480.67,True,47.7,1.995,C11
PR000362,CP00184,BANK03,wildfire,FI,4,1,2050,RCP_8.5,ECB_climate_indicators,acute,142.74,True,10.01,0.593,I56
PR000363,CP00184,BANK03,drought,FI,2,2,2030,RCP_8.5,ECB_climate_indicators,chronic,142.74,False,6.95,0.593,I56
PR000364,CP00185,BANK03,windstorm,DE,2,3,2050,RCP_2.6,ECB_climate_indicators,acute,1721.91,False,118.24,7.148,C30
PR000365,CP00186,BANK03,wildfire,NL,3,1,2050,RCP_8.5,ECB_climate_indicators,acute,247.29,False,19.01,1.027,C24
PR000366,CP00186,BANK03,heatwave,NL,3,5,2030,RCP_2.6,ECB_climate_indicators,acute,247.29,True,9.22,1.027,C24
PR000367,CP00187,BANK03,wildfire,LU,2,5,2030,RCP_8.5,ECB_climate_indicators,acute,1867.91,True,127.58,7.754,C10
PR000368,CP00187,BANK03,heatwave,LU,5,2,2050,RCP_2.6,ECB_climate_indicators,acute,1867.91,True,80.49,7.754,C10
PR000369,CP00188,BANK03,sea_level_rise,DE,1,4,2030,RCP_4.5,ECB_climate_indicators,chronic,797.59,True,83.79,3.311,C29
PR000370,CP00188,BANK03,wildfire,DE,4,1,2050,RCP_2.6,ECB_climate_indicators,acute,797.59,True,32.04,3.311,C29
PR000371,CP00188,BANK03,windstorm,DE,3,5,2050,RCP_8.5,ECB_climate_indicators,acute,797.59,True,49.1,3.311,C29
PR000372,CP00189,BANK03,drought,BE,2,3,2050,RCP_8.5,ECB_climate_indicators,chronic,15.91,False,0.61,0.066,G46
PR000373,CP00189,BANK03,flood,BE,2,2,2030,RCP_4.5,ECB_climate_indicators,acute,15.91,False,1.41,0.066,G46
PR000374,CP00190,BANK03,windstorm,IE,2,5,2050,RCP_2.6,ECB_climate_indicators,acute,1.38,True,0.06,0.006,C30
PR000375,CP00190,BANK03,sea_level_rise,IE,2,2,2050,RCP_4.5,ECB_climate_indicators,chronic,1.38,False,0.15,0.006,C30
PR000376,CP00190,BANK03,heatwave,IE,5,4,2030,RCP_8.5,ECB_climate_indicators,acute,1.38,True,0.05,0.006,C30
PR000377,CP00191,BANK03,windstorm,AT,2,3,2050,RCP_4.5,ECB_climate_indicators,acute,14.63,False,0.56,0.061,C30
PR000378,CP00191,BANK03,heatwave,AT,4,4,2030,RCP_8.5,ECB_climate_indicators,acute,14.63,True,0.6,0.061,C30
PR000379,CP00191,BANK03,flood,AT,3,2,2050,RCP_4.5,ECB_climate_indicators,acute,14.63,False,1.56,0.061,C30
PR000380,CP00192,BANK03,sea_level_rise,DE,4,4,2030,RCP_4.5,ECB_climate_indicators,chronic,17.45,True,1.94,0.072,P85
PR000381,CP00192,BANK03,heatwave,DE,2,2,2050,RCP_4.5,ECB_climate_indicators,acute,17.45,False,0.69,0.072,P85
PR000382,CP00192,BANK03,drought,DE,4,4,2050,RCP_4.5,ECB_climate_indicators,chronic,17.45,True,1.04,0.072,P85
PR000383,CP00193,BANK03,heatwave,IT,3,2,2030,RCP_4.5,ECB_climate_indicators,acute,125.52,False,5.12,0.521,P85
PR000384,CP00193,BANK03,wildfire,IT,3,3,2050,RCP_8.5,ECB_climate_indicators,acute,125.52,False,12.07,0.521,P85
PR000385,CP00193,BANK03,drought,IT,3,2,2050,RCP_4.5,ECB_climate_indicators,chronic,125.52,False,4.78,0.521,P85
PR000386,CP00194,BANK03,windstorm,IT,1,2,2050,RCP_4.5,ECB_climate_indicators,acute,38.47,False,2.22,0.16,N78
PR000387,CP00194,BANK03,flood,IT,3,1,2050,RCP_2.6,ECB_climate_indicators,acute,38.47,False,5.5,0.16,N78
PR000388,CP00195,BANK03,drought,ES,2,3,2050,RCP_4.5,ECB_climate_indicators,chronic,2.1,False,0.16,0.009,C27
PR000389,CP00195,BANK03,wildfire,ES,1,4,2030,RCP_4.5,ECB_climate_indicators,acute,2.1,True,0.11,0.009,C27
PR000390,CP00195,BANK03,flood,ES,5,2,2050,RCP_2.6,ECB_climate_indicators,acute,2.1,True,0.17,0.009,C27
PR000391,CP00196,BANK03,windstorm,IT,2,3,2030,RCP_2.6,ECB_climate_indicators,acute,1877.65,False,110.39,7.795,E36
PR000392,CP00196,BANK03,drought,IT,3,3,2030,RCP_4.5,ECB_climate_indicators,chronic,1877.65,False,86.96,7.795,E36
PR000393,CP00197,BANK03,flood,FR,1,3,2050,RCP_8.5,ECB_climate_indicators,acute,59.87,False,6.8,0.249,J62
PR000394,CP00198,BANK03,wildfire,LU,4,4,2030,RCP_4.5,ECB_climate_indicators,acute,8.19,True,0.51,0.034,I56
PR000395,CP00198,BANK03,drought,LU,2,3,2050,RCP_4.5,ECB_climate_indicators,chronic,8.19,False,0.41,0.034,I56
PR000396,CP00198,BANK03,windstorm,LU,3,5,2050,RCP_2.6,ECB_climate_indicators,acute,8.19,True,0.31,0.034,I56
PR000397,CP00199,BANK03,drought,LU,4,4,2030,RCP_8.5,ECB_climate_indicators,chronic,1367.47,True,96.46,5.677,F41
PR000398,CP00199,BANK03,sea_level_rise,LU,2,3,2030,RCP_4.5,ECB_climate_indicators,chronic,1367.47,False,78.18,5.677,F41
PR000399,CP00199,BANK03,wildfire,LU,2,4,2050,RCP_4.5,ECB_climate_indicators,acute,1367.47,True,78.79,5.677,F41
PR000400,CP00200,BANK03,windstorm,BE,3,1,2050,RCP_8.5,ECB_climate_indicators,acute,4.9,False,0.34,0.02,N78
PR000401,CP00200,BANK03,drought,BE,3,5,2050,RCP_8.5,ECB_climate_indicators,chronic,4.9,True,0.19,0.02,N78
PR000402,CP00200,BANK03,heatwave,BE,1,1,2050,RCP_2.6,ECB_climate_indicators,acute,4.9,False,0.15,0.02,N78
PR000403,CP00201,BANK03,windstorm,PT,1,5,2030,RCP_2.6,ECB_climate_indicators,acute,1.54,True,0.07,0.006,P85
PR000404,CP00202,BANK03,drought,DE,3,1,2050,RCP_8.5,ECB_climate_indicators,chronic,514.18,False,36.53,2.135,I55
PR000405,CP00202,BANK03,heatwave,DE,3,5,2050,RCP_4.5,ECB_climate_indicators,acute,514.18,True,17.86,2.135,I55
PR000406,CP00203,BANK03,drought,PT,3,3,2050,RCP_2.6,ECB_climate_indicators,chronic,47.71,False,2.9,0.198,C11
PR000407,CP00203,BANK03,windstorm,PT,3,4,2050,RCP_4.5,ECB_climate_indicators,acute,47.71,True,2.35,0.198,C11
PR000408,CP00203,BANK03,wildfire,PT,5,2,2050,RCP_2.6,ECB_climate_indicators,acute,47.71,True,2.03,0.198,C11
PR000409,CP00204,BANK03,sea_level_rise,FR,4,4,2030,RCP_2.6,ECB_climate_indicators,chronic,966.12,True,78.29,4.011,C28
PR000410,CP00204,BANK03,windstorm,FR,4,2,2030,RCP_4.5,ECB_climate_indicators,acute,966.12,True,63.09,4.011,C28
PR000411,CP00204,BANK03,drought,FR,4,1,2030,RCP_2.6,ECB_climate_indicators,chronic,966.12,True,62.2,4.011,C28
PR000412,CP00205,BANK03,flood,NL,3,4,2030,RCP_4.5,ECB_climate_indicators,acute,633.57,True,88.47,2.63,Q87
PR000413,CP00206,BANK03,drought,IE,5,2,2050,RCP_8.5,ECB_climate_indicators,chronic,1.68,True,0.1,0.007,A02
PR000414,CP00206,BANK03,sea_level_rise,IE,3,4,2030,RCP_2.6,ECB_climate_indicators,chronic,1.68,True,0.1,0.007,A02
PR000415,CP00206,BANK03,windstorm,IE,2,4,2050,RCP_2.6,ECB_climate_indicators,acute,1.68,True,0.11,0.007,A02
PR000416,CP00207,BANK03,heatwave,DE,3,4,2030,RCP_4.5,ECB_climate_indicators,acute,7.07,True,0.27,0.029,C25
PR000417,CP00207,BANK03,flood,DE,2,3,2030,RCP_2.6,ECB_climate_indicators,acute,7.07,False,0.62,0.029,C25
PR000418,CP00208,BANK03,flood,IE,3,3,2050,RCP_2.6,ECB_climate_indicators,acute,78.18,False,8.84,0.325,F42
PR000419,CP00209,BANK03,drought,NL,5,5,2030,RCP_8.5,ECB_climate_indicators,chronic,214.29,True,13.34,0.89,C13
PR000420,CP00209,BANK03,flood,NL,2,4,2030,RCP_2.6,ECB_climate_indicators,acute,214.29,True,19.87,0.89,C13
PR000421,CP00210,BANK03,sea_level_rise,PL,4,3,2050,RCP_8.5,ECB_climate_indicators,chronic,5.25,True,0.46,0.022,F42
PR000422,CP00211,BANK03,wildfire,DE,4,3,2050,RCP_2.6,ECB_climate_indicators,acute,99.57,True,8.14,0.413,E38
PR000423,CP00211,BANK03,flood,DE,3,2,2030,RCP_2.6,ECB_climate_indicators,acute,99.57,False,11.73,0.413,E38
PR000424,CP00212,BANK03,windstorm,DE,2,2,2050,RCP_2.6,ECB_climate_indicators,acute,20.63,False,0.69,0.086,I56
PR000425,CP00212,BANK03,drought,DE,1,2,2050,RCP_4.5,ECB_climate_indicators,chronic,20.63,False,1.59,0.086,I56
PR000426,CP00213,BANK03,windstorm,IT,3,4,2030,RCP_2.6,ECB_climate_indicators,acute,175.28,True,6.15,0.728,J58
PR000427,CP00213,BANK03,sea_level_rise,IT,2,2,2030,RCP_2.6,ECB_climate_indicators,chronic,175.28,False,21.02,0.728,J58
PR000428,CP00213,BANK03,drought,IT,4,5,2050,RCP_8.5,ECB_climate_indicators,chronic,175.28,True,8.41,0.728,J58
PR000429,CP00214,BANK03,sea_level_rise,BE,2,2,2050,RCP_2.6,ECB_climate_indicators,chronic,1126.91,False,94.57,4.678,C20
PR000430,CP00214,BANK03,drought,BE,3,1,2030,RCP_2.6,ECB_climate_indicators,chronic,1126.91,False,37.98,4.678,C20
PR000431,CP00214,BANK03,windstorm,BE,5,5,2030,RCP_8.5,ECB_climate_indicators,acute,1126.91,True,75.21,4.678,C20
PR000432,CP00215,BANK03,windstorm,ES,3,5,2030,RCP_4.5,ECB_climate_indicators,acute,849.02,True,48.99,3.525,M70
PR000433,CP00215,BANK03,sea_level_rise,ES,1,4,2050,RCP_4.5,ECB_climate_indicators,chronic,849.02,True,77.7,3.525,M70
PR000434,CP00216,BANK03,drought,DE,4,3,2030,RCP_2.6,ECB_climate_indicators,chronic,40.82,True,1.66,0.169,E38
PR000435,CP00216,BANK03,flood,DE,1,3,2030,RCP_2.6,ECB_climate_indicators,acute,40.82,False,5.64,0.169,E38
PR000436,CP00216,BANK03,sea_level_rise,DE,2,2,2050,RCP_8.5,ECB_climate_indicators,chronic,40.82,False,4.27,0.169,E38
PR000437,CP00217,BANK03,drought,BE,4,3,2030,RCP_8.5,ECB_climate_indicators,chronic,38.18,True,1.29,0.158,Q86
PR000438,CP00218,BANK03,windstorm,DE,3,3,2030,RCP_2.6,ECB_climate_indicators,acute,685.55,False,24.21,2.846,C19
PR000439,CP00218,BANK03,flood,DE,3,3,2030,RCP_2.6,ECB_climate_indicators,acute,685.55,False,94.83,2.846,C19
PR000440,CP00218,BANK03,drought,DE,4,2,2030,RCP_8.5,ECB_climate_indicators,chronic,685.55,True,21.22,2.846,C19
PR000441,CP00219,BANK03,flood,NL,1,2,2030,RCP_8.5,ECB_climate_indicators,acute,152.12,False,12.21,0.631,Q86
PR000442,CP00219,BANK03,windstorm,NL,3,1,2050,RCP_2.6,ECB_climate_indicators,acute,152.12,False,4.57,0.631,Q86
PR000443,CP00220,BANK03,sea_level_rise,LU,3,4,2030,RCP_8.5,ECB_climate_indicators,chronic,1.35,True,0.11,0.006,E38
PR000444,CP00220,BANK03,wildfire,LU,2,1,2030,RCP_4.5,ECB_climate_indicators,acute,1.35,False,0.12,0.006,E38
PR000445,CP00220,BANK03,drought,LU,3,2,2050,RCP_8.5,ECB_climate_indicators,chronic,1.35,False,0.09,0.006,E38
PR000446,CP00221,BANK04,wildfire,NL,2,4,2050,RCP_4.5,ECB_climate_indicators,acute,4.82,True,0.36,0.054,G46
PR000447,CP00221,BANK04,heatwave,NL,2,4,2030,RCP_8.5,ECB_climate_indicators,acute,4.82,True,0.15,0.054,G46
PR000448,CP00221,BANK04,windstorm,NL,2,1,2030,RCP_2.6,ECB_climate_indicators,acute,4.82,False,0.26,0.054,G46
PR000449,CP00222,BANK04,heatwave,IT,1,5,2050,RCP_4.5,ECB_climate_indicators,acute,67.72,True,1.59,0.762,N78
PR000450,CP00222,BANK04,sea_level_rise,IT,1,4,2030,RCP_2.6,ECB_climate_indicators,chronic,67.72,True,3.62,0.762,N78
PR000451,CP00222,BANK04,wildfire,IT,2,4,2030,RCP_8.5,ECB_climate_indicators,acute,67.72,True,4.35,0.762,N78
PR000452,CP00223,BANK04,heatwave,PT,3,3,2050,RCP_8.5,ECB_climate_indicators,acute,2004.13,False,96.39,22.542,M71
PR000453,CP00223,BANK04,drought,PT,1,2,2030,RCP_8.5,ECB_climate_indicators,chronic,2004.13,False,93.35,22.542,M71
PR000454,CP00224,BANK04,heatwave,NL,2,3,2030,RCP_4.5,ECB_climate_indicators,acute,165.1,False,3.7,1.857,J63
PR000455,CP00224,BANK04,flood,NL,3,3,2030,RCP_8.5,ECB_climate_indicators,acute,165.1,False,21.05,1.857,J63
PR000456,CP00224,BANK04,sea_level_rise,NL,4,3,2030,RCP_2.6,ECB_climate_indicators,chronic,165.1,True,18.1,1.857,J63
PR000457,CP00225,BANK04,heatwave,IT,1,3,2030,RCP_4.5,ECB_climate_indicators,acute,26.4,False,0.79,0.297,L68
PR000458,CP00225,BANK04,flood,IT,2,2,2030,RCP_8.5,ECB_climate_indicators,acute,26.4,False,2.54,0.297,L68
PR000459,CP00226,BANK04,drought,BE,4,3,2030,RCP_2.6,ECB_climate_indicators,chronic,1.31,True,0.1,0.015,E36
PR000460,CP00226,BANK04,wildfire,BE,2,2,2050,RCP_4.5,ECB_climate_indicators,acute,1.31,False,0.09,0.015,E36
PR000461,CP00227,BANK04,flood,NL,1,1,2050,RCP_8.5,ECB_climate_indicators,acute,33.72,False,4.18,0.379,C27
PR000462,CP00227,BANK04,heatwave,NL,5,3,2030,RCP_2.6,ECB_climate_indicators,acute,33.72,True,1.36,0.379,C27
PR000463,CP00227,BANK04,wildfire,NL,2,3,2050,RCP_4.5,ECB_climate_indicators,acute,33.72,False,2.1,0.379,C27
PR000464,CP00228,BANK04,flood,AT,3,5,2030,RCP_4.5,ECB_climate_indicators,acute,310.52,True,29.08,3.493,G46
PR000465,CP00228,BANK04,drought,AT,3,2,2030,RCP_2.6,ECB_climate_indicators,chronic,310.52,False,23.36,3.493,G46
PR000466,CP00229,BANK04,sea_level_rise,AT,3,3,2050,RCP_8.5,ECB_climate_indicators,chronic,2.94,False,0.33,0.033,E36
PR000467,CP00230,BANK04,flood,ES,2,5,2030,RCP_4.5,ECB_climate_indicators,acute,54.64,True,6.89,0.615,K65
PR000468,CP00230,BANK04,sea_level_rise,ES,4,2,2030,RCP_4.5,ECB_climate_indicators,chronic,54.64,True,5.33,0.615,K65
PR000469,CP00231,BANK04,heatwave,IT,4,4,2050,RCP_2.6,ECB_climate_indicators,acute,0.99,True,0.02,0.011,J62
PR000470,CP00232,BANK04,wildfire,BE,3,4,2030,RCP_8.5,ECB_climate_indicators,acute,7.35,True,0.33,0.083,J62
PR000471,CP00232,BANK04,drought,BE,2,3,2030,RCP_8.5,ECB_climate_indicators,chronic,7.35,False,0.54,0.083,J62
PR000472,CP00233,BANK04,flood,FR,5,1,2050,RCP_2.6,ECB_climate_indicators,acute,1060.43,True,136.49,11.928,C22
PR000473,CP00233,BANK04,drought,FR,2,2,2050,RCP_4.5,ECB_climate_indicators,chronic,1060.43,False,60.95,11.928,C22
PR000474,CP00234,BANK04,heatwave,DE,5,2,2030,RCP_8.5,ECB_climate_indicators,acute,97.24,True,2.26,1.094,G45
PR000475,CP00235,BANK04,drought,NL,3,3,2050,RCP_8.5,ECB_climate_indicators,chronic,86.76,False,4.52,0.976,H49
PR000476,CP00235,BANK04,flood,NL,2,3,2050,RCP_8.5,ECB_climate_indicators,acute,86.76,False,9.23,0.976,H49
PR000477,CP00236,BANK04,drought,DE,4,4,2030,RCP_8.5,ECB_climate_indicators,chronic,1064.46,True,73.32,11.973,C13
PR000478,CP00237,BANK04,windstorm,BE,2,3,2030,RCP_2.6,ECB_climate_indicators,acute,6.73,False,0.36,0.076,G47
PR000479,CP00238,BANK04,drought,LU,3,2,2030,RCP_2.6,ECB_climate_indicators,chronic,69.77,False,5.11,0.785,E38
PR000480,CP00238,BANK04,heatwave,LU,3,4,2050,RCP_4.5,ECB_climate_indicators,acute,69.77,True,1.92,0.785,E38
PR000481,CP00238,BANK04,flood,LU,1,5,2050,RCP_2.6,ECB_climate_indicators,acute,69.77,True,8.09,0.785,E38
PR000482,CP00239,BANK04,flood,PT,1,2,2030,RCP_2.6,ECB_climate_indicators,acute,5.01,False,0.63,0.056,C27
PR000483,CP00239,BANK04,heatwave,PT,3,1,2030,RCP_2.6,ECB_climate_indicators,acute,5.01,False,0.17,0.056,C27
PR000484,CP00240,BANK04,heatwave,FI,4,5,2030,RCP_4.5,ECB_climate_indicators,acute,227.0,True,9.8,2.553,C27
PR000485,CP00240,BANK04,windstorm,FI,3,3,2030,RCP_8.5,ECB_climate_indicators,acute,227.0,False,11.89,2.553,C27
PR000486,CP00240,BANK04,flood,FI,4,4,2030,RCP_4.5,ECB_climate_indicators,acute,227.0,True,19.89,2.553,C27
PR000487,CP00241,BANK04,flood,DE,3,4,2030,RCP_2.6,ECB_climate_indicators,acute,150.0,True,17.68,1.687,J62
PR000488,CP00242,BANK04,drought,PL,4,1,2050,RCP_2.6,ECB_climate_indicators,chronic,103.26,True,4.25,1.161,G46
PR000489,CP00243,BANK04,sea_level_rise,NL,4,3,2050,RCP_2.6,ECB_climate_indicators,chronic,213.69,True,12.35,2.404,F42
PR000490,CP00243,BANK04,windstorm,NL,2,5,2030,RCP_4.5,ECB_climate_indicators,acute,213.69,True,8.82,2.404,F42
PR000491,CP00243,BANK04,drought,NL,1,2,2050,RCP_8.5,ECB_climate_indicators,chronic,213.69,False,10.52,2.404,F42
PR000492,CP00244,BANK04,sea_level_rise,ES,3,1,2050,RCP_8.5,ECB_climate_indicators,chronic,61.13,False,5.51,0.688,K65
PR000493,CP00244,BANK04,flood,ES,3,3,2050,RCP_2.6,ECB_climate_indicators,acute,61.13,False,7.27,0.688,K65
PR000494,CP00245,BANK04,drought,BE,3,3,2050,RCP_2.6,ECB_climate_indicators,chronic,105.1,False,4.09,1.182,J63
PR000495,CP00245,BANK04,windstorm,BE,2,4,2030,RCP_2.6,ECB_climate_indicators,acute,105.1,True,5.89,1.182,J63
PR000496,CP00245,BANK04,flood,BE,5,2,2050,RCP_2.6,ECB_climate_indicators,acute,105.1,True,12.31,1.182,J63
PR000497,CP00246,BANK04,flood,ES,4,3,2050,RCP_4.5,ECB_climate_indicators,acute,120.91,True,10.39,1.36,J58
PR000498,CP00247,BANK04,windstorm,IT,4,3,2050,RCP_2.6,ECB_climate_indicators,acute,78.99,True,4.63,0.888,J62
PR000499,CP00247,BANK04,wildfire,IT,3,2,2050,RCP_2.6,ECB_climate_indicators,acute,78.99,False,5.41,0.888,J62
PR000500,CP00247,BANK04,flood,IT,2,4,2050,RCP_4.5,ECB_climate_indicators,acute,78.99,True,10.97,0.888,J62
PR000501,CP00248,BANK04,flood,BE,3,3,2030,RCP_4.5,ECB_climate_indicators,acute,997.99,False,96.61,11.225,I56
PR000502,CP00249,BANK04,flood,NL,4,3,2050,RCP_8.5,ECB_climate_indicators,acute,780.42,True,114.36,8.778,J58
PR000503,CP00250,BANK04,heatwave,FR,2,4,2050,RCP_4.5,ECB_climate_indicators,acute,349.78,True,16.3,3.934,J63
PR000504,CP00250,BANK04,flood,FR,3,3,2030,RCP_8.5,ECB_climate_indicators,acute,349.78,False,29.56,3.934,J63
PR000505,CP00251,BANK04,drought,FI,2,4,2050,RCP_4.5,ECB_climate_indicators,chronic,41.88,True,2.87,0.471,C28
PR000506,CP00251,BANK04,heatwave,FI,2,3,2030,RCP_8.5,ECB_climate_indicators,acute,41.88,False,1.77,0.471,C28
PR000507,CP00251,BANK04,wildfire,FI,3,3,2030,RCP_4.5,ECB_climate_indicators,acute,41.88,False,2.46,0.471,C28
PR000508,CP00252,BANK04,heatwave,DE,2,3,2030,RCP_2.6,ECB_climate_indicators,acute,393.81,False,19.68,4.43,K65
PR000509,CP00253,BANK04,flood,IT,1,3,2050,RCP_4.5,ECB_climate_indicators,acute,9.91,False,0.87,0.111,E38
PR000510,CP00253,BANK04,drought,IT,4,2,2030,RCP_2.6,ECB_climate_indicators,chronic,9.91,True,0.32,0.111,E38
PR000511,CP00253,BANK04,heatwave,IT,3,3,2050,RCP_8.5,ECB_climate_indicators,acute,9.91,False,0.3,0.111,E38
PR000512,CP00254,BANK04,flood,DE,3,4,2030,RCP_4.5,ECB_climate_indicators,acute,71.37,True,8.57,0.803,L68
PR000513,CP00254,BANK04,drought,DE,1,2,2050,RCP_4.5,ECB_climate_indicators,chronic,71.37,False,4.57,0.803,L68
PR000514,CP00254,BANK04,wildfire,DE,1,3,2050,RCP_8.5,ECB_climate_indicators,acute,71.37,False,6.23,0.803,L68
PR000515,CP00255,BANK04,heatwave,FR,3,3,2050,RCP_2.6,ECB_climate_indicators,acute,115.3,False,5.11,1.297,L68
PR000516,CP00256,BANK05,flood,DE,3,4,2050,RCP_2.6,ECB_climate_indicators,acute,89.84,True,10.96,0.918,B06
PR000517,CP00256,BANK05,windstorm,DE,5,2,2050,RCP_4.5,ECB_climate_indicators,acute,89.84,True,4.15,0.918,B06
PR000518,CP00256,BANK05,drought,DE,1,2,2050,RCP_8.5,ECB_climate_indicators,chronic,89.84,False,6.09,0.918,B06
PR000519,CP00257,BANK05,wildfire,IT,3,1,2050,RCP_4.5,ECB_climate_indicators,acute,69.93,False,3.56,0.715,E38
PR000520,CP00257,BANK05,drought,IT,2,3,2030,RCP_2.6,ECB_climate_indicators,chronic,69.93,False,4.25,0.715,E38
PR000521,CP00257,BANK05,heatwave,IT,3,5,2050,RCP_8.5,ECB_climate_indicators,acute,69.93,True,2.22,0.715,E38
PR000522,CP00258,BANK05,windstorm,IT,2,2,2050,RCP_8.5,ECB_climate_indicators,acute,8.68,False,0.36,0.089,C29
PR000523,CP00258,BANK05,wildfire,IT,3,5,2030,RCP_2.6,ECB_climate_indicators,acute,8.68,True,0.86,0.089,C29
PR000524,CP00258,BANK05,flood,IT,2,2,2030,RCP_4.5,ECB_climate_indicators,acute,8.68,False,1.04,0.089,C29
PR000525,CP00259,BANK05,flood,LU,3,3,2030,RCP_8.5,ECB_climate_indicators,acute,5.9,False,0.5,0.06,Q87
PR000526,CP00259,BANK05,drought,LU,5,4,2050,RCP_4.5,ECB_climate_indicators,chronic,5.9,True,0.43,0.06,Q87
PR000527,CP00260,BANK05,flood,IT,2,5,2050,RCP_2.6,ECB_climate_indicators,acute,1.7,True,0.23,0.017,C23
PR000528,CP00261,BANK05,sea_level_rise,FR,1,4,2050,RCP_8.5,ECB_climate_indicators,chronic,9.22,True,0.96,0.094,H51
PR000529,CP00261,BANK05,windstorm,FR,3,2,2050,RCP_4.5,ECB_climate_indicators,acute,9.22,False,0.57,0.094,H51
PR000530,CP00261,BANK05,wildfire,FR,2,2,2030,RCP_8.5,ECB_climate_indicators,acute,9.22,False,0.76,0.094,H51
PR000531,CP00262,BANK05,flood,ES,5,3,2050,RCP_4.5,ECB_climate_indicators,acute,153.24,True,19.03,1.566,H50
PR000532,CP00262,BANK05,heatwave,ES,3,3,2050,RCP_2.6,ECB_climate_indicators,acute,153.24,False,4.7,1.566,H50
PR000533,CP00263,BANK05,drought,IE,5,3,2050,RCP_2.6,ECB_climate_indicators,chronic,8.09,True,0.46,0.083,C20
PR000534,CP00263,BANK05,sea_level_rise,IE,2,2,2030,RCP_4.5,ECB_climate_indicators,chronic,8.09,False,0.58,0.083,C20
PR000535,CP00264,BANK05,heatwave,BE,1,3,2050,RCP_2.6,ECB_climate_indicators,acute,133.75,False,4.84,1.367,B07
PR000536,CP00264,BANK05,flood,BE,1,2,2030,RCP_8.5,ECB_climate_indicators,acute,133.75,False,19.82,1.367,B07
PR000537,CP00264,BANK05,sea_level_rise,BE,1,2,2030,RCP_4.5,ECB_climate_indicators,chronic,133.75,False,14.33,1.367,B07
PR000538,CP00265,BANK05,windstorm,BE,3,4,2030,RCP_8.5,ECB_climate_indicators,acute,7.56,True,0.42,0.077,C24
PR000539,CP00265,BANK05,wildfire,BE,3,2,2030,RCP_2.6,ECB_climate_indicators,acute,7.56,False,0.59,0.077,C24
PR000540,CP00266,BANK05,drought,IE,4,2,2050,RCP_8.5,ECB_climate_indicators,chronic,17.4,True,0.91,0.178,F43
PR000541,CP00266,BANK05,flood,IE,2,1,2050,RCP_8.5,ECB_climate_indicators,acute,17.4,False,2.52,0.178,F43
PR000542,CP00266,BANK05,sea_level_rise,IE,2,3,2050,RCP_8.5,ECB_climate_indicators,chronic,17.4,False,1.1,0.178,F43
PR000543,CP00267,BANK05,sea_level_rise,FI,4,1,2050,RCP_4.5,ECB_climate_indicators,chronic,16.91,True,1.63,0.173,H50
PR000544,CP00268,BANK05,wildfire,ES,1,4,2050,RCP_8.5,ECB_climate_indicators,acute,10.02,True,0.41,0.102,Q86
PR000545,CP00269,BANK05,wildfire,FR,2,2,2050,RCP_4.5,ECB_climate_indicators,acute,11.92,False,0.96,0.122,C24
PR000546,CP00269,BANK05,flood,FR,3,5,2030,RCP_2.6,ECB_climate_indicators,acute,11.92,True,1.58,0.122,C24
PR000547,CP00270,BANK05,drought,BE,5,4,2030,RCP_4.5,ECB_climate_indicators,chronic,1696.78,True,105.58,17.343,C17
PR000548,CP00270,BANK05,flood,BE,1,4,2030,RCP_4.5,ECB_climate_indicators,acute,1696.78,True,228.23,17.343,C17
PR000549,CP00271,BANK05,sea_level_rise,DE,1,3,2030,RCP_2.6,ECB_climate_indicators,chronic,2.08,False,0.2,0.021,C11
PR000550,CP00271,BANK05,heatwave,DE,1,4,2030,RCP_2.6,ECB_climate_indicators,acute,2.08,True,0.1,0.021,C11
PR000551,CP00271,BANK05,flood,DE,2,1,2030,RCP_4.5,ECB_climate_indicators,acute,2.08,False,0.27,0.021,C11
PR000552,CP00272,BANK05,sea_level_rise,FR,3,4,2050,RCP_8.5,ECB_climate_indicators,chronic,98.68,True,5.52,1.009,J63
PR000553,CP00272,BANK05,flood,FR,1,2,2030,RCP_2.6,ECB_climate_indicators,acute,98.68,False,10.67,1.009,J63
PR000554,CP00272,BANK05,wildfire,FR,5,2,2050,RCP_4.5,ECB_climate_indicators,acute,98.68,True,7.3,1.009,J63
PR000555,CP00273,BANK05,windstorm,FI,5,3,2050,RCP_2.6,ECB_climate_indicators,acute,1124.84,True,70.9,11.497,H52
PR000556,CP00273,BANK05,drought,FI,2,3,2050,RCP_4.5,ECB_climate_indicators,chronic,1124.84,False,88.43,11.497,H52
PR000557,CP00273,BANK05,sea_level_rise,FI,3,3,2050,RCP_4.5,ECB_climate_indicators,chronic,1124.84,False,119.4,11.497,H52
PR000558,CP00274,BANK05,drought,PL,2,2,2030,RCP_2.6,ECB_climate_indicators,chronic,16.49,False,0.86,0.169,C17
PR000559,CP00275,BANK05,windstorm,BE,1,3,2050,RCP_8.5,ECB_climate_indicators,acute,543.35,False,21.84,5.554,I56
PR000560,CP00276,BANK05,heatwave,PT,2,3,2050,RCP_2.6,ECB_climate_indicators,acute,520.51,False,21.42,5.32,H51
PR000561,CP00276,BANK05,windstorm,PT,3,4,2030,RCP_2.6,ECB_climate_indicators,acute,520.51,True,36.13,5.32,H51
PR000562,CP00277,BANK05,sea_level_rise,FR,1,1,2030,RCP_2.6,ECB_climate_indicators,chronic,6.92,False,0.35,0.071,A01
PR000563,CP00277,BANK05,flood,FR,3,2,2050,RCP_8.5,ECB_climate_indicators,acute,6.92,False,0.59,0.071,A01
PR000564,CP00277,BANK05,wildfire,FR,3,2,2050,RCP_8.5,ECB_climate_indicators,acute,6.92,False,0.43,0.071,A01
PR000565,CP00278,BANK05,wildfire,DE,2,3,2050,RCP_8.5,ECB_climate_indicators,acute,17.99,False,1.62,0.184,C11
PR000566,CP00278,BANK05,flood,DE,2,1,2030,RCP_8.5,ECB_climate_indicators,acute,17.99,False,1.44,0.184,C11
PR000567,CP00278,BANK05,windstorm,DE,2,3,2050,RCP_2.6,ECB_climate_indicators,acute,17.99,False,1.24,0.184,C11
PR000568,CP00279,BANK05,windstorm,BE,1,2,2030,RCP_4.5,ECB_climate_indicators,acute,80.09,False,2.68,0.819,C17
PR000569,CP00279,BANK05,wildfire,BE,2,2,2030,RCP_2.6,ECB_climate_indicators,acute,80.09,False,5.76,0.819,C17
PR000570,CP00280,BANK05,windstorm,DE,3,4,2050,RCP_4.5,ECB_climate_indicators,acute,13.3,True,0.56,0.136,C27
PR000571,CP00281,BANK05,flood,DE,3,2,2030,RCP_8.5,ECB_climate_indicators,acute,9.55,False,1.38,0.098,C19
PR000572,CP00281,BANK05,windstorm,DE,5,5,2030,RCP_4.5,ECB_climate_indicators,acute,9.55,True,0.6,0.098,C19
PR000573,CP00282,BANK05,sea_level_rise,DE,2,3,2050,RCP_2.6,ECB_climate_indicators,chronic,3213.65,False,329.32,32.848,C30
PR000574,CP00283,BANK05,flood,ES,4,3,2050,RCP_2.6,ECB_climate_indicators,acute,1.89,True,0.27,0.019,H50
PR000575,CP00283,BANK05,sea_level_rise,ES,1,5,2050,RCP_4.5,ECB_climate_indicators,chronic,1.89,True,0.14,0.019,H50
PR000576,CP00284,BANK05,flood,PL,2,3,2050,RCP_8.5,ECB_climate_indicators,acute,5.04,False,0.57,0.052,C29
PR000577,CP00284,BANK05,sea_level_rise,PL,2,4,2050,RCP_8.5,ECB_climate_indicators,chronic,5.04,True,0.42,0.052,C29
PR000578,CP00285,BANK05,sea_level_rise,FR,2,3,2030,RCP_2.6,ECB_climate_indicators,chronic,142.74,False,11.07,1.459,A02
PR000579,CP00285,BANK05,drought,FR,2,1,2030,RCP_8.5,ECB_climate_indicators,chronic,142.74,False,7.85,1.459,A02
PR000580,CP00285,BANK05,windstorm,FR,2,2,2030,RCP_4.5,ECB_climate_indicators,acute,142.74,False,9.57,1.459,A02
PR000581,CP00286,BANK05,windstorm,DE,1,1,2050,RCP_2.6,ECB_climate_indicators,acute,165.95,False,5.37,1.696,C20
PR000582,CP00287,BANK05,windstorm,PL,1,2,2030,RCP_4.5,ECB_climate_indicators,acute,38.02,False,1.36,0.389,E36
PR000583,CP00287,BANK05,wildfire,PL,1,2,2050,RCP_2.6,ECB_climate_indicators,acute,38.02,False,1.7,0.389,E36
PR000584,CP00287,BANK05,heatwave,PL,2,2,2030,RCP_4.5,ECB_climate_indicators,acute,38.02,False,1.5,0.389,E36
PR000585,CP00288,BANK05,windstorm,IE,3,3,2050,RCP_4.5,ECB_climate_indicators,acute,34.19,False,1.83,0.349,A02
PR000586,CP00289,BANK05,sea_level_rise,FI,2,3,2030,RCP_4.5,ECB_climate_indicators,chronic,18.06,False,1.09,0.185,H50
PR000587,CP00289,BANK05,drought,FI,1,1,2050,RCP_2.6,ECB_climate_indicators,chronic,18.06,False,1.22,0.185,H50
PR000588,CP00289,BANK05,heatwave,FI,2,1,2030,RCP_4.5,ECB_climate_indicators,acute,18.06,False,0.69,0.185,H50
PR000589,CP00290,BANK05,flood,NL,3,3,2050,RCP_2.6,ECB_climate_indicators,acute,19.19,False,2.32,0.196,Q86
PR000590,CP00290,BANK05,sea_level_rise,NL,3,4,2050,RCP_2.6,ECB_climate_indicators,chronic,19.19,True,1.8,0.196,Q86
PR000591,CP00290,BANK05,drought,NL,2,2,2030,RCP_4.5,ECB_climate_indicators,chronic,19.19,False,0.66,0.196,Q86
PR000592,CP00291,BANK05,windstorm,FI,3,2,2050,RCP_2.6,ECB_climate_indicators,acute,2.96,False,0.12,0.03,C19
PR000593,CP00291,BANK05,sea_level_rise,FI,5,2,2030,RCP_4.5,ECB_climate_indicators,chronic,2.96,True,0.34,0.03,C19
PR000594,CP00292,BANK05,sea_level_rise,IT,3,4,2030,RCP_2.6,ECB_climate_indicators,chronic,737.96,True,38.92,7.543,B06
PR000595,CP00293,BANK05,sea_level_rise,FR,3,3,2050,RCP_8.5,ECB_climate_indicators,chronic,229.94,False,16.62,2.35,C20
PR000596,CP00293,BANK05,wildfire,FR,1,5,2050,RCP_8.5,ECB_climate_indicators,acute,229.94,True,21.28,2.35,C20
PR000597,CP00293,BANK05,drought,FR,2,4,2030,RCP_8.5,ECB_climate_indicators,chronic,229.94,True,15.34,2.35,C20
PR000598,CP00294,BANK05,drought,AT,2,3,2050,RCP_8.5,ECB_climate_indicators,chronic,4.24,False,0.31,0.043,H52
PR000599,CP00294,BANK05,sea_level_rise,AT,3,2,2050,RCP_2.6,ECB_climate_indicators,chronic,4.24,False,0.29,0.043,H52
PR000600,CP00294,BANK05,heatwave,AT,3,1,2050,RCP_2.6,ECB_climate_indicators,acute,4.24,False,0.2,0.043,H52
PR000601,CP00295,BANK05,wildfire,IT,2,2,2050,RCP_8.5,ECB_climate_indicators,acute,5.32,False,0.27,0.054,B07
PR000602,CP00295,BANK05,sea_level_rise,IT,3,2,2050,RCP_4.5,ECB_climate_indicators,chronic,5.32,False,0.63,0.054,B07
PR000603,CP00295,BANK05,windstorm,IT,2,1,2050,RCP_4.5,ECB_climate_indicators,acute,5.32,False,0.32,0.054,B07
PR000604,CP00296,BANK05,windstorm,NL,4,3,2050,RCP_4.5,ECB_climate_indicators,acute,42.34,True,2.3,0.433,C20
PR000605,CP00296,BANK05,sea_level_rise,NL,3,5,2030,RCP_4.5,ECB_climate_indicators,chronic,42.34,True,4.22,0.433,C20
PR000606,CP00297,BANK05,sea_level_rise,AT,2,2,2030,RCP_2.6,ECB_climate_indicators,chronic,434.58,False,33.92,4.442,D35
PR000607,CP00298,BANK05,wildfire,LU,2,3,2030,RCP_2.6,ECB_climate_indicators,acute,2.82,False,0.14,0.029,P85
PR000608,CP00298,BANK05,windstorm,LU,5,2,2050,RCP_2.6,ECB_climate_indicators,acute,2.82,True,0.15,0.029,P85
PR000609,CP00299,BANK05,windstorm,AT,2,3,2050,RCP_8.5,ECB_climate_indicators,acute,4.16,False,0.19,0.043,C10
PR000610,CP00300,BANK05,wildfire,IE,1,4,2030,RCP_2.6,ECB_climate_indicators,acute,5.61,True,0.38,0.057,C27
