requirement_id,standard,paragraph_id,page,report_section,official_section_heading,nearest_pdf_heading,mapping_method,appendix,clause_index,clause_marker,clause_level,clause_path,is_leaf_requirement,requirement_label,requirement_text,clean_requirement_text,parent_context,source_paragraph_text,obligation_type,mandatory,generation_bucket,evidence_tags,banking_relevance,paragraph_quality_score,paragraph_quality_issues,requirement_quality_score,requirement_quality_issues,rule_report_section,rule_obligation_type,rule_mandatory,rule_generation_bucket,rule_evidence_tags,rule_banking_relevance,final_report_section,final_obligation_type,final_mandatory,final_generation_bucket,final_evidence_tags,final_banking_relevance,hybrid_reviewed,hybrid_split_ok,hybrid_needs_review,hybrid_reason,hybrid_section_confidence,hybrid_classification_confidence
IFRS_S1_B27_C01,IFRS S1,B27,31,General Requirements,Materiality (paragraphs 17–19),Materiality (paragraphs 17–19),auto_appendix_reference_or_heading,B,1,(a),1,(a),True,An entity shall identify its sustainability-related financial disclosures clearly and distinguish them from other information provided…,An entity shall identify its sustainability-related financial disclosures clearly and distinguish them from other information provided by the entity (see paragraph 62). An entity shall not obscure material information. Information is obscured if it is communicated in a way that would have a similar effect for primary users to omitting or misstating that information. Examples of circumstances that might result in material information being obscured include — (a) material information is not clearly distinguished from additional information that is not material,An entity shall identify its sustainability-related financial disclosures clearly and distinguish them from other information provided by the entity (see paragraph 62). An entity shall not obscure material information. Information is obscured if it is communicated in a way that would have a similar effect for primary users to omitting or misstating that information. Examples of circumstances that might result in material information being obscured include — (a) material information is not clearly distinguished from additional information that is not material,An entity shall identify its sustainability-related financial disclosures clearly and distinguish them from other information provided by the entity (see paragraph 62). An entity shall not obscure material information. Information is obscured if it is communicated in a way that would have a similar effect for primary users to omitting or misstating that information. Examples of circumstances that might result in material information being obscured include,"An entity shall identify its sustainability-related financial disclosures clearly and distinguish them from other information provided by the entity (see paragraph 62). An entity shall not obscure material information. Information is obscured if it is communicated in a way that would have a similar effect for primary users to omitting or misstating that information. Examples of circumstances that might result in material information being obscured include: (a) material information is not clearly distinguished from additional information that is not material; (b) material information is disclosed in the sustainability-related financial disclosures, but the language used is vague or unclear; (c) material information about a sustainability-related risk or opportunity is scattered throughout the sustainability-related financial disclosures; (d) items of information that are dissimilar are inappropriately aggregated; (e) items of information that are similar are inappropriately disaggregated; and (f) the understandability of the sustainability-related financial disclosures is reduced as a result of material information being hidden by immaterial information to the extent that a primary user is unable to determine what information is material.",prohibition,True,must_disclose_leaf,"[""materiality""]",general,1.0,[],1.0,[],General Requirements,prohibition,True,must_disclose_leaf,"[""materiality""]",general,General Requirements,prohibition,True,must_disclose_leaf,"[""materiality""]",general,True,True,True,Clause (a) is an example within a list of circumstances; better treated as supporting guidance/context rather than a standalone disclosure requirement.,0.86,0.78
IFRS_S1_B27_C02,IFRS S1,B27,31,General Requirements,Materiality (paragraphs 17–19),Materiality (paragraphs 17–19),auto_appendix_reference_or_heading,B,2,(b),1,(b),True,An entity shall identify its sustainability-related financial disclosures clearly and distinguish them from other information provided…,"An entity shall identify its sustainability-related financial disclosures clearly and distinguish them from other information provided by the entity (see paragraph 62). An entity shall not obscure material information. Information is obscured if it is communicated in a way that would have a similar effect for primary users to omitting or misstating that information. Examples of circumstances that might result in material information being obscured include — (b) material information is disclosed in the sustainability-related financial disclosures, but the language used is vague or unclear","An entity shall identify its sustainability-related financial disclosures clearly and distinguish them from other information provided by the entity (see paragraph 62). An entity shall not obscure material information. Information is obscured if it is communicated in a way that would have a similar effect for primary users to omitting or misstating that information. Examples of circumstances that might result in material information being obscured include — (b) material information is disclosed in the sustainability-related financial disclosures, but the language used is vague or unclear",An entity shall identify its sustainability-related financial disclosures clearly and distinguish them from other information provided by the entity (see paragraph 62). An entity shall not obscure material information. Information is obscured if it is communicated in a way that would have a similar effect for primary users to omitting or misstating that information. Examples of circumstances that might result in material information being obscured include,"An entity shall identify its sustainability-related financial disclosures clearly and distinguish them from other information provided by the entity (see paragraph 62). An entity shall not obscure material information. Information is obscured if it is communicated in a way that would have a similar effect for primary users to omitting or misstating that information. Examples of circumstances that might result in material information being obscured include: (a) material information is not clearly distinguished from additional information that is not material; (b) material information is disclosed in the sustainability-related financial disclosures, but the language used is vague or unclear; (c) material information about a sustainability-related risk or opportunity is scattered throughout the sustainability-related financial disclosures; (d) items of information that are dissimilar are inappropriately aggregated; (e) items of information that are similar are inappropriately disaggregated; and (f) the understandability of the sustainability-related financial disclosures is reduced as a result of material information being hidden by immaterial information to the extent that a primary user is unable to determine what information is material.",prohibition,True,must_disclose_leaf,"[""materiality""]",general,1.0,[],1.0,[],General Requirements,prohibition,True,must_disclose_leaf,"[""materiality""]",general,General Requirements,prohibition,True,must_disclose_leaf,"[""materiality""]",general,True,True,True,"Appendix B example item (b) describes a circumstance of obscuring material information; it is illustrative guidance supporting the prohibition, not a standalone prohibition itself.",0.86,0.78
IFRS_S1_B27_C03,IFRS S1,B27,31,General Requirements,Materiality (paragraphs 17–19),Materiality (paragraphs 17–19),auto_appendix_reference_or_heading,B,3,(c),1,(c),True,An entity shall identify its sustainability-related financial disclosures clearly and distinguish them from other information provided…,An entity shall identify its sustainability-related financial disclosures clearly and distinguish them from other information provided by the entity (see paragraph 62). An entity shall not obscure material information. Information is obscured if it is communicated in a way that would have a similar effect for primary users to omitting or misstating that information. Examples of circumstances that might result in material information being obscured include — (c) material information about a sustainability-related risk or opportunity is scattered throughout the sustainability-related financial disclosures,An entity shall identify its sustainability-related financial disclosures clearly and distinguish them from other information provided by the entity (see paragraph 62). An entity shall not obscure material information. Information is obscured if it is communicated in a way that would have a similar effect for primary users to omitting or misstating that information. Examples of circumstances that might result in material information being obscured include — (c) material information about a sustainability-related risk or opportunity is scattered throughout the sustainability-related financial disclosures,An entity shall identify its sustainability-related financial disclosures clearly and distinguish them from other information provided by the entity (see paragraph 62). An entity shall not obscure material information. Information is obscured if it is communicated in a way that would have a similar effect for primary users to omitting or misstating that information. Examples of circumstances that might result in material information being obscured include,"An entity shall identify its sustainability-related financial disclosures clearly and distinguish them from other information provided by the entity (see paragraph 62). An entity shall not obscure material information. Information is obscured if it is communicated in a way that would have a similar effect for primary users to omitting or misstating that information. Examples of circumstances that might result in material information being obscured include: (a) material information is not clearly distinguished from additional information that is not material; (b) material information is disclosed in the sustainability-related financial disclosures, but the language used is vague or unclear; (c) material information about a sustainability-related risk or opportunity is scattered throughout the sustainability-related financial disclosures; (d) items of information that are dissimilar are inappropriately aggregated; (e) items of information that are similar are inappropriately disaggregated; and (f) the understandability of the sustainability-related financial disclosures is reduced as a result of material information being hidden by immaterial information to the extent that a primary user is unable to determine what information is material.",prohibition,True,must_disclose_leaf,"[""materiality""]",general,1.0,[],1.0,[],General Requirements,prohibition,True,must_disclose_leaf,"[""materiality""]",general,General Requirements,prohibition,True,must_disclose_leaf,"[""materiality""]",general,True,True,True,"Clause (c) is an example of obscuring material information, not a standalone prohibition; obligation type/bucket may be better treated as guidance/example rather than must-disclose leaf.",0.86,0.78
IFRS_S1_B41_C04,IFRS S1,B41,33,General Requirements,Connected information (paragraphs 21–24),Connected information (paragraphs 21–24),auto_appendix_reference_or_heading,B,4,(b),1,(b),True,"Connected information includes — (b) connections between disclosures about various sustainability-related risks and opportunities. For example,…","Connected information includes — (b) connections between disclosures about various sustainability-related risks and opportunities. For example, if an entity integrates its oversight of sustainability-related risks and opportunities, the entity shall integrate the disclosures on governance instead of providing separate disclosures on governance for each sustainability-related risk and opportunity.","Connected information includes — (b) connections between disclosures about various sustainability-related risks and opportunities. For example, if an entity integrates its oversight of sustainability-related risks and opportunities, the entity shall integrate the disclosures on governance instead of providing separate disclosures on governance for each sustainability-related risk and opportunity.",Connected information includes,"Connected information includes: (a) connections between various types of information about a particular sustainability-related risk or opportunity, such as: (i) between disclosures on governance, strategy and risk management; and (ii) between narrative information and quantitative information (including related metrics and targets and information in the related financial statements). (b) connections between disclosures about various sustainability-related risks and opportunities. For example, if an entity integrates its oversight of sustainability-related risks and opportunities, the entity shall integrate the disclosures on governance instead of providing separate disclosures on governance for each sustainability-related risk and opportunity.",mandatory,True,must_disclose_leaf,"[""connected_information""]",general,1.0,[],1.0,[],General Requirements,mandatory,True,must_disclose_leaf,"[""connected_information""]",general,General Requirements,mandatory,True,must_disclose_leaf,"[""connected_information""]",general,True,True,True,Clause (b) is partly definitional/context (“Connected information includes…”) and partly mandatory (“shall integrate…”); may need splitting into definition vs requirement.,0.86,0.78
IFRS_S1_B59_C01,IFRS S1,B59,37,General Requirements,Errors,Errors,auto_appendix_reference_or_heading,B,1,,0,,True,"When it is impracticable to determine the effect of an error on all prior periods presented,…","When it is impracticable to determine the effect of an error on all prior periods presented, the entity shall restate the comparative information to correct the error from the earliest date practicable.","When it is impracticable to determine the effect of an error on all prior periods presented, the entity shall restate the comparative information to correct the error from the earliest date practicable.",,"When it is impracticable to determine the effect of an error on all prior periods presented, the entity shall restate the comparative information to correct the error from the earliest date practicable.",mandatory,True,must_disclose_leaf,[],general,1.0,[],1.0,[],General Requirements,mandatory,True,must_disclose_leaf,[],general,General Requirements,mandatory,True,must_disclose_leaf,[],general,True,True,True,Appendix B 'Errors' text is about restating comparative information (accounting treatment) rather than sustainability disclosures; may be out of scope for report-generation KB.,0.74,0.86
IFRS_S1_D20_C01,IFRS S1,D20,42,General Requirements,Materiality,Materiality,auto_appendix_reference_or_heading,D,1,,0,,True,"Comparability is not uniformity. For information to be comparable, like things shall look alike and different…","Comparability is not uniformity. For information to be comparable, like things shall look alike and different things shall look different. Comparability of sustainability-related financial information is not enhanced by making unlike things look alike any more than it is enhanced by making like things look different. Verifiability","Comparability is not uniformity. For information to be comparable, like things shall look alike and different things shall look different. Comparability of sustainability-related financial information is not enhanced by making unlike things look alike any more than it is enhanced by making like things look different. Verifiability",,"Comparability is not uniformity. For information to be comparable, like things shall look alike and different things shall look different. Comparability of sustainability-related financial information is not enhanced by making unlike things look alike any more than it is enhanced by making like things look different. Verifiability",mandatory,True,must_disclose_leaf,"[""materiality""]",general,1.0,[],1.0,[],General Requirements,mandatory,True,must_disclose_leaf,"[""materiality""]",general,General Requirements,mandatory,True,must_disclose_leaf,"[""materiality""]",general,True,True,True,"Text explains qualitative characteristic (comparability) and reads as guidance, despite 'shall' wording; also appears truncated with stray 'Verifiability', so review extraction/leaf status.",0.72,0.74
IFRS_S1_D24_C01,IFRS S1,D24,42,General Requirements,Materiality,Materiality,auto_appendix_reference_or_heading,D,1,,0,,True,Some sustainability-related financial information will be presented as explanations or forward-looking information. That information can be…,"Some sustainability-related financial information will be presented as explanations or forward-looking information. That information can be supportable, for example by faithfully representing fact-based strategies, plans and risk analyses. To help primary users decide whether to use such information, an entity shall describe the underlying assumptions and methods of producing the information, as well as other factors that provide evidence that the information reflects the actual plans or decisions made by the entity. Timeliness","Some sustainability-related financial information will be presented as explanations or forward-looking information. That information can be supportable, for example by faithfully representing fact-based strategies, plans and risk analyses. To help primary users decide whether to use such information, an entity shall describe the underlying assumptions and methods of producing the information, as well as other factors that provide evidence that the information reflects the actual plans or decisions made by the entity. Timeliness",,"Some sustainability-related financial information will be presented as explanations or forward-looking information. That information can be supportable, for example by faithfully representing fact-based strategies, plans and risk analyses. To help primary users decide whether to use such information, an entity shall describe the underlying assumptions and methods of producing the information, as well as other factors that provide evidence that the information reflects the actual plans or decisions made by the entity. Timeliness",mandatory,True,must_disclose_leaf,"[""materiality""]",general,1.0,[],1.0,[],General Requirements,mandatory,True,must_disclose_leaf,"[""materiality""]",general,General Requirements,mandatory,True,must_disclose_leaf,"[""materiality""]",general,True,False,True,"Appendix D materiality; contains a clear 'shall describe' disclosure. However trailing 'Timeliness' suggests a heading/marker artifact, so splitting and text cleanliness need review.",0.74,0.72
IFRS_S2_B14_C01,IFRS S2,B14,28,Strategy,Making analytical choices,Making analytical choices,auto_appendix_reference_or_heading,B,1,,0,,True,An entity’s resilience assessment will be informed not only by the individual inputs to its climate-related…,"An entity’s resilience assessment will be informed not only by the individual inputs to its climate-related scenario analysis, but also by the information it develops in combining those inputs to carry out the analysis. The entity shall prioritise the analytical choices (for example, whether to use qualitative analysis or quantitative modelling) that will enable it to consider all reasonable and supportable information that is available to the entity at the reporting date without undue cost or effort. For example, if an entity is able— without undue cost or effort—to incorporate multiple carbon price pathways associated with a given outcome (for example, a 1.5 degree Celsius outcome), this analysis is likely to strengthen the entity’s resilience assessment, assuming such an approach is warranted by the entity’s risk exposure.","An entity’s resilience assessment will be informed not only by the individual inputs to its climate-related scenario analysis, but also by the information it develops in combining those inputs to carry out the analysis. The entity shall prioritise the analytical choices (for example, whether to use qualitative analysis or quantitative modelling) that will enable it to consider all reasonable and supportable information that is available to the entity at the reporting date without undue cost or effort. For example, if an entity is able— without undue cost or effort—to incorporate multiple carbon price pathways associated with a given outcome (for example, a 1.5 degree Celsius outcome), this analysis is likely to strengthen the entity’s resilience assessment, assuming such an approach is warranted by the entity’s risk exposure.",,"An entity’s resilience assessment will be informed not only by the individual inputs to its climate-related scenario analysis, but also by the information it develops in combining those inputs to carry out the analysis. The entity shall prioritise the analytical choices (for example, whether to use qualitative analysis or quantitative modelling) that will enable it to consider all reasonable and supportable information that is available to the entity at the reporting date without undue cost or effort. For example, if an entity is able— without undue cost or effort—to incorporate multiple carbon price pathways associated with a given outcome (for example, a 1.5 degree Celsius outcome), this analysis is likely to strengthen the entity’s resilience assessment, assuming such an approach is warranted by the entity’s risk exposure.",mandatory,True,must_disclose_leaf,"[""scenario_analysis""]",medium,1.0,[],1.0,[],Strategy,mandatory,True,must_disclose_leaf,"[""scenario_analysis""]",medium,Strategy,mandatory,True,must_disclose_leaf,"[""scenario_analysis""]",medium,True,True,True,"Appendix B text contains a mandatory 'shall' about prioritising analytical choices for scenario analysis, but it reads more like methodological guidance than a disclosure requirement.",0.78,0.74
IFRS_S2_B17_C01,IFRS S2,B17,29,Strategy,Additional considerations,Additional considerations,auto_appendix_reference_or_heading,B,1,,0,,True,"An entity might use a simpler approach to climate-related scenario analysis, such as qualitative scenario narratives,…","An entity might use a simpler approach to climate-related scenario analysis, such as qualitative scenario narratives, if such an approach is appropriate to the entity’s circumstances. For example, if an entity does not currently have the skills, capabilities or resources to carry out quantitative climate-related scenario analysis but has a high degree of exposure to climate-related risk, the entity might initially use a simpler approach to climate-related scenario analysis, but would build its capabilities through experience and, therefore, would apply a more advanced quantitative approach to climate-related scenario analysis over time. An entity with a high degree of exposure to climate-related risks and opportunities, and with access to the necessary skills, capabilities or resources, is required to apply a more advanced quantitative approach to climate-related scenario analysis.","An entity might use a simpler approach to climate-related scenario analysis, such as qualitative scenario narratives, if such an approach is appropriate to the entity’s circumstances. For example, if an entity does not currently have the skills, capabilities or resources to carry out quantitative climate-related scenario analysis but has a high degree of exposure to climate-related risk, the entity might initially use a simpler approach to climate-related scenario analysis, but would build its capabilities through experience and, therefore, would apply a more advanced quantitative approach to climate-related scenario analysis over time. An entity with a high degree of exposure to climate-related risks and opportunities, and with access to the necessary skills, capabilities or resources, is required to apply a more advanced quantitative approach to climate-related scenario analysis.",,"An entity might use a simpler approach to climate-related scenario analysis, such as qualitative scenario narratives, if such an approach is appropriate to the entity’s circumstances. For example, if an entity does not currently have the skills, capabilities or resources to carry out quantitative climate-related scenario analysis but has a high degree of exposure to climate-related risk, the entity might initially use a simpler approach to climate-related scenario analysis, but would build its capabilities through experience and, therefore, would apply a more advanced quantitative approach to climate-related scenario analysis over time. An entity with a high degree of exposure to climate-related risks and opportunities, and with access to the necessary skills, capabilities or resources, is required to apply a more advanced quantitative approach to climate-related scenario analysis.",mandatory,True,must_disclose_leaf,"[""scenario_analysis""]",medium,1.0,[],1.0,[],Strategy,mandatory,True,must_disclose_leaf,"[""scenario_analysis""]",medium,Strategy,mandatory,True,must_disclose_leaf,"[""scenario_analysis""]",medium,True,True,True,Appendix B guidance mixes optional language with one mandatory clause (“is required to apply”). Leaf/mandatory tagging is plausible but may be interpretive rather than a disclosure requirement.,0.74,0.72
IFRS_S2_B18_C01,IFRS S2,B18,29,Strategy,Additional considerations,Additional considerations,auto_appendix_reference_or_heading,B,1,,0,,True,Although paragraph 22 requires an entity to disclose information about its climate resilience at each reporting…,"Although paragraph 22 requires an entity to disclose information about its climate resilience at each reporting date, the entity might carry out its climate-related scenario analysis in line with its strategic planning cycle, including a multi-year strategic planning cycle (for example, every three to five years). Therefore, in some reporting periods the entity’s disclosures in accordance with paragraph 22(b) could remain unchanged from the previous reporting period if the entity does not conduct a scenario analysis annually. The entity shall—at a minimum—update its climate-related scenario analysis in line with its strategic planning cycle. However, an assessment of the entity’s resilience is required to be carried out annually to reflect updated insight into the implications of climate uncertainty for the entity’s business model and strategy. As such, an entity’s disclosure in accordance with paragraph 22(a)— that is, the results of the entity’s resilience assessment—shall be updated at each reporting period. Permission to use information from a reporting period that is different from the entity’s reporting period, in specific circumstances","Although paragraph 22 requires an entity to disclose information about its climate resilience at each reporting date, the entity might carry out its climate-related scenario analysis in line with its strategic planning cycle, including a multi-year strategic planning cycle (for example, every three to five years). Therefore, in some reporting periods the entity’s disclosures in accordance with paragraph 22(b) could remain unchanged from the previous reporting period if the entity does not conduct a scenario analysis annually. The entity shall—at a minimum—update its climate-related scenario analysis in line with its strategic planning cycle. However, an assessment of the entity’s resilience is required to be carried out annually to reflect updated insight into the implications of climate uncertainty for the entity’s business model and strategy. As such, an entity’s disclosure in accordance with paragraph 22(a)— that is, the results of the entity’s resilience assessment—shall be updated at each reporting period. Permission to use information from a reporting period that is different from the entity’s reporting period, in specific circumstances",,"Although paragraph 22 requires an entity to disclose information about its climate resilience at each reporting date, the entity might carry out its climate-related scenario analysis in line with its strategic planning cycle, including a multi-year strategic planning cycle (for example, every three to five years). Therefore, in some reporting periods the entity’s disclosures in accordance with paragraph 22(b) could remain unchanged from the previous reporting period if the entity does not conduct a scenario analysis annually. The entity shall—at a minimum—update its climate-related scenario analysis in line with its strategic planning cycle. However, an assessment of the entity’s resilience is required to be carried out annually to reflect updated insight into the implications of climate uncertainty for the entity’s business model and strategy. As such, an entity’s disclosure in accordance with paragraph 22(a)— that is, the results of the entity’s resilience assessment—shall be updated at each reporting period. Permission to use information from a reporting period that is different from the entity’s reporting period, in specific circumstances",mandatory,True,must_disclose_leaf,"[""business_model_value_chain"", ""scenario_analysis""]",medium,1.0,[],1.0,[],Strategy,mandatory,True,must_disclose_leaf,"[""business_model_value_chain"", ""scenario_analysis""]",medium,Strategy,mandatory,True,must_disclose_leaf,"[""business_model_value_chain"", ""scenario_analysis""]",medium,True,False,True,"Appendix B text contains mandatory update requirements, but ends with an unrelated fragment (“Permission to use information…”), suggesting extraction/merge error; keep Strategy but flag for cleanup.",0.86,0.78
IFRS_S2_B26_C01,IFRS S2,B26,32,Metrics and Targets,"Measurement approach, inputs and assumptions","Measurement approach, inputs and assumptions",auto_appendix_reference_or_heading,B,1,(iii),2,(iii),True,"Paragraph 29(a) — (iii) requires an entity to disclose the measurement approach, inputs and assumptions it…","Paragraph 29(a) — (iii) requires an entity to disclose the measurement approach, inputs and assumptions it uses to measure its greenhouse gas emissions. As part of this requirement, the entity shall include information about:","Paragraph 29(a) — (iii) requires an entity to disclose the measurement approach, inputs and assumptions it uses to measure its greenhouse gas emissions. As part of this requirement, the entity shall include information about:",Paragraph 29(a),"Paragraph 29(a)(iii) requires an entity to disclose the measurement approach, inputs and assumptions it uses to measure its greenhouse gas emissions. As part of this requirement, the entity shall include information about: (a) the measurement approach the entity uses in accordance with the Greenhouse Gas Protocol: A Corporate Accounting and Reporting Standard (2004) (see paragraph B27); (b) the applicable method if the entity is not using the Greenhouse Gas Protocol: A Corporate Accounting and Reporting Standard (2004) and the measurement approach the entity uses (see paragraph B28); and (c) the emission factors the entity uses (see paragraph B29). The measurement approach set out in the Greenhouse Gas Protocol",mandatory,True,must_disclose_leaf,"[""ghg_emissions""]",medium,0.8,"[""missing_roman_ii""]",1.0,[],Metrics and Targets,mandatory,True,must_disclose_leaf,"[""ghg_emissions""]",medium,Metrics and Targets,mandatory,True,must_disclose_leaf,"[""ghg_emissions""]",medium,True,True,True,Clause marker (iii) appears to reference paragraph 29(a)(iii) rather than a true sub-item; requirement text ends with a colon suggesting it is a lead-in container for (a)-(c).,0.86,0.78
IFRS_S2_B34_C01,IFRS S2,B34,34,Metrics and Targets,Scope 3 greenhouse gas emissions,Scope 3 greenhouse gas emissions,auto_appendix_reference_or_heading,B,1,(a),1,(a),True,"In accordance with paragraph B11 in IFRS S1, on the occurrence of a significant event or…","In accordance with paragraph B11 in IFRS S1, on the occurrence of a significant event or a significant change in circumstances, an entity shall reassess the scope of all affected climate-related risks and opportunities throughout its value chain, including reassessing which Scope 3 categories and entities throughout its value chain to include in the measurement of its Scope 3 greenhouse gas emissions. A significant event or significant change in circumstances can occur without the entity being involved in that event or change in circumstances or as a result of a change in what the entity assesses to be important to users of general purpose financial reports. For example, such significant events or significant changes in circumstances might include — (a) a significant change in the entity’s value chain (for example, a supplier in the entity’s value chain makes a change that significantly alters the supplier’s greenhouse gas emissions)","In accordance with paragraph B11 in IFRS S1, on the occurrence of a significant event or a significant change in circumstances, an entity shall reassess the scope of all affected climate-related risks and opportunities throughout its value chain, including reassessing which Scope 3 categories and entities throughout its value chain to include in the measurement of its Scope 3 greenhouse gas emissions. A significant event or significant change in circumstances can occur without the entity being involved in that event or change in circumstances or as a result of a change in what the entity assesses to be important to users of general purpose financial reports. For example, such significant events or significant changes in circumstances might include — (a) a significant change in the entity’s value chain (for example, a supplier in the entity’s value chain makes a change that significantly alters the supplier’s greenhouse gas emissions)","In accordance with paragraph B11 in IFRS S1, on the occurrence of a significant event or a significant change in circumstances, an entity shall reassess the scope of all affected climate-related risks and opportunities throughout its value chain, including reassessing which Scope 3 categories and entities throughout its value chain to include in the measurement of its Scope 3 greenhouse gas emissions. A significant event or significant change in circumstances can occur without the entity being involved in that event or change in circumstances or as a result of a change in what the entity assesses to be important to users of general purpose financial reports. For example, such significant events or significant changes in circumstances might include","In accordance with paragraph B11 in IFRS S1, on the occurrence of a significant event or a significant change in circumstances, an entity shall reassess the scope of all affected climate-related risks and opportunities throughout its value chain, including reassessing which Scope 3 categories and entities throughout its value chain to include in the measurement of its Scope 3 greenhouse gas emissions. A significant event or significant change in circumstances can occur without the entity being involved in that event or change in circumstances or as a result of a change in what the entity assesses to be important to users of general purpose financial reports. For example, such significant events or significant changes in circumstances might include: (a) a significant change in the entity’s value chain (for example, a supplier in the entity’s value chain makes a change that significantly alters the supplier’s greenhouse gas emissions); (b) a significant change in the entity’s business model, activities or corporate structure (for example, a merger or acquisition that expands the entity’s value chain); and (c) a significant change in the entity’s exposure to climate-related risks and opportunities (for example, a supplier in the entity’s value chain is affected by the introduction of an emissions regulation that the entity had not anticipated).",mandatory,True,must_disclose_leaf,"[""business_model_value_chain"", ""ghg_emissions"", ""scope_3""]",medium,1.0,[],1.0,[],Metrics and Targets,mandatory,True,must_disclose_leaf,"[""business_model_value_chain"", ""ghg_emissions"", ""scope_3""]",medium,Metrics and Targets,mandatory,True,must_disclose_leaf,"[""business_model_value_chain"", ""ghg_emissions"", ""scope_3""]",medium,True,True,True,"Clause (a) is an example of significant events/changes, not a standalone disclosure. Keep Metrics and Targets, but bucket as supporting guidance; consider splitting examples from the mandatory reassessment requirement.",0.78,0.74
IFRS_S2_B34_C02,IFRS S2,B34,34,Metrics and Targets,Scope 3 greenhouse gas emissions,Scope 3 greenhouse gas emissions,auto_appendix_reference_or_heading,B,2,(b),1,(b),True,"In accordance with paragraph B11 in IFRS S1, on the occurrence of a significant event or…","In accordance with paragraph B11 in IFRS S1, on the occurrence of a significant event or a significant change in circumstances, an entity shall reassess the scope of all affected climate-related risks and opportunities throughout its value chain, including reassessing which Scope 3 categories and entities throughout its value chain to include in the measurement of its Scope 3 greenhouse gas emissions. A significant event or significant change in circumstances can occur without the entity being involved in that event or change in circumstances or as a result of a change in what the entity assesses to be important to users of general purpose financial reports. For example, such significant events or significant changes in circumstances might include — (b) a significant change in the entity’s business model, activities or corporate structure (for example, a merger or acquisition that expands the entity’s value chain)","In accordance with paragraph B11 in IFRS S1, on the occurrence of a significant event or a significant change in circumstances, an entity shall reassess the scope of all affected climate-related risks and opportunities throughout its value chain, including reassessing which Scope 3 categories and entities throughout its value chain to include in the measurement of its Scope 3 greenhouse gas emissions. A significant event or significant change in circumstances can occur without the entity being involved in that event or change in circumstances or as a result of a change in what the entity assesses to be important to users of general purpose financial reports. For example, such significant events or significant changes in circumstances might include — (b) a significant change in the entity’s business model, activities or corporate structure (for example, a merger or acquisition that expands the entity’s value chain)","In accordance with paragraph B11 in IFRS S1, on the occurrence of a significant event or a significant change in circumstances, an entity shall reassess the scope of all affected climate-related risks and opportunities throughout its value chain, including reassessing which Scope 3 categories and entities throughout its value chain to include in the measurement of its Scope 3 greenhouse gas emissions. A significant event or significant change in circumstances can occur without the entity being involved in that event or change in circumstances or as a result of a change in what the entity assesses to be important to users of general purpose financial reports. For example, such significant events or significant changes in circumstances might include","In accordance with paragraph B11 in IFRS S1, on the occurrence of a significant event or a significant change in circumstances, an entity shall reassess the scope of all affected climate-related risks and opportunities throughout its value chain, including reassessing which Scope 3 categories and entities throughout its value chain to include in the measurement of its Scope 3 greenhouse gas emissions. A significant event or significant change in circumstances can occur without the entity being involved in that event or change in circumstances or as a result of a change in what the entity assesses to be important to users of general purpose financial reports. For example, such significant events or significant changes in circumstances might include: (a) a significant change in the entity’s value chain (for example, a supplier in the entity’s value chain makes a change that significantly alters the supplier’s greenhouse gas emissions); (b) a significant change in the entity’s business model, activities or corporate structure (for example, a merger or acquisition that expands the entity’s value chain); and (c) a significant change in the entity’s exposure to climate-related risks and opportunities (for example, a supplier in the entity’s value chain is affected by the introduction of an emissions regulation that the entity had not anticipated).",mandatory,True,must_disclose_leaf,"[""business_model_value_chain"", ""ghg_emissions"", ""scope_3""]",medium,1.0,[],1.0,[],Metrics and Targets,mandatory,True,must_disclose_leaf,"[""business_model_value_chain"", ""ghg_emissions"", ""scope_3""]",medium,Metrics and Targets,mandatory,True,must_disclose_leaf,"[""business_model_value_chain"", ""ghg_emissions"", ""scope_3""]",medium,True,True,True,"Clause (b) is an example of significant events/changes, supporting the mandatory reassessment requirement; it is not itself a standalone disclosure obligation.",0.78,0.74
IFRS_S2_B40_C01,IFRS S2,B40,35,Metrics and Targets,Scope 3 measurement framework,Scope 3 measurement framework,auto_appendix_reference_or_heading,B,1,(a),1,(a),True,An entity’s measurement of Scope 3 greenhouse gas emissions relies upon a range of inputs. This…,"An entity’s measurement of Scope 3 greenhouse gas emissions relies upon a range of inputs. This Standard does not specify the inputs the entity is required to use to measure its Scope 3 greenhouse gas emissions, but does require the entity to prioritise inputs and assumptions using these identifying characteristics (which are listed in no particular order) — (a) data based on direct measurement (paragraphs B43–B45)","An entity’s measurement of Scope 3 greenhouse gas emissions relies upon a range of inputs. This Standard does not specify the inputs the entity is required to use to measure its Scope 3 greenhouse gas emissions, but does require the entity to prioritise inputs and assumptions using these identifying characteristics (which are listed in no particular order) — (a) data based on direct measurement (paragraphs B43–B45)","An entity’s measurement of Scope 3 greenhouse gas emissions relies upon a range of inputs. This Standard does not specify the inputs the entity is required to use to measure its Scope 3 greenhouse gas emissions, but does require the entity to prioritise inputs and assumptions using these identifying characteristics (which are listed in no particular order)","An entity’s measurement of Scope 3 greenhouse gas emissions relies upon a range of inputs. This Standard does not specify the inputs the entity is required to use to measure its Scope 3 greenhouse gas emissions, but does require the entity to prioritise inputs and assumptions using these identifying characteristics (which are listed in no particular order): (a) data based on direct measurement (paragraphs B43–B45); (b) data from specific activities within the entity’s value chain (paragraphs B46–B49); (c) timely data that faithfully represents the jurisdiction of, and the technology used for, the value chain activity and its greenhouse gas (d) data that has been verified (paragraphs B53–B54).",mandatory,True,must_disclose_leaf,"[""ghg_emissions"", ""scope_3""]",medium,1.0,[],1.0,[],Metrics and Targets,mandatory,True,must_disclose_leaf,"[""ghg_emissions"", ""scope_3""]",medium,Metrics and Targets,mandatory,True,must_disclose_leaf,"[""ghg_emissions"", ""scope_3""]",medium,True,True,True,"Appendix B guidance on prioritising Scope 3 measurement inputs; mandatory language applies to measurement approach, not clearly a disclosure requirement—confirm inclusion as reportable requirement.",0.86,0.74
IFRS_S2_B40_C02,IFRS S2,B40,35,Metrics and Targets,Scope 3 measurement framework,Scope 3 measurement framework,auto_appendix_reference_or_heading,B,2,(b),1,(b),True,An entity’s measurement of Scope 3 greenhouse gas emissions relies upon a range of inputs. This…,"An entity’s measurement of Scope 3 greenhouse gas emissions relies upon a range of inputs. This Standard does not specify the inputs the entity is required to use to measure its Scope 3 greenhouse gas emissions, but does require the entity to prioritise inputs and assumptions using these identifying characteristics (which are listed in no particular order) — (b) data from specific activities within the entity’s value chain (paragraphs B46–B49)","An entity’s measurement of Scope 3 greenhouse gas emissions relies upon a range of inputs. This Standard does not specify the inputs the entity is required to use to measure its Scope 3 greenhouse gas emissions, but does require the entity to prioritise inputs and assumptions using these identifying characteristics (which are listed in no particular order) — (b) data from specific activities within the entity’s value chain (paragraphs B46–B49)","An entity’s measurement of Scope 3 greenhouse gas emissions relies upon a range of inputs. This Standard does not specify the inputs the entity is required to use to measure its Scope 3 greenhouse gas emissions, but does require the entity to prioritise inputs and assumptions using these identifying characteristics (which are listed in no particular order)","An entity’s measurement of Scope 3 greenhouse gas emissions relies upon a range of inputs. This Standard does not specify the inputs the entity is required to use to measure its Scope 3 greenhouse gas emissions, but does require the entity to prioritise inputs and assumptions using these identifying characteristics (which are listed in no particular order): (a) data based on direct measurement (paragraphs B43–B45); (b) data from specific activities within the entity’s value chain (paragraphs B46–B49); (c) timely data that faithfully represents the jurisdiction of, and the technology used for, the value chain activity and its greenhouse gas (d) data that has been verified (paragraphs B53–B54).",mandatory,True,must_disclose_leaf,"[""business_model_value_chain"", ""ghg_emissions"", ""scope_3""]",medium,1.0,[],1.0,[],Metrics and Targets,mandatory,True,must_disclose_leaf,"[""business_model_value_chain"", ""ghg_emissions"", ""scope_3""]",medium,Metrics and Targets,mandatory,True,must_disclose_leaf,"[""business_model_value_chain"", ""ghg_emissions"", ""scope_3""]",medium,True,True,True,"Clause (b) is part of a mandatory prioritisation framework for Scope 3 measurement inputs; however it is not a disclosure requirement, so bucket/obligation may be mis-set.",0.86,0.74
IFRS_S2_B40_C03,IFRS S2,B40,35,Metrics and Targets,Scope 3 measurement framework,Scope 3 measurement framework,auto_appendix_reference_or_heading,B,3,(c),1,(c),True,An entity’s measurement of Scope 3 greenhouse gas emissions relies upon a range of inputs. This…,"An entity’s measurement of Scope 3 greenhouse gas emissions relies upon a range of inputs. This Standard does not specify the inputs the entity is required to use to measure its Scope 3 greenhouse gas emissions, but does require the entity to prioritise inputs and assumptions using these identifying characteristics (which are listed in no particular order) — (c) timely data that faithfully represents the jurisdiction of, and the technology used for, the value chain activity and its greenhouse gas","An entity’s measurement of Scope 3 greenhouse gas emissions relies upon a range of inputs. This Standard does not specify the inputs the entity is required to use to measure its Scope 3 greenhouse gas emissions, but does require the entity to prioritise inputs and assumptions using these identifying characteristics (which are listed in no particular order) — (c) timely data that faithfully represents the jurisdiction of, and the technology used for, the value chain activity and its greenhouse gas","An entity’s measurement of Scope 3 greenhouse gas emissions relies upon a range of inputs. This Standard does not specify the inputs the entity is required to use to measure its Scope 3 greenhouse gas emissions, but does require the entity to prioritise inputs and assumptions using these identifying characteristics (which are listed in no particular order)","An entity’s measurement of Scope 3 greenhouse gas emissions relies upon a range of inputs. This Standard does not specify the inputs the entity is required to use to measure its Scope 3 greenhouse gas emissions, but does require the entity to prioritise inputs and assumptions using these identifying characteristics (which are listed in no particular order): (a) data based on direct measurement (paragraphs B43–B45); (b) data from specific activities within the entity’s value chain (paragraphs B46–B49); (c) timely data that faithfully represents the jurisdiction of, and the technology used for, the value chain activity and its greenhouse gas (d) data that has been verified (paragraphs B53–B54).",mandatory,True,must_disclose_leaf,"[""business_model_value_chain"", ""ghg_emissions"", ""scope_3""]",medium,1.0,[],1.0,[],Metrics and Targets,mandatory,True,must_disclose_leaf,"[""business_model_value_chain"", ""ghg_emissions"", ""scope_3""]",medium,Metrics and Targets,mandatory,True,must_disclose_leaf,"[""business_model_value_chain"", ""ghg_emissions"", ""scope_3""]",medium,True,True,True,"Appendix B mandatory requirement on prioritising Scope 3 inputs fits Metrics and Targets, but clause (c) text appears truncated (ends mid-sentence), so validation needed.",0.86,0.78
IFRS_S2_B49_C01,IFRS S2,B49,36,Metrics and Targets,emissions (paragraphs B50–B52); and,emissions (paragraphs B50–B52); and,auto_appendix_reference_or_heading,B,1,,0,,True,Secondary data for Scope 3 greenhouse gas emissions is data that is not obtained directly from…,"Secondary data for Scope 3 greenhouse gas emissions is data that is not obtained directly from specific activities within an entity’s value chain. Secondary data is often supplied by third-party data providers and includes industry-average data (for example, from published databases, government statistics, literature studies and industry associations). Secondary data includes data used to approximate the activity or emission factors. Additionally, secondary data includes primary data from a specific activity (proxy data) used to estimate greenhouse gas emissions for another activity. If an entity uses secondary data to measure its Scope 3 greenhouse gas emissions, it shall consider the extent to which the data faithfully represents the entity’s activities. Timely data that faithfully represents the jurisdiction of, and the technology used for, the value chain activity and its greenhouse gas emissions","Secondary data for Scope 3 greenhouse gas emissions is data that is not obtained directly from specific activities within an entity’s value chain. Secondary data is often supplied by third-party data providers and includes industry-average data (for example, from published databases, government statistics, literature studies and industry associations). Secondary data includes data used to approximate the activity or emission factors. Additionally, secondary data includes primary data from a specific activity (proxy data) used to estimate greenhouse gas emissions for another activity. If an entity uses secondary data to measure its Scope 3 greenhouse gas emissions, it shall consider the extent to which the data faithfully represents the entity’s activities. Timely data that faithfully represents the jurisdiction of, and the technology used for, the value chain activity and its greenhouse gas emissions",,"Secondary data for Scope 3 greenhouse gas emissions is data that is not obtained directly from specific activities within an entity’s value chain. Secondary data is often supplied by third-party data providers and includes industry-average data (for example, from published databases, government statistics, literature studies and industry associations). Secondary data includes data used to approximate the activity or emission factors. Additionally, secondary data includes primary data from a specific activity (proxy data) used to estimate greenhouse gas emissions for another activity. If an entity uses secondary data to measure its Scope 3 greenhouse gas emissions, it shall consider the extent to which the data faithfully represents the entity’s activities. Timely data that faithfully represents the jurisdiction of, and the technology used for, the value chain activity and its greenhouse gas emissions",mandatory,True,must_disclose_leaf,"[""business_model_value_chain"", ""ghg_emissions"", ""scope_3""]",medium,0.8,"[""heading_leakage""]",1.0,[],Metrics and Targets,mandatory,True,must_disclose_leaf,"[""business_model_value_chain"", ""ghg_emissions"", ""scope_3""]",medium,Metrics and Targets,mandatory,True,must_disclose_leaf,"[""business_model_value_chain"", ""ghg_emissions"", ""scope_3""]",medium,True,True,True,Contains a mandatory ‘shall consider’ requirement but is largely definitional/guidance about secondary data; may not be a pure disclosure requirement and could be supporting guidance.,0.86,0.78
IFRS_S2_B59_C01,IFRS S2,B59,38,Metrics and Targets,Financed emissions,Financed emissions,auto_appendix_reference_or_heading,B,1,(3),3,(3),True,Paragraph 29(a)(i) — (3) requires an entity to disclose its absolute gross Scope 3 greenhouse gas…,"Paragraph 29(a)(i) — (3) requires an entity to disclose its absolute gross Scope 3 greenhouse gas emissions generated during the reporting period, including upstream and downstream emissions. An entity that participates in one or more of the following financial activities is required to disclose additional and specific information about its financed emissions (which are part of Category 15 greenhouse gas emissions):","Paragraph 29(a)(i) — (3) requires an entity to disclose its absolute gross Scope 3 greenhouse gas emissions generated during the reporting period, including upstream and downstream emissions. An entity that participates in one or more of the following financial activities is required to disclose additional and specific information about its financed emissions (which are part of Category 15 greenhouse gas emissions):",Paragraph 29(a)(i),"Paragraph 29(a)(i)(3) requires an entity to disclose its absolute gross Scope 3 greenhouse gas emissions generated during the reporting period, including upstream and downstream emissions. An entity that participates in one or more of the following financial activities is required to disclose additional and specific information about its financed emissions (which are part of Category 15 greenhouse gas emissions): (a) asset management (see paragraph B61); (b) commercial banking (see paragraphs B62–B62A); and (c) insurance (see paragraphs B63–B63A).",mandatory,True,must_disclose_leaf,"[""ghg_emissions"", ""scope_3"", ""financed_emissions""]",high,1.0,[],1.0,[],Metrics and Targets,mandatory,True,must_disclose_leaf,"[""ghg_emissions"", ""scope_3"", ""financed_emissions""]",high,Metrics and Targets,mandatory,True,must_disclose_leaf,"[""financed_emissions"", ""ghg_emissions"", ""scope_3""]",high,True,True,True,Leaf is mandatory but text is partly a cross-reference/container introducing additional financed-emissions disclosures; may be better treated as container_context rather than a standalone disclosure item.,0.86,0.78
IFRS_S2_B59_C02,IFRS S2,B59,38,Metrics and Targets,Financed emissions,Financed emissions,auto_appendix_reference_or_heading,B,2,(a),1,(a),True,Paragraph 29(a)(i) — (a) asset management (see paragraph B61),Paragraph 29(a)(i) — (a) asset management (see paragraph B61),Paragraph 29(a)(i) — (a) asset management (see paragraph B61),Paragraph 29(a)(i),"Paragraph 29(a)(i)(3) requires an entity to disclose its absolute gross Scope 3 greenhouse gas emissions generated during the reporting period, including upstream and downstream emissions. An entity that participates in one or more of the following financial activities is required to disclose additional and specific information about its financed emissions (which are part of Category 15 greenhouse gas emissions): (a) asset management (see paragraph B61); (b) commercial banking (see paragraphs B62–B62A); and (c) insurance (see paragraphs B63–B63A).",guidance,False,supporting_guidance_leaf,"[""financed_emissions"", ""asset_management""]",high,1.0,[],1.0,[],Metrics and Targets,guidance,False,supporting_guidance_leaf,"[""financed_emissions"", ""asset_management""]",high,Metrics and Targets,guidance,False,supporting_guidance_leaf,"[""financed_emissions"", ""asset_management""]",high,True,True,True,"Row text is a cross-reference/list item, not the actual disclosure requirement; obligation is stated in source paragraph but details are in B61.",0.86,0.74
IFRS_S2_B59_C03,IFRS S2,B59,38,Metrics and Targets,Financed emissions,Financed emissions,auto_appendix_reference_or_heading,B,3,(b),1,(b),True,Paragraph 29(a)(i) — (b) commercial banking (see paragraphs B62–B62A),Paragraph 29(a)(i) — (b) commercial banking (see paragraphs B62–B62A),Paragraph 29(a)(i) — (b) commercial banking (see paragraphs B62–B62A),Paragraph 29(a)(i),"Paragraph 29(a)(i)(3) requires an entity to disclose its absolute gross Scope 3 greenhouse gas emissions generated during the reporting period, including upstream and downstream emissions. An entity that participates in one or more of the following financial activities is required to disclose additional and specific information about its financed emissions (which are part of Category 15 greenhouse gas emissions): (a) asset management (see paragraph B61); (b) commercial banking (see paragraphs B62–B62A); and (c) insurance (see paragraphs B63–B63A).",guidance,False,supporting_guidance_leaf,"[""financed_emissions"", ""commercial_banking""]",high,1.0,[],1.0,[],Metrics and Targets,guidance,False,supporting_guidance_leaf,"[""financed_emissions"", ""commercial_banking""]",high,Metrics and Targets,guidance,False,supporting_guidance_leaf,"[""commercial_banking"", ""financed_emissions""]",high,True,True,True,Row is appendix guidance but the source text states entities participating in commercial banking are required to disclose additional financed-emissions information; obligation may be mandatory rather than guidance.,0.86,0.78
IFRS_S2_B65_C03,IFRS S2,B65,42,Metrics and Targets,Cross-industry metric categories (paragraph 29(b)–(g)),Cross-industry metric categories (paragraph 29(b)–(g)),auto_appendix_reference_or_heading,B,3,(c),1,(c),True,"In preparing disclosures to fulfil the requirements in paragraph 29(b)–(g), an entity shall — (c) consider…","In preparing disclosures to fulfil the requirements in paragraph 29(b)–(g), an entity shall — (c) consider the information disclosed in accordance with paragraph 16(a)–","In preparing disclosures to fulfil the requirements in paragraph 29(b)–(g), an entity shall — (c) consider the information disclosed in accordance with paragraph 16(a)–","In preparing disclosures to fulfil the requirements in paragraph 29(b)–(g), an entity shall","In preparing disclosures to fulfil the requirements in paragraph 29(b)–(g), an entity shall: (a) consider the time horizons over which the effects of climate-related risks and opportunities could reasonably be expected to occur, described in accordance with paragraph 10. (b) consider where in the entity’s business model and value chain climate-related risks and opportunities are concentrated (for example, geographical areas, facilities or types of assets) (see paragraph 13). (c) consider the information disclosed in accordance with paragraph 16(a)–(b) in relation to the effects of climate-related risks and opportunities on the entity’s financial position, financial performance and cash flows for the reporting period. (d) consider whether industry-based metrics, as described in paragraph 32 —including those defined in an applicable IFRS Sustainability Disclosure Standard or those that otherwise satisfy the requirements in IFRS S1—could be used to satisfy the requirements in whole or in part. (e) consider the connections between the information disclosed to fulfil the requirements in paragraph 29(b)–(g) with the information disclosed in the related financial statements, in accordance with paragraph 21(b)(ii) of IFRS S1. These connections include consistency in the data and assumptions used—to the extent possible—and linkages between the amounts disclosed in accordance with paragraph 29(b)–(g) and the amounts recognised and disclosed in the financial statements. For example, an entity would consider whether the carrying amount of assets used is consistent with amounts included in the financial statements and would explain the connections between information in these disclosures and amounts in the financial statements.",mandatory,True,must_disclose_leaf,"[""metrics""]",medium,1.0,[],1.0,[],Metrics and Targets,mandatory,True,must_disclose_leaf,"[""metrics""]",medium,Metrics and Targets,mandatory,True,must_disclose_leaf,"[""metrics""]",medium,True,True,True,"Leaf mandatory clause in Appendix B tied to paragraph 29(b)–(g) metrics. However, extracted text is truncated after “paragraph 16(a)–”, so validation needed.",0.86,0.84
IFRS_S2_B65_C04,IFRS S2,B65,42,Metrics and Targets,Cross-industry metric categories (paragraph 29(b)–(g)),Cross-industry metric categories (paragraph 29(b)–(g)),auto_appendix_reference_or_heading,B,4,(b),1,(b),True,"In preparing disclosures to fulfil the requirements in paragraph 29(b)–(g), an entity shall — (b) in…","In preparing disclosures to fulfil the requirements in paragraph 29(b)–(g), an entity shall — (b) in relation to the effects of climate-related risks and opportunities on the entity’s financial position, financial performance and cash flows for the reporting period.","In preparing disclosures to fulfil the requirements in paragraph 29(b)–(g), an entity shall — (b) in relation to the effects of climate-related risks and opportunities on the entity’s financial position, financial performance and cash flows for the reporting period.","In preparing disclosures to fulfil the requirements in paragraph 29(b)–(g), an entity shall","In preparing disclosures to fulfil the requirements in paragraph 29(b)–(g), an entity shall: (a) consider the time horizons over which the effects of climate-related risks and opportunities could reasonably be expected to occur, described in accordance with paragraph 10. (b) consider where in the entity’s business model and value chain climate-related risks and opportunities are concentrated (for example, geographical areas, facilities or types of assets) (see paragraph 13). (c) consider the information disclosed in accordance with paragraph 16(a)–(b) in relation to the effects of climate-related risks and opportunities on the entity’s financial position, financial performance and cash flows for the reporting period. (d) consider whether industry-based metrics, as described in paragraph 32 —including those defined in an applicable IFRS Sustainability Disclosure Standard or those that otherwise satisfy the requirements in IFRS S1—could be used to satisfy the requirements in whole or in part. (e) consider the connections between the information disclosed to fulfil the requirements in paragraph 29(b)–(g) with the information disclosed in the related financial statements, in accordance with paragraph 21(b)(ii) of IFRS S1. These connections include consistency in the data and assumptions used—to the extent possible—and linkages between the amounts disclosed in accordance with paragraph 29(b)–(g) and the amounts recognised and disclosed in the financial statements. For example, an entity would consider whether the carrying amount of assets used is consistent with amounts included in the financial statements and would explain the connections between information in these disclosures and amounts in the financial statements.",mandatory,True,must_disclose_leaf,"[""financial_effects"", ""metrics""]",medium,1.0,[],1.0,[],Metrics and Targets,mandatory,True,must_disclose_leaf,"[""financial_effects"", ""metrics""]",medium,Metrics and Targets,mandatory,True,must_disclose_leaf,"[""financial_effects"", ""metrics""]",medium,True,True,True,Clause marker (b) appears mis-extracted: source paragraph (b) is about concentration in business model/value chain; financial position/performance/cash flows relates to (c). Verify clause mapping/text.,0.86,0.62
IFRS_S2_B65_C06,IFRS S2,B65,42,Metrics and Targets,Cross-industry metric categories (paragraph 29(b)–(g)),Cross-industry metric categories (paragraph 29(b)–(g)),auto_appendix_reference_or_heading,B,6,(e),1,(e),True,"In preparing disclosures to fulfil the requirements in paragraph 29(b)–(g), an entity shall — (e) consider…","In preparing disclosures to fulfil the requirements in paragraph 29(b)–(g), an entity shall — (e) consider the connections between the information disclosed to fulfil the requirements in paragraph 29(b)–","In preparing disclosures to fulfil the requirements in paragraph 29(b)–(g), an entity shall — (e) consider the connections between the information disclosed to fulfil the requirements in paragraph 29(b)–","In preparing disclosures to fulfil the requirements in paragraph 29(b)–(g), an entity shall","In preparing disclosures to fulfil the requirements in paragraph 29(b)–(g), an entity shall: (a) consider the time horizons over which the effects of climate-related risks and opportunities could reasonably be expected to occur, described in accordance with paragraph 10. (b) consider where in the entity’s business model and value chain climate-related risks and opportunities are concentrated (for example, geographical areas, facilities or types of assets) (see paragraph 13). (c) consider the information disclosed in accordance with paragraph 16(a)–(b) in relation to the effects of climate-related risks and opportunities on the entity’s financial position, financial performance and cash flows for the reporting period. (d) consider whether industry-based metrics, as described in paragraph 32 —including those defined in an applicable IFRS Sustainability Disclosure Standard or those that otherwise satisfy the requirements in IFRS S1—could be used to satisfy the requirements in whole or in part. (e) consider the connections between the information disclosed to fulfil the requirements in paragraph 29(b)–(g) with the information disclosed in the related financial statements, in accordance with paragraph 21(b)(ii) of IFRS S1. These connections include consistency in the data and assumptions used—to the extent possible—and linkages between the amounts disclosed in accordance with paragraph 29(b)–(g) and the amounts recognised and disclosed in the financial statements. For example, an entity would consider whether the carrying amount of assets used is consistent with amounts included in the financial statements and would explain the connections between information in these disclosures and amounts in the financial statements.",mandatory,True,must_disclose_leaf,"[""metrics"", ""connected_information""]",medium,1.0,[],1.0,[],Metrics and Targets,mandatory,True,must_disclose_leaf,"[""metrics"", ""connected_information""]",medium,Metrics and Targets,mandatory,True,must_disclose_leaf,"[""connected_information"", ""metrics""]",medium,True,True,True,"Mandatory ‘shall’ requirement in Appendix B tied to paragraph 29(b)–(g) metrics; extracted text appears truncated mid-sentence, so validate completeness.",0.86,0.84
IFRS_S2_B65_C08,IFRS S2,B65,42,Metrics and Targets,Cross-industry metric categories (paragraph 29(b)–(g)),Cross-industry metric categories (paragraph 29(b)–(g)),auto_appendix_reference_or_heading,B,8,(ii),2,(g)>(ii),True,"In preparing disclosures to fulfil the requirements in paragraph 29(b)–(g), an entity shall — (g) with…","In preparing disclosures to fulfil the requirements in paragraph 29(b)–(g), an entity shall — (g) with the information disclosed in the related financial statements, in accordance with paragraph 21(b) — (ii) of IFRS S1. These connections include consistency in the data and assumptions used—to the extent possible—and linkages between the amounts disclosed in accordance with paragraph 29(b)–","In preparing disclosures to fulfil the requirements in paragraph 29(b)–(g), an entity shall — (g) with the information disclosed in the related financial statements, in accordance with paragraph 21(b) — (ii) of IFRS S1. These connections include consistency in the data and assumptions used—to the extent possible—and linkages between the amounts disclosed in accordance with paragraph 29(b)–","In preparing disclosures to fulfil the requirements in paragraph 29(b)–(g), an entity shall — (g) with the information disclosed in the related financial statements, in accordance with paragraph 21(b)","In preparing disclosures to fulfil the requirements in paragraph 29(b)–(g), an entity shall: (a) consider the time horizons over which the effects of climate-related risks and opportunities could reasonably be expected to occur, described in accordance with paragraph 10. (b) consider where in the entity’s business model and value chain climate-related risks and opportunities are concentrated (for example, geographical areas, facilities or types of assets) (see paragraph 13). (c) consider the information disclosed in accordance with paragraph 16(a)–(b) in relation to the effects of climate-related risks and opportunities on the entity’s financial position, financial performance and cash flows for the reporting period. (d) consider whether industry-based metrics, as described in paragraph 32 —including those defined in an applicable IFRS Sustainability Disclosure Standard or those that otherwise satisfy the requirements in IFRS S1—could be used to satisfy the requirements in whole or in part. (e) consider the connections between the information disclosed to fulfil the requirements in paragraph 29(b)–(g) with the information disclosed in the related financial statements, in accordance with paragraph 21(b)(ii) of IFRS S1. These connections include consistency in the data and assumptions used—to the extent possible—and linkages between the amounts disclosed in accordance with paragraph 29(b)–(g) and the amounts recognised and disclosed in the financial statements. For example, an entity would consider whether the carrying amount of assets used is consistent with amounts included in the financial statements and would explain the connections between information in these disclosures and amounts in the financial statements.",mandatory,True,must_disclose_leaf,"[""metrics"", ""connected_information""]",medium,1.0,[],1.0,[],Metrics and Targets,mandatory,True,must_disclose_leaf,"[""metrics"", ""connected_information""]",medium,Metrics and Targets,mandatory,True,must_disclose_leaf,"[""metrics"", ""connected_information""]",medium,True,True,True,Clause (ii) is incomplete/truncated and appears to be part of a larger mandatory requirement about connecting disclosures to financial statements; validate text completeness and correct subclause mapping.,0.86,0.74
IFRS_S2_B65_C09,IFRS S2,B65,42,Metrics and Targets,Cross-industry metric categories (paragraph 29(b)–(g)),Cross-industry metric categories (paragraph 29(b)–(g)),auto_appendix_reference_or_heading,B,9,(g),1,(g),True,"In preparing disclosures to fulfil the requirements in paragraph 29(b)–(g), an entity shall — (g) and…","In preparing disclosures to fulfil the requirements in paragraph 29(b)–(g), an entity shall — (g) and the amounts recognised and disclosed in the financial statements. For example, an entity would consider whether the carrying amount of assets used is consistent with amounts included in the financial statements and would explain the connections between information in these disclosures and amounts in the financial statements.","In preparing disclosures to fulfil the requirements in paragraph 29(b)–(g), an entity shall — (g) and the amounts recognised and disclosed in the financial statements. For example, an entity would consider whether the carrying amount of assets used is consistent with amounts included in the financial statements and would explain the connections between information in these disclosures and amounts in the financial statements.","In preparing disclosures to fulfil the requirements in paragraph 29(b)–(g), an entity shall","In preparing disclosures to fulfil the requirements in paragraph 29(b)–(g), an entity shall: (a) consider the time horizons over which the effects of climate-related risks and opportunities could reasonably be expected to occur, described in accordance with paragraph 10. (b) consider where in the entity’s business model and value chain climate-related risks and opportunities are concentrated (for example, geographical areas, facilities or types of assets) (see paragraph 13). (c) consider the information disclosed in accordance with paragraph 16(a)–(b) in relation to the effects of climate-related risks and opportunities on the entity’s financial position, financial performance and cash flows for the reporting period. (d) consider whether industry-based metrics, as described in paragraph 32 —including those defined in an applicable IFRS Sustainability Disclosure Standard or those that otherwise satisfy the requirements in IFRS S1—could be used to satisfy the requirements in whole or in part. (e) consider the connections between the information disclosed to fulfil the requirements in paragraph 29(b)–(g) with the information disclosed in the related financial statements, in accordance with paragraph 21(b)(ii) of IFRS S1. These connections include consistency in the data and assumptions used—to the extent possible—and linkages between the amounts disclosed in accordance with paragraph 29(b)–(g) and the amounts recognised and disclosed in the financial statements. For example, an entity would consider whether the carrying amount of assets used is consistent with amounts included in the financial statements and would explain the connections between information in these disclosures and amounts in the financial statements.",mandatory,True,must_disclose_leaf,"[""metrics"", ""connected_information""]",medium,1.0,[],1.0,[],Metrics and Targets,mandatory,True,must_disclose_leaf,"[""metrics"", ""connected_information""]",medium,Metrics and Targets,mandatory,True,must_disclose_leaf,"[""connected_information"", ""metrics""]",medium,True,True,True,Clause (g) appears to be a fragment of item (e) in the source paragraph; likely extraction/splitting error despite mandatory context.,0.86,0.78
IFRS_S2_B71_C01,IFRS S2,B71,44,Metrics and Targets,Carbon credits,Carbon credits,auto_appendix_reference_or_heading,B,1,,0,,True,"In accordance with paragraph 36(e), an entity is required to disclose only its planned use of…","In accordance with paragraph 36(e), an entity is required to disclose only its planned use of carbon credits. However, as part of this disclosure, the entity might also include information about carbon credits it has already purchased that the entity is planning to use to meet its net greenhouse gas emissions target, if the information enables users of general purpose financial reports to understand the entity’s greenhouse gas emissions target.","In accordance with paragraph 36(e), an entity is required to disclose only its planned use of carbon credits. However, as part of this disclosure, the entity might also include information about carbon credits it has already purchased that the entity is planning to use to meet its net greenhouse gas emissions target, if the information enables users of general purpose financial reports to understand the entity’s greenhouse gas emissions target.",,"In accordance with paragraph 36(e), an entity is required to disclose only its planned use of carbon credits. However, as part of this disclosure, the entity might also include information about carbon credits it has already purchased that the entity is planning to use to meet its net greenhouse gas emissions target, if the information enables users of general purpose financial reports to understand the entity’s greenhouse gas emissions target.",mandatory,True,must_disclose_leaf,"[""targets"", ""ghg_emissions"", ""carbon_credits""]",medium,1.0,[],1.0,[],Metrics and Targets,mandatory,True,must_disclose_leaf,"[""targets"", ""ghg_emissions"", ""carbon_credits""]",medium,Metrics and Targets,mandatory,True,must_disclose_leaf,"[""carbon_credits"", ""ghg_emissions"", ""targets""]",medium,True,True,True,Contains both a mandatory disclosure (planned use) and optional guidance (might include purchased credits); may need splitting into mandatory vs optional components.,0.86,0.78
