hybrid_report_section,hybrid_section_confidence,hybrid_obligation_type,hybrid_mandatory,hybrid_generation_bucket,hybrid_evidence_tags,hybrid_banking_relevance,hybrid_split_ok,hybrid_classification_confidence,hybrid_needs_review,hybrid_reason,requirement_id,hybrid_error
Metrics and Targets,0.86,mandatory,True,must_disclose_leaf,"[""asset_management"", ""commercial_banking"", ""financed_emissions"", ""ghg_emissions"", ""insurance"", ""scope_3""]",high,True,0.9,False,Mandatory ‘shall disclose’ requirement on additional financed emissions information within Scope 3 GHG emissions disclosures; aligns with Metrics and Targets section for emissions metrics.,IFRS_S2_B37_C01,
Metrics and Targets,0.86,mandatory,True,must_disclose_leaf,"[""financed_emissions"", ""ghg_emissions"", ""scope_3""]",high,True,0.78,True,Leaf is mandatory but text is partly a cross-reference/container introducing additional financed-emissions disclosures; may be better treated as container_context rather than a standalone disclosure item.,IFRS_S2_B59_C01,
Metrics and Targets,0.86,mandatory,True,must_disclose_leaf,"[""financed_emissions"", ""ghg_emissions""]",high,True,0.9,False,Appendix B financed emissions requirement uses 'shall' and directly mandates applying para 29(a) GHG disclosure requirements when disclosing financed emissions; aligns with Metrics and Targets.,IFRS_S2_B60_C01,
Metrics and Targets,0.86,mandatory,True,must_disclose_leaf,"[""asset_management"", ""financed_emissions"", ""ghg_emissions"", ""scope_1"", ""scope_2"", ""scope_3""]",high,True,0.9,False,Leaf mandatory disclosure in Appendix B on financed emissions metrics for asset management; aligns with Metrics and Targets and clause marker is a valid list item.,IFRS_S2_B61_C01,
Metrics and Targets,0.86,mandatory,True,must_disclose_leaf,"[""asset_management"", ""financed_emissions""]",high,True,0.9,False,Leaf mandatory disclosure in Appendix B asset management metrics: requires AUM included in financed emissions disclosure for each disaggregated financed-emissions item.,IFRS_S2_B61_C02,
Metrics and Targets,0.86,mandatory,True,must_disclose_leaf,"[""asset_management"", ""financed_emissions""]",high,True,0.88,False,"Appendix B asset management financed emissions disclosure metric (AUM percentage and exclusions), aligning with Metrics and Targets; leaf-level mandatory requirement with clear clause marker.",IFRS_S2_B61_C03,
Metrics and Targets,0.86,mandatory,True,must_disclose_leaf,"[""asset_management"", ""financed_emissions""]",high,True,0.9,False,Appendix B asset management disclosure item (d) requires methodology for financed emissions calculation; fits Metrics and Targets and is a clear mandatory leaf requirement.,IFRS_S2_B61_C04,
Metrics and Targets,0.86,mandatory,True,must_disclose_leaf,"[""commercial_banking"", ""financed_emissions"", ""ghg_emissions"", ""scope_1"", ""scope_2"", ""scope_3""]",high,True,0.9,False,Appendix B commercial banking metric requires disclosure of absolute gross financed emissions disaggregated by Scope 1–3 by industry and asset class; aligns with Metrics and Targets.,IFRS_S2_B62_C01,
Metrics and Targets,0.86,mandatory,True,must_disclose_leaf,"[""commercial_banking"", ""connected_information"", ""financial_effects""]",high,True,0.84,False,Appendix B commercial banking metric: mandatory disclosure of how to calculate gross exposure for funded amounts; aligns with Metrics and Targets and is a leaf requirement.,IFRS_S2_B62_C03,
Metrics and Targets,0.86,mandatory,True,must_disclose_leaf,"[""commercial_banking""]",high,True,0.86,False,Appendix B commercial banking metric requires separate disclosure of undrawn loan commitments from drawn portions; aligns with Metrics and Targets and is a leaf-level mandatory requirement.,IFRS_S2_B62_C04,
Metrics and Targets,0.86,mandatory,True,must_disclose_leaf,"[""commercial_banking"", ""financed_emissions""]",high,True,0.86,False,"Appendix B commercial banking metric disclosure: if gross exposure included in financed emissions is <100%, entity must explain exclusions and asset types excluded.",IFRS_S2_B62_C06,
Metrics and Targets,0.86,mandatory,True,must_disclose_leaf,"[""commercial_banking"", ""financed_emissions""]",high,True,0.84,False,"Appendix B commercial banking financed-emissions disclosure specifies mandatory treatment of gross exposure for funded amounts (exclude risk mitigants impacts), fitting Metrics and Targets.",IFRS_S2_B62_C07,
Metrics and Targets,0.86,mandatory,True,must_disclose_leaf,"[""commercial_banking"", ""financed_emissions""]",high,True,0.9,False,Appendix B commercial banking metric disclosure on financed emissions coverage; explicit 'shall disclose separately' makes it a mandatory leaf under Metrics and Targets.,IFRS_S2_B62_C08,
Metrics and Targets,0.86,mandatory,True,must_disclose_leaf,"[""commercial_banking"", ""financed_emissions""]",high,True,0.9,False,Appendix B commercial banking disclosure requires methodology for financed emissions calculation; fits Metrics and Targets and is a clear mandatory leaf item with valid clause marker.,IFRS_S2_B62_C09,
Metrics and Targets,0.86,mandatory,True,must_disclose_leaf,"[""commercial_banking""]",high,True,0.86,False,Leaf disclosure requirement in Appendix B commercial banking guidance: entity shall disclose the industry-classification system used when disaggregating B62 information by industry.,IFRS_S2_B62A_C05,
Metrics and Targets,0.86,mandatory,True,must_disclose_leaf,"[""commercial_banking""]",high,True,0.87,False,Appendix B commercial banking disclosure requiring information explaining how the chosen industry-classification system meets B62A(a)(i); fits Metrics and Targets disaggregation requirements.,IFRS_S2_B62A_C06,
Metrics and Targets,0.86,mandatory,True,must_disclose_leaf,"[""commercial_banking"", ""financed_emissions""]",high,True,0.84,False,Appendix B commercial banking requirement specifying mandatory asset-class inclusions for disaggregated financed emissions and requiring explanation if additional asset classes are included.,IFRS_S2_B62A_C07,
Metrics and Targets,0.86,mandatory,True,must_disclose_leaf,"[""financed_emissions"", ""ghg_emissions"", ""insurance"", ""scope_1"", ""scope_2"", ""scope_3""]",high,True,0.9,False,Appendix B insurance-specific financed emissions disclosure; mandatory ‘shall disclose’ and leaf clause (a) fits Metrics and Targets (GHG/financed emissions metrics).,IFRS_S2_B63_C01,
Metrics and Targets,0.78,mandatory,True,must_disclose_leaf,"[""commercial_banking"", ""financial_effects"", ""insurance""]",high,True,0.82,False,Appendix B insurance-specific financed emissions disclosure; clause (i) specifies how to calculate gross exposure for funded amounts. Mandatory ‘shall disclose’ supports must_disclose_leaf and Metrics and Targets mapping.,IFRS_S2_B63_C03,
Metrics and Targets,0.86,mandatory,True,must_disclose_leaf,"[""commercial_banking"", ""financed_emissions"", ""insurance""]",high,True,0.84,False,Appendix B insurance industry disclosure requiring separate disclosure of undrawn loan commitments amount; fits metrics-related disclosure and is a leaf mandatory requirement.,IFRS_S2_B63_C04,
Metrics and Targets,0.86,mandatory,True,must_disclose_leaf,"[""financed_emissions"", ""insurance""]",high,True,0.84,False,"Appendix B insurance financed-emissions disclosure: if gross exposure included is <100%, entity must explain exclusions (including asset types). Fits Metrics and Targets and is a leaf mandatory disclosure.",IFRS_S2_B63_C06,
Metrics and Targets,0.86,mandatory,True,must_disclose_leaf,"[""financed_emissions"", ""insurance""]",high,True,0.88,False,Appendix B insurance financed-emissions disclosure; clause (ii) is a specific mandatory disclosure about undrawn loan commitments percentage included in financed emissions.,IFRS_S2_B63_C07,
Metrics and Targets,0.86,mandatory,True,must_disclose_leaf,"[""financed_emissions"", ""insurance""]",high,True,0.9,False,Appendix B insurance financed emissions disclosure; clause (d) is a specific mandatory leaf requiring methodology and allocation method for financed emissions tied to gross exposure.,IFRS_S2_B63_C08,
Metrics and Targets,0.86,mandatory,True,must_disclose_leaf,"[""commercial_banking"", ""financed_emissions"", ""insurance""]",high,True,0.84,False,Appendix B63A(b) mandates asset-class disaggregation content and an explanation when additional asset classes are included; aligns with financed emissions metrics disclosures.,IFRS_S2_B63A_C07,
Metrics and Targets,0.86,mandatory,True,must_disclose_leaf,"[""ghg_emissions""]",medium,True,0.78,True,Clause marker (iii) appears to reference paragraph 29(a)(iii) rather than a true sub-item; requirement text ends with a colon suggesting it is a lead-in container for (a)-(c).,IFRS_S2_B26_C01,
Metrics and Targets,0.86,mandatory,True,must_disclose_leaf,"[""ghg_emissions"", ""scope_2""]",medium,True,0.83,False,Appendix B clarifies mandatory disclosure of location-based Scope 2 emissions and conditional disclosure of contractual instruments; aligns with Metrics and Targets heading and rule mapping.,IFRS_S2_B30_C01,
Metrics and Targets,0.86,mandatory,True,must_disclose_leaf,"[""business_model_value_chain"", ""ghg_emissions"", ""scope_3""]",medium,True,0.78,True,Contains a mandatory ‘shall consider’ requirement but is largely definitional/guidance about secondary data; may not be a pure disclosure requirement and could be supporting guidance.,IFRS_S2_B49_C01,
General Requirements,0.86,mandatory,True,must_disclose_leaf,"[""financial_effects""]",medium,True,0.9,False,Appendix B paragraph states a clear disclosure requirement covering all sustainability-related risks and opportunities affecting cash flows/access to finance/cost of capital; aligns with General Requirements mapping.,IFRS_S1_B1_C01,
General Requirements,0.93,mandatory,True,must_disclose_leaf,"[""materiality""]",general,True,0.9,False,Appendix B guidance tied to Materiality (paras 17–19) and states a required disclosure of material sustainability-related risks and opportunities; aligns with General Requirements.,IFRS_S1_B13_C01,
General Requirements,0.86,mandatory,True,must_disclose_leaf,"[""materiality"", ""metrics""]",general,True,0.84,False,"Appendix B guidance under Materiality; uses 'shall apply' requirements for identifying material information and sources of guidance, fitting General Requirements.",IFRS_S1_B20_C01,
General Requirements,0.86,mandatory,True,must_disclose_leaf,"[""materiality""]",general,True,0.9,False,Appendix B materiality guidance contains clear 'shall' requirements on assessing materiality and considering quantitative and qualitative factors; aligns with General Requirements heading and mapping.,IFRS_S1_B21_C01,
General Requirements,0.86,mandatory,True,must_disclose_leaf,"[""financial_effects"", ""materiality""]",medium,True,0.84,False,"Appendix B guidance under Materiality; uses 'shall consider' and clause marker (a) is a valid list item, so it is a mandatory leaf in General Requirements.",IFRS_S1_B22_C01,
General Requirements,0.93,mandatory,True,must_disclose_leaf,"[""materiality""]",general,True,0.92,False,"Appendix B guidance under Materiality; uses 'shall consider' and clause (b) is a valid list marker, making it a mandatory leaf requirement in General Requirements.",IFRS_S1_B22_C02,
General Requirements,0.86,mandatory,True,supporting_guidance_leaf,"[""materiality""]",general,True,0.78,False,Appendix B materiality guidance uses 'shall' but explains how to assess materiality rather than a standalone disclosure item; best treated as supporting guidance within General Requirements.,IFRS_S1_B23_C01,
General Requirements,0.86,mandatory,True,must_disclose_leaf,"[""financial_effects"", ""materiality""]",medium,True,0.9,False,Appendix B materiality requirement uses 'shall disclose' and fits General Requirements; leaf disclosure obligation to provide additional information when standard requirements are insufficient.,IFRS_S1_B26_C01,
General Requirements,0.86,prohibition,True,must_disclose_leaf,"[""materiality""]",general,True,0.78,True,Clause (a) is an example within a list of circumstances; better treated as supporting guidance/context rather than a standalone disclosure requirement.,IFRS_S1_B27_C01,
General Requirements,0.86,prohibition,True,must_disclose_leaf,"[""materiality""]",general,True,0.78,True,"Appendix B example item (b) describes a circumstance of obscuring material information; it is illustrative guidance supporting the prohibition, not a standalone prohibition itself.",IFRS_S1_B27_C02,
General Requirements,0.86,prohibition,True,must_disclose_leaf,"[""materiality""]",general,True,0.78,True,"Clause (c) is an example of obscuring material information, not a standalone prohibition; obligation type/bucket may be better treated as guidance/example rather than must-disclose leaf.",IFRS_S1_B27_C03,
General Requirements,0.86,prohibition,True,must_disclose_leaf,"[""materiality""]",general,True,0.84,False,"Appendix B guidance under Materiality; clause (d) is a specific example of obscuring material information (inappropriate aggregation), supporting a mandatory prohibition in General Requirements.",IFRS_S1_B27_C04,
General Requirements,0.86,prohibition,True,must_disclose_leaf,"[""materiality""]",general,True,0.83,False,"Appendix B materiality guidance; clause (e) is a specific example of prohibited obscuring via inappropriate disaggregation, fitting General Requirements and a mandatory prohibition leaf.",IFRS_S1_B27_C05,
General Requirements,0.86,prohibition,True,must_disclose_leaf,"[""materiality""]",general,True,0.83,False,"Appendix B materiality guidance; clause (f) is a specific example of obscuring material information, aligning with General Requirements and a mandatory prohibition.",IFRS_S1_B27_C06,
General Requirements,0.86,mandatory,True,must_disclose_leaf,"[""materiality""]",general,True,0.9,False,Appendix B materiality guidance contains a clear 'shall' requirement to reassess materiality judgements each reporting date; aligns with General Requirements/Materiality heading.,IFRS_S1_B28_C01,
General Requirements,0.86,prohibition,True,must_disclose_leaf,"[""materiality""]",general,True,0.83,False,Appendix B guidance on interaction with law/regulation; contains a mandatory prohibition ('shall not obscure material information') within General Requirements.,IFRS_S1_B31_C01,
General Requirements,0.86,mandatory,True,must_disclose_leaf,"[""materiality""]",general,True,0.9,False,Clear mandatory disclosure requirement in Appendix B on interaction with law/regulation; aligns with General Requirements and is a leaf obligation.,IFRS_S1_B32_C01,
General Requirements,0.74,prohibition,True,must_disclose_leaf,[],general,True,0.86,False,Clear prohibition limiting use of the B34 exemption; appendix heading aligns with General Requirements and is a leaf requirement.,IFRS_S1_B37_C01,
General Requirements,0.86,mandatory,True,must_disclose_leaf,"[""connected_information"", ""financial_effects""]",medium,True,0.84,False,Appendix B guidance tied to paragraph 20 on reporting entity; contains mandatory 'shall' requirements about same reporting entity and enabling understanding of financial effects.,IFRS_S1_B38_C01,
General Requirements,0.86,mandatory,True,must_disclose_leaf,"[""connected_information""]",general,True,0.84,False,Appendix B explains paragraph 21 on connected information; it states a required disclosure presentation enabling users to understand connections across items and disclosures.,IFRS_S1_B39_C01,
General Requirements,0.86,mandatory,True,must_disclose_leaf,"[""connected_information""]",general,True,0.78,True,Clause (b) is partly definitional/context (“Connected information includes…”) and partly mandatory (“shall integrate…”); may need splitting into definition vs requirement.,IFRS_S1_B41_C04,
General Requirements,0.86,mandatory,True,must_disclose_leaf,"[""connected_information""]",general,True,0.9,False,Appendix B guidance tied to paragraphs 21–24 on connected information; uses 'shall' and clause (a) is a true list item requiring explanation of connections.,IFRS_S1_B42_C01,
General Requirements,0.86,mandatory,True,must_disclose_leaf,"[""connected_information""]",general,True,0.86,False,Appendix B guidance tied to General Requirements (Connected information). Uses 'shall' and is a leaf clause requiring avoidance of unnecessary duplication for common disclosures.,IFRS_S1_B42_C02,
General Requirements,0.86,mandatory,True,must_disclose_leaf,"[""connected_information""]",general,True,0.9,False,Appendix B guidance tied to General Requirements (Connected information). Uses 'shall' and is a leaf clause requiring disclosure of significant differences in data/assumptions vs financial statements.,IFRS_S1_B42_C03,
General Requirements,0.86,mandatory,True,must_disclose_leaf,"[""connected_information"", ""materiality""]",general,True,0.84,False,Appendix B guidance sets mandatory condition for using cross-references; aligns with heading on cross-referenced information under General Requirements.,IFRS_S1_B45_C01,
General Requirements,0.86,mandatory,True,must_disclose_leaf,"[""connected_information"", ""materiality""]",general,True,0.84,False,Appendix B guidance tied to paragraph 63 on cross-referencing; clause (b) sets a mandatory condition that cross-referencing must not reduce understandability.,IFRS_S1_B45_C02,
General Requirements,0.86,mandatory,True,must_disclose_leaf,"[""connected_information""]",general,True,0.86,False,Appendix B guidance on cross-referenced information forming part of the sustainability-related financial disclosures and requiring compliance with IFRS SDS; aligns with General Requirements.,IFRS_S1_B46_C01,
General Requirements,0.86,mandatory,True,must_disclose_leaf,"[""connected_information""]",general,True,0.9,False,Appendix B guidance tied to paragraph 63 on cross-referencing; uses 'shall' and is a leaf clause (a) specifying required identification and access explanation.,IFRS_S1_B47_C01,
General Requirements,0.86,mandatory,True,must_disclose_leaf,"[""connected_information""]",general,True,0.9,False,"Appendix B guidance tied to paragraph 63 on cross-referencing; uses 'shall' requiring precise cross-reference location, fitting General Requirements.",IFRS_S1_B47_C02,
Metrics and Targets,0.74,mandatory,True,must_disclose_leaf,[],general,True,0.78,False,Leaf mandatory disclosure about providing comparative information for all amounts disclosed; heading and appendix mapping support Metrics and Targets classification.,IFRS_S1_B49_C01,
Metrics and Targets,0.86,mandatory,True,must_disclose_leaf,"[""metrics""]",general,True,0.9,False,Appendix B metrics guidance with clear 'shall' requirement to disclose revised comparative amount when new information about prior-period estimate arises.,IFRS_S1_B50_C01,
Metrics and Targets,0.86,mandatory,True,must_disclose_leaf,"[""metrics""]",general,True,0.9,False,Appendix B under Metrics; clause (b) is a clear mandatory disclosure about differences between prior disclosed estimate and revised comparative amount.,IFRS_S1_B50_C02,
Metrics and Targets,0.86,mandatory,True,must_disclose_leaf,"[""metrics""]",general,True,0.9,False,Appendix B metrics guidance; clause (c) is a clear mandatory leaf requiring explanation of reasons for revising comparative metric amounts.,IFRS_S1_B50_C03,
Metrics and Targets,0.93,mandatory,True,must_disclose_leaf,"[""metrics""]",general,True,0.9,False,"Appendix B metrics requirement: when redefining/replacing a metric, entity shall disclose revised comparative amount unless impracticable; leaf clause (a) is a mandatory disclosure with relief condition.",IFRS_S1_B52_C01,
Metrics and Targets,0.86,mandatory,True,must_disclose_leaf,"[""metrics""]",general,True,0.9,False,"Appendix B metrics requirement: when redefining/replacing a metric, entity shall explain the changes; clause marker is a valid list item.",IFRS_S1_B52_C02,
Metrics and Targets,0.86,mandatory,True,must_disclose_leaf,"[""metrics""]",general,True,0.9,False,"Appendix B metrics disclosure requirement: when redefining/replacing a metric, entity shall explain reasons and why new metric is more useful.",IFRS_S1_B52_C03,
Metrics and Targets,0.86,mandatory,True,must_disclose_leaf,"[""metrics""]",general,True,0.9,False,Appendix B under Metrics; clear mandatory disclosure of comparative amount for new metric with impracticability exception; leaf requirement.,IFRS_S1_B53_C01,
Metrics and Targets,0.86,mandatory,True,must_disclose_leaf,"[""metrics""]",general,True,0.84,False,Appendix B under Metrics; contains a clear mandatory disclosure ('shall disclose that fact') when comparative amounts cannot be revised due to impracticability.,IFRS_S1_B54_C01,
General Requirements,0.74,context_objective,True,supporting_guidance_leaf,"[""materiality""]",general,True,0.72,False,Appendix B cross-references paragraph 83 and restates a requirement about correcting material prior period errors; treated as supporting guidance rather than a standalone disclosure requirement.,IFRS_S1_B55_C01,
General Requirements,0.74,mandatory,True,must_disclose_leaf,"[""materiality""]",general,True,0.86,False,Appendix B 'Errors' requirement: mandatory disclosure of the nature of a material prior-period sustainability disclosure error; clause marker (a) is a valid list item.,IFRS_S1_B58_C01,
General Requirements,0.86,mandatory,True,must_disclose_leaf,"[""materiality""]",general,True,0.9,False,Appendix B 'Errors' requirement mandates disclosure of practicable corrections for each prior period disclosed; aligns with General Requirements mapping and is a leaf obligation.,IFRS_S1_B58_C02,
General Requirements,0.86,mandatory,True,must_disclose_leaf,"[""materiality""]",general,True,0.9,False,Appendix B 'Errors' requirement with clear shall-disclose obligation about impracticable correction circumstances and how/from when corrected; aligns with General Requirements mapping.,IFRS_S1_B58_C03,
General Requirements,0.74,mandatory,True,must_disclose_leaf,[],general,True,0.86,True,Appendix B 'Errors' text is about restating comparative information (accounting treatment) rather than sustainability disclosures; may be out of scope for report-generation KB.,IFRS_S1_B59_C01,
General Requirements,0.86,mandatory,True,must_disclose_leaf,[],general,True,0.86,False,Appendix B guidance tied to identifying sustainability-related risks/opportunities and explicitly requires applying sources-of-guidance requirements (paras 54–55); fits General Requirements and is a leaf mandatory clause.,IFRS_S1_B7_C01,
General Requirements,0.74,mandatory,True,must_disclose_leaf,[],general,True,0.78,False,Appendix C ‘Sources of guidance’ sets a mandatory requirement for applying judgement to identify relevant information when no specific IFRS SDS applies; aligns with General Requirements.,IFRS_S1_C1_C01,
General Requirements,0.86,mandatory,True,must_disclose_leaf,[],general,True,0.86,False,Appendix C guidance source; clause (b) is a mandatory criterion for information identified using judgement when no specific IFRS SDS applies; fits General Requirements.,IFRS_S1_C1_C02,
General Requirements,0.86,prohibition,True,must_disclose_leaf,"[""materiality""]",general,True,0.84,False,Appendix C guidance on applying sources of guidance includes explicit prohibitions on obscuring material information and on making an unreserved compliance statement when not applying IFRS SDS requirements.,IFRS_S1_C3_C01,
General Requirements,0.86,mandatory,True,must_disclose_leaf,"[""materiality""]",general,True,0.86,False,Appendix D under Materiality; uses 'shall be neutral' establishing a mandatory qualitative characteristic for sustainability-related financial information.,IFRS_S1_D12_C01,
General Requirements,0.86,mandatory,True,must_disclose_leaf,"[""materiality""]",general,True,0.84,False,"Appendix D under Materiality/qualitative characteristics; clause (a) is a specific mandatory accuracy criterion (factual information free from material error), appropriately treated as a leaf disclosure requirement.",IFRS_S1_D15_C01,
General Requirements,0.86,mandatory,True,must_disclose_leaf,"[""materiality""]",general,True,0.84,False,"Appendix D Materiality/qualitative characteristics; clause (b) is a mandatory accuracy criterion (descriptions are precise), appropriately treated as a leaf disclosure-quality requirement.",IFRS_S1_D15_C02,
General Requirements,0.86,mandatory,True,must_disclose_leaf,"[""materiality""]",general,True,0.84,False,Appendix D materiality/qualitative characteristics; clause (c) is a mandatory accuracy requirement that estimates/approximations/forecasts be clearly identified.,IFRS_S1_D15_C03,
General Requirements,0.86,mandatory,True,must_disclose_leaf,"[""materiality""]",general,True,0.84,False,"Appendix D under Materiality; clause (d) is a specific mandatory accuracy criterion for sustainability-related financial information, fitting General Requirements.",IFRS_S1_D15_C04,
General Requirements,0.86,mandatory,True,must_disclose_leaf,"[""materiality""]",general,True,0.84,False,"Appendix D materiality/qualitative characteristics; clause (e) is a specific mandatory accuracy criterion for estimates, fitting General Requirements and suitable as a leaf disclosure requirement.",IFRS_S1_D15_C05,
General Requirements,0.86,mandatory,True,must_disclose_leaf,"[""materiality""]",general,True,0.84,False,Appendix D Materiality guidance sets a mandatory accuracy characteristic; clause (f) is a specific leaf requirement about future judgements faithfully reflecting underlying information.,IFRS_S1_D15_C06,
General Requirements,0.78,mandatory,True,must_disclose_leaf,"[""materiality""]",general,True,0.86,False,Appendix D under Materiality; requirement is a clear shall-statement about comparability of sustainability-related financial disclosures.,IFRS_S1_D18_C01,
General Requirements,0.72,guidance,False,supporting_guidance_leaf,"[""materiality""]",general,True,0.74,True,"Text explains qualitative characteristic (comparability) and reads as guidance, despite 'shall' wording; also appears truncated with stray 'Verifiability', so review extraction/leaf status.",IFRS_S1_D20_C01,
General Requirements,0.74,guidance,True,supporting_guidance_leaf,"[""materiality""]",general,True,0.78,False,"Section mapping fits Materiality/General Requirements. Clause (a) is an example of how to enhance verifiability, so it is guidance rather than a standalone mandatory disclosure.",IFRS_S1_D23_C01,
General Requirements,0.78,guidance,True,supporting_guidance_leaf,"[""materiality""]",general,True,0.74,False,"Clause (b) is an example of how to enhance verifiability (“can be enhanced by, for example”), so it is guidance within General Requirements rather than a standalone mandatory disclosure.",IFRS_S1_D23_C02,
General Requirements,0.86,guidance,True,supporting_guidance_leaf,"[""governance_body"", ""materiality""]",general,True,0.78,False,"Main requirement is to enhance verifiability; clause (c) is an example of how to do so, not a standalone mandatory disclosure.",IFRS_S1_D23_C03,
General Requirements,0.74,mandatory,True,must_disclose_leaf,"[""materiality""]",general,False,0.72,True,"Appendix D materiality; contains a clear 'shall describe' disclosure. However trailing 'Timeliness' suggests a heading/marker artifact, so splitting and text cleanliness need review.",IFRS_S1_D24_C01,
General Requirements,0.86,mandatory,True,must_disclose_leaf,"[""materiality""]",general,True,0.86,False,Appendix D guidance on conciseness includes a mandatory 'shall' requirement to avoid boilerplate; aligns with General Requirements/Materiality heading and is a leaf clause (a).,IFRS_S1_D26_C01,
General Requirements,0.86,mandatory,True,must_disclose_leaf,"[""connected_information"", ""materiality""]",general,True,0.86,False,"Appendix D guidance under Materiality; clause (b) is a mandatory drafting requirement to avoid duplicating information in GPFR/financial statements, fitting General Requirements.",IFRS_S1_D26_C02,
General Requirements,0.86,mandatory,True,must_disclose_leaf,"[""materiality""]",general,True,0.87,False,"Appendix D guidance on materiality/presentation quality; clause (c) is a mandatory leaf requirement about using clear language and structure, fitting General Requirements.",IFRS_S1_D26_C03,
General Requirements,0.86,mandatory,True,must_disclose_leaf,"[""materiality""]",general,True,0.84,False,Appendix D materiality requirement uses 'shall' to require that any immaterial information included must not obscure material information; fits General Requirements and is a leaf disclosure rule.,IFRS_S1_D29_C01,
General Requirements,0.86,prohibition,True,must_disclose_leaf,"[""materiality""]",general,True,0.84,False,Appendix D materiality guidance includes a clear prohibition against excluding complex sustainability information; aligns with General Requirements and is a leaf requirement.,IFRS_S1_D30_C01,
General Requirements,0.86,mandatory,True,must_disclose_leaf,"[""connected_information"", ""materiality""]",general,True,0.84,False,Appendix D materiality guidance with clear mandatory 'shall' on presenting coherent sustainability-related financial information; section mapping aligns with heading and rule-based section.,IFRS_S1_D31_C01,
General Requirements,0.86,mandatory,True,must_disclose_leaf,"[""materiality""]",general,True,0.9,False,Appendix D materiality-related requirement using 'shall' to include necessary information when implications exist across parts of the general purpose financial reports.,IFRS_S1_D32_C01,
General Requirements,0.86,mandatory,True,must_disclose_leaf,"[""connected_information"", ""materiality""]",general,True,0.84,False,Appendix D materiality/coherence requirement to present sustainability information so users can relate it to financial statements; fits General Requirements and is phrased as a requirement.,IFRS_S1_D33_C01,
Strategy,0.86,guidance,False,supporting_guidance_leaf,"[""scenario_analysis""]",medium,True,0.78,False,Appendix B paragraph B1 explains and signposts guidance (B2–B18) for scenario analysis under Strategy/climate resilience; it is not itself a standalone disclosure requirement.,IFRS_S2_B1_C01,
Strategy,0.86,guidance,True,supporting_guidance_leaf,"[""scenario_analysis""]",medium,True,0.78,False,"Appendix B1 is explanatory, pointing to B8–B15 guidance on factors to consider for scenario analysis approach; it supports Strategy climate resilience rather than adding a standalone disclosure requirement.",IFRS_S2_B1_C02,
Strategy,0.86,guidance,False,supporting_guidance_leaf,"[""scenario_analysis""]",medium,True,0.78,False,"Appendix B paragraph B1(c) describes guidance (additional factors to consider over time) supporting Strategy climate resilience scenario analysis, rather than a standalone disclosure requirement.",IFRS_S2_B1_C03,
Strategy,0.86,mandatory,True,must_disclose_leaf,"[""scenario_analysis""]",medium,True,0.84,False,Appendix B guidance on selecting inputs for climate-related scenario analysis; contains a clear 'shall consider' requirement aligned to Strategy and is a leaf obligation.,IFRS_S2_B11_C01,
Strategy,0.86,mandatory,True,must_disclose_leaf,"[""scenario_analysis""]",medium,True,0.82,False,Appendix B guidance on selecting scenario analysis inputs; includes a clear mandatory clause ('shall have a reasonable and supportable basis') aligned to Strategy/scenario analysis.,IFRS_S2_B12_C01,
Strategy,0.86,mandatory,True,must_disclose_leaf,"[""business_model_value_chain"", ""scenario_analysis""]",medium,True,0.82,False,Appendix B guidance uses 'shall' on selecting scenario-analysis inputs aligned to Strategy objective (para 22) and relevance to entity circumstances; fits Strategy section and is a leaf requirement.,IFRS_S2_B13_C01,
Strategy,0.78,mandatory,True,must_disclose_leaf,"[""scenario_analysis""]",medium,True,0.74,True,"Appendix B text contains a mandatory 'shall' about prioritising analytical choices for scenario analysis, but it reads more like methodological guidance than a disclosure requirement.",IFRS_S2_B14_C01,
Strategy,0.74,mandatory,True,must_disclose_leaf,"[""scenario_analysis""]",medium,True,0.72,True,Appendix B guidance mixes optional language with one mandatory clause (“is required to apply”). Leaf/mandatory tagging is plausible but may be interpretive rather than a disclosure requirement.,IFRS_S2_B17_C01,
Strategy,0.86,mandatory,True,must_disclose_leaf,"[""business_model_value_chain"", ""scenario_analysis""]",medium,False,0.78,True,"Appendix B text contains mandatory update requirements, but ends with an unrelated fragment (“Permission to use information…”), suggesting extraction/merge error; keep Strategy but flag for cleanup.",IFRS_S2_B18_C01,
Strategy,0.86,mandatory,True,must_disclose_leaf,"[""scenario_analysis""]",medium,True,0.84,False,Appendix B guidance on scenario analysis approach; clause (a) is a specific mandatory consideration (exposure to climate-related risks/opportunities) aligned with Strategy.,IFRS_S2_B2_C01,
Strategy,0.74,mandatory,True,must_disclose_leaf,"[""scenario_analysis""]",medium,True,0.78,False,Appendix B guidance on scenario analysis approach and assessing circumstances; aligns with Strategy and is a leaf mandatory requirement with valid list marker (b).,IFRS_S2_B2_C02,
Metrics and Targets,0.93,mandatory,True,must_disclose_leaf,"[""ghg_emissions"", ""metrics""]",medium,True,0.9,False,Appendix B guidance under Greenhouse gas emissions specifies a mandatory method (shall aggregate gases into CO2e) supporting the required GHG emissions metric disclosure.,IFRS_S2_B20_C01,
Metrics and Targets,0.86,mandatory,True,must_disclose_leaf,"[""ghg_emissions""]",medium,True,0.84,False,"Appendix B paragraph on GHG emissions measurement conversion to CO2e using IPCC 100-year GWP values, with conditional permission for jurisdiction/exchange-required alternatives; fits Metrics and Targets.",IFRS_S2_B21_C01,
Metrics and Targets,0.93,mandatory,True,must_disclose_leaf,"[""ghg_emissions"", ""scope_3""]",medium,True,0.9,False,Appendix B guidance clarifies mandatory disclosure of GHG emissions measurement per GHG Protocol and confirms Scope 3 must still be disclosed under paragraph 29(a); fits Metrics and Targets.,IFRS_S2_B23_C01,
Metrics and Targets,0.86,mandatory,True,must_disclose_leaf,"[""ghg_emissions""]",medium,True,0.86,False,Appendix B requirement tied to GHG emissions disclosure (para 29(a)(iii)) requiring disclosure of the measurement approach used; fits Metrics and Targets measurement approach details.,IFRS_S2_B27_C01,
Metrics and Targets,0.86,mandatory,True,must_disclose_leaf,"[""ghg_emissions""]",medium,True,0.9,False,Appendix B requirement on GHG emissions measurement approach disclosure; clause (b) mandates disclosing reasons for chosen approach and linkage to paragraph 27 objective.,IFRS_S2_B27_C02,
Metrics and Targets,0.86,mandatory,True,must_disclose_leaf,"[""ghg_emissions""]",medium,True,0.9,False,Appendix B requirement on GHG emissions measurement method disclosure; clearly mandatory leaf item under measurement approach within Metrics and Targets.,IFRS_S2_B28_C01,
Metrics and Targets,0.86,mandatory,True,must_disclose_leaf,"[""ghg_emissions""]",medium,True,0.84,False,Appendix B requirement on GHG emissions measurement approach disclosures; clause (b) is a mandatory leaf item aligned with Metrics and Targets.,IFRS_S2_B28_C02,
Metrics and Targets,0.86,mandatory,True,must_disclose_leaf,"[""ghg_emissions""]",medium,True,0.84,False,"Appendix B paragraph requires disclosure of emission factors used for GHG measurement as part of measurement approach, inputs and assumptions; aligns with Metrics and Targets and is a leaf mandatory disclosure.",IFRS_S2_B29_C01,
Strategy,0.78,mandatory,True,must_disclose_leaf,"[""scenario_analysis""]",medium,True,0.84,False,Appendix B guidance tied to climate-related scenario analysis process; requirement uses 'shall' and is a leaf obligation relevant to Strategy/scenario analysis.,IFRS_S2_B3_C01,
Metrics and Targets,0.86,mandatory,True,must_disclose_leaf,"[""business_model_value_chain"", ""ghg_emissions"", ""scope_3""]",medium,True,0.84,False,"Appendix B paragraph B32 mandates Scope 3 emissions disclosure, including value chain coverage and specifying which Scope 3 categories are included; aligns with Metrics and Targets.",IFRS_S2_B32_C01,
Metrics and Targets,0.86,mandatory,True,must_disclose_leaf,"[""ghg_emissions"", ""scope_3""]",medium,True,0.9,False,Appendix B requirement explicitly requires disclosure of Scope 3 categories included; aligns with Metrics and Targets (GHG emissions disclosures) and is a leaf mandatory disclosure.,IFRS_S2_B33_C01,
Metrics and Targets,0.78,mandatory,True,supporting_guidance_leaf,"[""business_model_value_chain"", ""ghg_emissions"", ""scope_3""]",medium,True,0.74,True,"Clause (a) is an example of significant events/changes, not a standalone disclosure. Keep Metrics and Targets, but bucket as supporting guidance; consider splitting examples from the mandatory reassessment requirement.",IFRS_S2_B34_C01,
Metrics and Targets,0.78,guidance,True,supporting_guidance_leaf,"[""business_model_value_chain"", ""ghg_emissions"", ""scope_3""]",medium,True,0.74,True,"Clause (b) is an example of significant events/changes, supporting the mandatory reassessment requirement; it is not itself a standalone disclosure obligation.",IFRS_S2_B34_C02,
Metrics and Targets,0.78,guidance,True,supporting_guidance_leaf,"[""business_model_value_chain"", ""ghg_emissions"", ""scope_3""]",medium,True,0.74,False,Clause (c) is an example of significant events/changes triggering reassessment; it supports the mandatory reassessment requirement but is not itself a standalone disclosure obligation.,IFRS_S2_B34_C03,
Metrics and Targets,0.74,mandatory,True,must_disclose_leaf,"[""business_model_value_chain"", ""ghg_emissions"", ""scope_3""]",medium,True,0.78,False,Mandatory requirement in Appendix B under Scope 3 GHG emissions on using reasonable and supportable information to determine value chain scope; aligns with Metrics and Targets mapping.,IFRS_S2_B36_C01,
Metrics and Targets,0.86,mandatory,True,must_disclose_leaf,"[""ghg_emissions"", ""scope_3""]",medium,True,0.84,False,Appendix B guidance on Scope 3 measurement includes a clear 'shall use' requirement; aligns with Metrics and Targets (GHG emissions measurement/disclosure preparation).,IFRS_S2_B38_C01,
Metrics and Targets,0.86,mandatory,True,must_disclose_leaf,"[""ghg_emissions"", ""scope_3""]",medium,True,0.84,False,Appendix B Scope 3 measurement framework sets a mandatory requirement on information used for selecting measurement approach/inputs/assumptions for Scope 3 GHG emissions; aligns with Metrics and Targets.,IFRS_S2_B39_C01,
Strategy,0.86,mandatory,True,must_disclose_leaf,"[""scenario_analysis""]",medium,True,0.84,False,Appendix B guidance under ‘Exposure to climate-related risks and opportunities’ requires considering exposure when determining scenario analysis approach; aligns with Strategy and is a leaf mandatory requirement.,IFRS_S2_B4_C01,
Metrics and Targets,0.86,mandatory,True,must_disclose_leaf,"[""ghg_emissions"", ""scope_3""]",medium,True,0.74,True,"Appendix B guidance on prioritising Scope 3 measurement inputs; mandatory language applies to measurement approach, not clearly a disclosure requirement—confirm inclusion as reportable requirement.",IFRS_S2_B40_C01,
Metrics and Targets,0.86,mandatory,True,must_disclose_leaf,"[""business_model_value_chain"", ""ghg_emissions"", ""scope_3""]",medium,True,0.74,True,"Clause (b) is part of a mandatory prioritisation framework for Scope 3 measurement inputs; however it is not a disclosure requirement, so bucket/obligation may be mis-set.",IFRS_S2_B40_C02,
Metrics and Targets,0.86,mandatory,True,must_disclose_leaf,"[""business_model_value_chain"", ""ghg_emissions"", ""scope_3""]",medium,True,0.78,True,"Appendix B mandatory requirement on prioritising Scope 3 inputs fits Metrics and Targets, but clause (c) text appears truncated (ends mid-sentence), so validation needed.",IFRS_S2_B40_C03,
Metrics and Targets,0.86,mandatory,True,must_disclose_leaf,"[""ghg_emissions"", ""scope_3""]",medium,True,0.78,False,Appendix B Scope 3 measurement framework requires prioritising inputs/assumptions; item (d) specifies using verified data as a prioritisation characteristic.,IFRS_S2_B40_C04,
Metrics and Targets,0.74,mandatory,True,must_disclose_leaf,"[""ghg_emissions"", ""scope_3""]",medium,True,0.78,False,"Appendix B guidance on quantifying Scope 3 emissions includes a clear 'shall' requirement to prioritise direct measurement, fitting Metrics and Targets.",IFRS_S2_B43_C01,
Metrics and Targets,0.86,mandatory,True,must_disclose_leaf,"[""business_model_value_chain"", ""ghg_emissions"", ""scope_3""]",medium,True,0.84,False,Appendix B guidance on measuring Scope 3 emissions requires prioritising primary data; aligns with emissions metrics/measurement within Metrics and Targets.,IFRS_S2_B47_C01,
Strategy,0.72,context_objective,True,supporting_objective,[],medium,True,0.74,False,Appendix B paragraph summarises and contextualises requirements in paragraphs 10 and 25 rather than adding a new standalone disclosure requirement.,IFRS_S2_B5_C01,
Metrics and Targets,0.74,mandatory,True,must_disclose_leaf,"[""ghg_emissions"", ""scope_3""]",medium,True,0.78,False,Appendix B paragraph B53 mandates prioritising verified Scope 3 GHG emissions data; aligns with emissions metrics/targets content and is a leaf requirement.,IFRS_S2_B53_C01,
Metrics and Targets,0.86,mandatory,True,must_disclose_leaf,"[""business_model_value_chain"", ""ghg_emissions"", ""scope_3""]",medium,True,0.9,False,"Appendix B requirement mandates disclosure of Scope 3 measurement approach, inputs and assumptions; aligns with emissions metrics disclosures under Metrics and Targets.",IFRS_S2_B55_C01,
Metrics and Targets,0.86,mandatory,True,must_disclose_leaf,"[""business_model_value_chain"", ""ghg_emissions"", ""scope_3""]",medium,True,0.88,False,Appendix B requirement tied to paragraph 29(a)(iii) on Scope 3 GHG emissions measurement; uses 'shall disclose' and is a specific leaf disclosure item under Metrics and Targets.,IFRS_S2_B56_C01,
Metrics and Targets,0.86,mandatory,True,must_disclose_leaf,"[""ghg_emissions"", ""scope_3""]",medium,True,0.9,False,Appendix B requirement tied to paragraph 29(a)(iii) on Scope 3 emissions measurement; uses 'shall disclose' and is a specific leaf disclosure about verified inputs.,IFRS_S2_B56_C02,
Metrics and Targets,0.74,mandatory,True,must_disclose_leaf,"[""ghg_emissions"", ""scope_3""]",medium,True,0.78,False,"Appendix B requirement on Scope 3 emissions: if impracticable to estimate, entity shall disclose how it manages Scope 3 emissions; aligns with Metrics and Targets.",IFRS_S2_B57_C01,
Strategy,0.78,guidance,True,supporting_guidance_leaf,"[""scenario_analysis""]",medium,True,0.74,False,Appendix B paragraph provides application guidance on considering skills/resources when selecting scenario analysis approach; it is not a standalone disclosure requirement despite 'shall' wording.,IFRS_S2_B6_C01,
Metrics and Targets,0.86,mandatory,True,must_disclose_leaf,"[""financed_emissions"", ""insurance""]",high,True,0.88,False,Leaf requirement in Appendix B requiring disclosure of the industry-classification system used when disaggregating B63 information; aligns with Metrics and Targets and is explicitly mandatory.,IFRS_S2_B63A_C05,
Metrics and Targets,0.86,mandatory,True,must_disclose_leaf,"[""insurance""]",high,True,0.84,False,Leaf mandatory disclosure about explaining how the chosen industry-classification system meets B63A(a)(i) when disaggregating; fits Metrics and Targets appendix guidance for financed emissions disaggregation.,IFRS_S2_B63A_C06,
Metrics and Targets,0.86,mandatory,True,must_disclose_leaf,"[""ghg_emissions"", ""metrics""]",medium,True,0.9,False,Appendix B requirement explicitly mandates disclosure of information relevant to cross-industry metric categories (29(b)–(g)) in addition to GHG emissions; fits Metrics and Targets.,IFRS_S2_B64_C01,
Metrics and Targets,0.86,mandatory,True,must_disclose_leaf,"[""metrics""]",medium,True,0.86,False,Appendix B guidance tied to paragraph 29(b)–(g) cross-industry metrics; uses 'shall' and is a specific actionable requirement to consider time horizons per paragraph 10.,IFRS_S2_B65_C01,
Metrics and Targets,0.86,mandatory,True,must_disclose_leaf,"[""business_model_value_chain"", ""metrics""]",medium,True,0.84,False,Appendix B guidance tied to paragraph 29(b)–(g) cross-industry metrics; uses 'shall consider' and is a leaf clause (b) about concentration in business model/value chain.,IFRS_S2_B65_C02,
Metrics and Targets,0.86,mandatory,True,must_disclose_leaf,"[""metrics""]",medium,True,0.84,True,"Leaf mandatory clause in Appendix B tied to paragraph 29(b)–(g) metrics. However, extracted text is truncated after “paragraph 16(a)–”, so validation needed.",IFRS_S2_B65_C03,
Metrics and Targets,0.86,mandatory,True,must_disclose_leaf,"[""financial_effects"", ""metrics""]",medium,True,0.62,True,Clause marker (b) appears mis-extracted: source paragraph (b) is about concentration in business model/value chain; financial position/performance/cash flows relates to (c). Verify clause mapping/text.,IFRS_S2_B65_C04,
Metrics and Targets,0.86,mandatory,True,must_disclose_leaf,"[""metrics""]",medium,True,0.84,False,Appendix B guidance tied to paragraph 29(b)–(g) cross-industry metrics; uses 'shall' and is a leaf clause requiring consideration of industry-based metrics.,IFRS_S2_B65_C05,
Metrics and Targets,0.86,mandatory,True,must_disclose_leaf,"[""connected_information"", ""metrics""]",medium,True,0.84,True,"Mandatory ‘shall’ requirement in Appendix B tied to paragraph 29(b)–(g) metrics; extracted text appears truncated mid-sentence, so validate completeness.",IFRS_S2_B65_C06,
Metrics and Targets,0.86,mandatory,True,must_disclose_leaf,"[""connected_information"", ""metrics""]",medium,True,0.74,True,Clause (ii) is incomplete/truncated and appears to be part of a larger mandatory requirement about connecting disclosures to financial statements; validate text completeness and correct subclause mapping.,IFRS_S2_B65_C08,
Metrics and Targets,0.86,mandatory,True,must_disclose_leaf,"[""connected_information"", ""metrics""]",medium,True,0.78,True,Clause (g) appears to be a fragment of item (e) in the source paragraph; likely extraction/splitting error despite mandatory context.,IFRS_S2_B65_C09,
Metrics and Targets,0.86,mandatory,True,must_disclose_leaf,"[""ghg_emissions"", ""metrics"", ""targets""]",medium,True,0.84,False,"Appendix B paragraph explains mandatory target-disclosure characteristics under paragraph 33, including describing whether quantitative targets are absolute or intensity; aligns with Metrics and Targets.",IFRS_S2_B66_C01,
Metrics and Targets,0.86,mandatory,True,must_disclose_leaf,"[""metrics"", ""targets""]",medium,True,0.84,False,Appendix B target-metric disclosure requirement using 'shall' and aligned to Metrics and Targets; includes mandatory consideration of metric types and disclosure for entity-developed metrics per IFRS S1.,IFRS_S2_B67_C01,
Metrics and Targets,0.93,mandatory,True,must_disclose_leaf,"[""business_model_value_chain"", ""carbon_credits"", ""ghg_emissions"", ""targets""]",medium,True,0.9,False,Appendix B paragraph on GHG emissions targets requires specifying whether the target is gross or net; clearly a leaf disclosure under Metrics and Targets.,IFRS_S2_B68_C01,
Metrics and Targets,0.86,mandatory,True,must_disclose_leaf,"[""ghg_emissions"", ""targets""]",medium,True,0.83,False,Appendix B paragraph clarifies mandatory disclosure: net GHG target requires also disclosing gross GHG target and net target must not obscure gross target information; aligns with Metrics and Targets.,IFRS_S2_B69_C01,
Metrics and Targets,0.86,mandatory,True,must_disclose_leaf,"[""carbon_credits"", ""ghg_emissions"", ""targets""]",medium,True,0.86,False,Appendix B guidance tied to paragraph 36(e) requires disclosure of planned carbon credit use and extent of reliance to meet net GHG targets; aligns with Metrics and Targets.,IFRS_S2_B70_C01,
Metrics and Targets,0.86,mandatory,True,must_disclose_leaf,"[""carbon_credits"", ""ghg_emissions"", ""targets""]",medium,True,0.78,True,Contains both a mandatory disclosure (planned use) and optional guidance (might include purchased credits); may need splitting into mandatory vs optional components.,IFRS_S2_B71_C01,
Strategy,0.86,mandatory,True,must_disclose_leaf,"[""scenario_analysis""]",medium,True,0.82,False,Appendix B guidance under Strategy on determining scenario analysis approach; clause (a) is a concrete required step (selecting inputs) within a mandatory determination.,IFRS_S2_B8_C01,
Strategy,0.86,mandatory,True,must_disclose_leaf,"[""scenario_analysis""]",medium,True,0.84,False,Appendix B guidance under Strategy on determining scenario analysis approach; clause (b) is a real list item requiring analytical choices for carrying out climate-related scenario analysis.,IFRS_S2_B8_C02,
General Requirements,0.86,guidance,False,supporting_guidance_leaf,"[""commercial_banking"", ""materiality""]",high,True,0.9,False,Appendix B materiality guidance describing primary users’ decisions; correctly mapped to General Requirements and is explanatory rather than a disclosure obligation.,IFRS_S1_B14_C02,
Metrics and Targets,0.86,guidance,False,supporting_guidance_leaf,"[""financed_emissions"", ""ghg_emissions"", ""insurance""]",high,True,0.84,False,Appendix B paragraph explains context and rationale for financed emissions as an indicator of exposure to climate-related risks; no explicit disclosure requirement language.,IFRS_S2_B58_C01,
Metrics and Targets,0.86,context_objective,False,supporting_objective,"[""asset_management"", ""financed_emissions""]",high,True,0.74,True,"Row text is a cross-reference/list item, not the actual disclosure requirement; obligation is stated in source paragraph but details are in B61.",IFRS_S2_B59_C02,
Metrics and Targets,0.86,guidance,False,supporting_guidance_leaf,"[""commercial_banking"", ""financed_emissions""]",high,True,0.78,True,Row is appendix guidance but the source text states entities participating in commercial banking are required to disclose additional financed-emissions information; obligation may be mandatory rather than guidance.,IFRS_S2_B59_C03,
