geo_id,postcode,country_code,lat,lon,flood_zone_class,flood_risk_score,heat_stress_score,sea_level_rise_m_2050,wildfire_risk_score,acute_risk_composite,chronic_risk_composite,data_vintage
GEO-BE-00001,1000-01,BE,50.860965,4.304901,low,2.29,0.65,0.023,0.11,1.18,0.45,2024-01-01
GEO-BE-00002,1000-02,BE,50.863206,4.30855,low,1.3,0.21,0.01,0.1,0.71,0.16,2024-01-01
GEO-BE-00003,1000-03,BE,50.832372,4.31508,low,2.15,0.91,0.042,0.37,1.24,0.68,2024-01-01
GEO-BE-00004,1000-04,BE,50.8808,4.361762,low,0.89,0.37,0.028,0.7,0.67,0.37,2024-01-01
GEO-BE-00005,1000-05,BE,50.855996,4.37808,low,1.75,0.14,0.012,0.3,0.97,0.15,2024-01-01
GEO-BE-00006,1000-06,BE,50.872196,4.337779,low,0.79,1.02,0.025,0.13,0.44,0.66,2024-01-01
GEO-BE-00007,1000-07,BE,50.791243,4.28658,high,5.87,0.99,0.036,0.43,3.13,0.71,2024-01-01
GEO-BE-00008,1000-08,BE,50.865505,4.362398,medium,4.71,0.45,0.032,0.21,2.43,0.38,2024-01-01
GEO-BE-00009,1000-09,BE,50.901516,4.298206,high,6.63,0.0,0.024,0.08,3.4,0.09,2024-01-01
GEO-BE-00010,1000-10,BE,50.775678,4.363747,high,5.3,0.95,0.028,0.11,2.7,0.63,2024-01-01
GEO-BE-00011,1000-11,BE,50.884696,4.329232,low,2.03,1.06,0.048,0.33,1.14,0.78,2024-01-01
GEO-BE-00012,1000-12,BE,50.807404,4.294193,low,2.05,0.99,0.033,0.42,1.19,0.7,2024-01-01
GEO-BE-00013,1000-13,BE,50.908082,4.429265,high,6.65,0.42,0.025,0.04,3.35,0.32,2024-01-01
GEO-BE-00014,1000-14,BE,50.848595,4.313755,medium,3.31,0.84,0.046,0.24,1.8,0.65,2024-01-01
GEO-BE-00015,1000-15,BE,50.825942,4.341626,low,1.13,1.72,0.047,0.01,0.77,1.11,2024-01-01
GEO-BE-00016,2000-01,BE,51.196505,4.305872,medium,2.87,0.68,0.397,0.2,2.53,1.78,2024-01-01
GEO-BE-00017,2000-02,BE,51.206511,4.41787,low,1.25,0.48,0.058,0.11,1.75,0.48,2024-01-01
GEO-BE-00018,2000-03,BE,51.22126,4.402504,medium,3.92,0.78,0.199,1.05,3.0,1.23,2024-01-01
GEO-BE-00019,2000-04,BE,51.235305,4.352531,high,7.29,0.0,0.235,0.12,4.52,0.84,2024-01-01
GEO-BE-00020,2000-05,BE,51.165715,4.441372,very_high,7.58,1.27,0.264,0.07,4.92,1.63,2024-01-01
GEO-BE-00021,2000-06,BE,51.178159,4.437706,high,6.09,0.0,0.37,0.37,4.55,1.33,2024-01-01
GEO-BE-00022,2000-07,BE,51.23032,4.454489,medium,3.63,0.0,0.098,0.28,2.34,0.37,2024-01-01
GEO-BE-00023,2000-08,BE,51.227551,4.413048,high,6.55,0.0,0.342,0.13,4.04,1.21,2024-01-01
GEO-BE-00024,2000-09,BE,51.248864,4.427435,low,1.06,0.6,0.168,0.24,1.02,0.94,2024-01-01
GEO-BE-00025,2000-10,BE,51.235479,4.434088,high,6.17,0.55,0.414,0.48,4.35,1.8,2024-01-01
GEO-BE-00026,2000-11,BE,51.137723,4.371978,low,1.16,0.21,0.252,0.45,2.11,1.04,2024-01-01
GEO-BE-00027,2000-12,BE,51.247525,4.479935,high,6.66,0.99,0.123,0.38,4.02,1.02,2024-01-01
GEO-BE-00028,2000-13,BE,51.207402,4.336041,low,1.77,1.51,0.104,0.52,2.3,1.25,2024-01-01
GEO-BE-00029,2000-14,BE,51.163765,4.309216,medium,3.94,0.28,0.309,0.22,3.16,1.26,2024-01-01
GEO-BE-00030,2000-15,BE,51.227208,4.466995,high,7.07,0.0,0.096,0.31,4.66,0.37,2024-01-01
GEO-BE-00031,9000-01,BE,50.990201,3.702298,medium,2.58,0.0,0.048,0.3,1.4,0.2,2024-01-01
GEO-BE-00032,9000-02,BE,51.081978,3.732909,low,0.37,0.0,0.007,0.27,0.31,0.05,2024-01-01
GEO-BE-00033,9000-03,BE,51.041638,3.67505,high,5.09,0.95,0.004,0.44,2.73,0.58,2024-01-01
GEO-BE-00034,9000-04,BE,51.061419,3.672016,low,1.24,1.36,0.045,0.05,0.74,0.91,2024-01-01
GEO-BE-00035,9000-05,BE,51.05609,3.682951,low,1.81,0.37,0.0,0.27,1.06,0.23,2024-01-01
GEO-BE-00036,9000-06,BE,51.045462,3.733755,high,5.98,1.41,0.028,0.13,3.09,0.89,2024-01-01
GEO-BE-00037,9000-07,BE,51.039463,3.643071,medium,3.97,0.0,0.04,0.53,2.15,0.19,2024-01-01
GEO-BE-00038,9000-08,BE,50.995304,3.741612,high,5.13,0.0,0.002,0.0,2.57,0.01,2024-01-01
GEO-BE-00039,9000-09,BE,51.07079,3.693395,very_high,7.9,1.78,0.03,0.26,4.05,1.11,2024-01-01
GEO-BE-00040,9000-10,BE,51.001996,3.748864,low,1.21,0.0,0.046,0.09,0.67,0.17,2024-01-01
GEO-BE-00041,9000-11,BE,51.023883,3.725383,low,0.87,0.0,0.012,0.27,0.56,0.07,2024-01-01
GEO-BE-00042,9000-12,BE,51.029314,3.658143,low,1.12,0.34,0.022,0.29,0.7,0.29,2024-01-01
GEO-BE-00043,9000-13,BE,51.037531,3.752986,low,0.7,0.48,0.005,0.12,0.41,0.29,2024-01-01
GEO-BE-00044,9000-14,BE,51.045723,3.671013,high,7.12,0.32,0.0,0.26,3.65,0.2,2024-01-01
GEO-BE-00045,9000-15,BE,51.078301,3.701607,very_high,7.74,0.09,0.017,0.21,3.98,0.13,2024-01-01
GEO-DE-00046,10115-01,DE,52.513432,13.417516,low,2.38,0.0,0.03,0.19,1.43,0.12,2024-01-01
GEO-DE-00047,10115-02,DE,52.48874,13.405515,low,0.26,0.0,0.04,0.09,0.2,0.15,2024-01-01
GEO-DE-00048,10115-03,DE,52.457574,13.408763,low,0.2,0.0,0.006,0.07,0.15,0.03,2024-01-01
GEO-DE-00049,10115-04,DE,52.517209,13.48589,low,1.04,0.0,0.003,0.25,0.67,0.03,2024-01-01
GEO-DE-00050,10115-05,DE,52.557073,13.451163,low,0.51,0.0,0.038,0.01,0.35,0.13,2024-01-01
GEO-DE-00051,10115-06,DE,52.502361,13.376737,low,0.74,0.0,0.043,0.49,0.61,0.2,2024-01-01
GEO-DE-00052,10115-07,DE,52.515884,13.459639,low,1.84,0.0,0.005,0.51,1.1,0.07,2024-01-01
GEO-DE-00053,10115-08,DE,52.516735,13.410898,medium,3.01,0.0,0.01,0.13,1.56,0.05,2024-01-01
GEO-DE-00054,10115-09,DE,52.54333,13.360809,low,1.3,0.0,0.023,0.45,0.83,0.13,2024-01-01
GEO-DE-00055,10115-10,DE,52.451449,13.404446,low,0.92,0.0,0.004,0.07,0.49,0.02,2024-01-01
GEO-DE-00056,10115-11,DE,52.500479,13.386623,low,1.11,0.0,0.02,0.2,0.7,0.09,2024-01-01
GEO-DE-00057,10115-12,DE,52.475304,13.408146,low,0.51,0.0,0.044,0.41,0.42,0.19,2024-01-01
GEO-DE-00058,10115-13,DE,52.524173,13.379285,low,1.97,0.0,0.048,0.3,1.13,0.2,2024-01-01
GEO-DE-00059,10115-14,DE,52.55291,13.443969,low,1.14,0.0,0.049,0.14,0.83,0.19,2024-01-01
GEO-DE-00060,10115-15,DE,52.495076,13.466674,low,2.16,0.0,0.032,0.01,1.08,0.11,2024-01-01
GEO-DE-00061,20095-01,DE,53.541202,9.988922,very_high,8.43,0.0,0.43,0.05,4.61,1.51,2024-01-01
GEO-DE-00062,20095-02,DE,53.540508,9.971974,medium,2.64,0.0,0.413,0.04,2.65,1.45,2024-01-01
GEO-DE-00063,20095-03,DE,53.574553,9.976832,low,2.44,0.0,0.102,0.39,2.08,0.39,2024-01-01
GEO-DE-00064,20095-04,DE,53.477322,9.9773,high,5.2,0.0,0.21,0.37,3.86,0.77,2024-01-01
GEO-DE-00065,20095-05,DE,53.57555,9.998287,high,5.59,0.0,0.355,0.25,3.95,1.27,2024-01-01
GEO-DE-00066,20095-06,DE,53.545721,10.059132,very_high,7.92,0.0,0.36,0.09,5.24,1.27,2024-01-01
GEO-DE-00067,20095-07,DE,53.53057,10.058289,high,6.64,0.0,0.121,0.26,4.31,0.45,2024-01-01
GEO-DE-00068,20095-08,DE,53.548752,10.064763,high,5.53,0.0,0.365,0.43,3.22,1.32,2024-01-01
GEO-DE-00069,20095-09,DE,53.542685,9.998291,high,6.52,0.0,0.36,0.29,3.85,1.29,2024-01-01
GEO-DE-00070,20095-10,DE,53.541892,9.962837,low,2.09,0.0,0.197,0.0,1.44,0.69,2024-01-01
GEO-DE-00071,20095-11,DE,53.587157,10.001983,medium,2.61,0.0,0.127,0.37,2.15,0.48,2024-01-01
GEO-DE-00072,20095-12,DE,53.614161,9.975171,high,5.91,0.0,0.204,0.64,4.54,0.78,2024-01-01
GEO-DE-00073,20095-13,DE,53.502926,9.979471,high,5.9,0.0,0.284,0.07,3.3,1.0,2024-01-01
GEO-DE-00074,20095-14,DE,53.547516,9.964425,medium,3.45,0.0,0.422,0.02,2.54,1.48,2024-01-01
GEO-DE-00075,20095-15,DE,53.59627,10.012194,low,1.67,0.0,0.441,0.48,2.44,1.59,2024-01-01
GEO-DE-00076,80331-01,DE,48.155069,11.609819,low,1.18,3.09,0.046,0.24,0.74,1.89,2024-01-01
GEO-DE-00077,80331-02,DE,48.145669,11.549357,low,0.93,3.27,0.011,0.15,0.62,1.85,2024-01-01
GEO-DE-00078,80331-03,DE,48.155874,11.651163,low,1.05,2.23,0.028,0.1,0.56,1.34,2024-01-01
GEO-DE-00079,80331-04,DE,48.143866,11.522312,low,2.14,2.49,0.027,0.46,1.37,1.51,2024-01-01
GEO-DE-00080,80331-05,DE,48.062146,11.609642,low,1.3,1.43,0.006,0.15,0.77,0.82,2024-01-01
GEO-DE-00081,80331-06,DE,48.148262,11.515173,low,0.63,2.83,0.026,0.28,0.42,1.67,2024-01-01
GEO-DE-00082,80331-07,DE,48.144553,11.600539,low,0.6,2.34,0.002,0.05,0.49,1.3,2024-01-01
GEO-DE-00083,80331-08,DE,48.13128,11.57062,low,0.29,2.9,0.046,0.09,0.29,1.76,2024-01-01
GEO-DE-00084,80331-09,DE,48.121811,11.598963,high,5.43,2.84,0.047,0.15,2.79,1.74,2024-01-01
GEO-DE-00085,80331-10,DE,48.178011,11.452983,low,0.92,1.89,0.022,0.05,0.59,1.12,2024-01-01
GEO-DE-00086,80331-11,DE,48.155244,11.518558,low,1.03,2.69,0.027,0.44,0.69,1.62,2024-01-01
GEO-DE-00087,80331-12,DE,48.182977,11.543653,low,1.65,2.8,0.016,0.02,0.96,1.6,2024-01-01
GEO-DE-00088,80331-13,DE,48.125618,11.540195,medium,3.7,1.23,0.024,0.09,1.91,0.77,2024-01-01
GEO-DE-00089,80331-14,DE,48.216502,11.65024,low,0.59,2.49,0.032,0.38,0.5,1.52,2024-01-01
GEO-DE-00090,80331-15,DE,48.105218,11.602687,low,1.71,2.13,0.01,0.16,1.03,1.22,2024-01-01
GEO-DE-00091,60311-01,DE,50.097226,8.758863,high,5.56,0.83,0.024,0.13,2.84,0.55,2024-01-01
GEO-DE-00092,60311-02,DE,50.098523,8.632421,high,6.16,0.92,0.009,0.19,3.15,0.56,2024-01-01
GEO-DE-00093,60311-03,DE,50.113277,8.706766,low,0.14,1.65,0.043,0.11,0.22,1.07,2024-01-01
GEO-DE-00094,60311-04,DE,50.036186,8.709878,high,7.06,0.46,0.042,0.07,3.61,0.41,2024-01-01
GEO-DE-00095,60311-05,DE,50.048574,8.645954,high,6.67,0.71,0.034,0.14,3.38,0.52,2024-01-01
GEO-DE-00096,60311-06,DE,50.08232,8.630493,medium,4.62,0.54,0.039,0.11,2.4,0.44,2024-01-01
GEO-DE-00097,60311-07,DE,50.033403,8.697658,low,1.23,0.47,0.009,0.39,0.8,0.33,2024-01-01
GEO-DE-00098,60311-08,DE,50.124129,8.702464,high,6.94,1.69,0.01,0.59,3.66,1.02,2024-01-01
GEO-DE-00099,60311-09,DE,50.120988,8.670743,medium,4.87,0.3,0.002,0.12,2.48,0.18,2024-01-01
GEO-DE-00100,60311-10,DE,50.02885,8.75367,high,7.07,0.94,0.047,0.22,3.67,0.7,2024-01-01
GEO-DE-00101,60311-11,DE,50.026406,8.711278,medium,4.05,0.5,0.012,0.05,2.12,0.32,2024-01-01
GEO-DE-00102,60311-12,DE,50.137213,8.687888,low,0.62,1.26,0.039,0.29,0.5,0.86,2024-01-01
GEO-DE-00103,60311-13,DE,50.145499,8.698504,high,6.61,2.05,0.017,0.79,3.6,1.27,2024-01-01
GEO-DE-00104,60311-14,DE,50.105466,8.619912,medium,4.86,0.63,0.048,0.09,2.54,0.52,2024-01-01
GEO-DE-00105,60311-15,DE,50.119993,8.728221,medium,4.02,0.28,0.046,0.11,2.06,0.32,2024-01-01
GEO-DE-00106,50667-01,DE,51.004803,7.011031,medium,4.39,0.24,0.026,0.24,2.45,0.25,2024-01-01
GEO-DE-00107,50667-02,DE,50.941397,6.942812,low,1.11,0.0,0.015,0.5,0.73,0.1,2024-01-01
GEO-DE-00108,50667-03,DE,50.959508,7.037247,low,0.82,0.46,0.022,0.13,0.48,0.34,2024-01-01
GEO-DE-00109,50667-04,DE,50.926615,6.939988,medium,2.58,0.0,0.03,0.22,1.37,0.13,2024-01-01
GEO-DE-00110,50667-05,DE,50.979951,7.010213,high,7.46,0.34,0.037,0.43,3.86,0.36,2024-01-01
GEO-DE-00111,50667-06,DE,50.952986,6.946601,medium,4.96,0.18,0.05,0.12,2.55,0.28,2024-01-01
GEO-DE-00112,50667-07,DE,50.970142,6.982079,high,7.16,0.47,0.049,0.14,3.65,0.44,2024-01-01
GEO-DE-00113,50667-08,DE,50.940579,6.970181,high,7.02,0.61,0.022,0.01,3.54,0.41,2024-01-01
GEO-DE-00114,50667-09,DE,50.945595,6.94683,high,6.09,0.55,0.022,0.3,3.18,0.41,2024-01-01
GEO-DE-00115,50667-10,DE,50.961248,6.943615,high,6.8,0.0,0.015,0.03,3.44,0.06,2024-01-01
GEO-DE-00116,50667-11,DE,50.941051,6.869945,high,6.79,0.98,0.03,0.2,3.54,0.66,2024-01-01
GEO-DE-00117,50667-12,DE,50.899849,6.935344,low,1.18,0.29,0.049,0.21,0.82,0.35,2024-01-01
GEO-DE-00118,50667-13,DE,50.830833,6.932578,low,1.3,0.0,0.025,0.02,0.72,0.09,2024-01-01
GEO-DE-00119,50667-14,DE,50.923374,6.921457,low,0.36,0.03,0.046,0.48,0.34,0.23,2024-01-01
GEO-DE-00120,50667-15,DE,50.905681,6.921095,low,1.97,0.31,0.022,0.58,1.25,0.31,2024-01-01
GEO-DE-00121,40210-01,DE,51.219435,6.740453,high,6.24,0.28,0.002,0.09,3.26,0.17,2024-01-01
GEO-DE-00122,40210-02,DE,51.244803,6.781178,high,6.52,0.43,0.021,0.01,3.27,0.31,2024-01-01
GEO-DE-00123,40210-03,DE,51.24142,6.787173,high,5.64,0.71,0.017,0.09,2.94,0.46,2024-01-01
GEO-DE-00124,40210-04,DE,51.289901,6.803146,high,6.59,0.11,0.025,0.62,3.55,0.21,2024-01-01
GEO-DE-00125,40210-05,DE,51.136634,6.782743,high,5.74,0.59,0.034,0.02,2.94,0.44,2024-01-01
GEO-DE-00126,40210-06,DE,51.20098,6.711438,high,5.91,0.63,0.006,0.42,3.1,0.41,2024-01-01
GEO-DE-00127,40210-07,DE,51.189449,6.708385,low,1.35,1.12,0.046,0.14,0.73,0.79,2024-01-01
GEO-DE-00128,40210-08,DE,51.207622,6.715624,high,6.68,0.67,0.038,0.61,3.7,0.56,2024-01-01
GEO-DE-00129,40210-09,DE,51.232316,6.810344,high,6.93,0.77,0.005,0.21,3.56,0.46,2024-01-01
GEO-DE-00130,40210-10,DE,51.199765,6.783012,high,5.67,0.0,0.014,0.12,2.89,0.06,2024-01-01
GEO-DE-00131,40210-11,DE,51.226719,6.782193,low,0.51,1.16,0.048,0.03,0.43,0.81,2024-01-01
GEO-DE-00132,40210-12,DE,51.224376,6.758552,low,1.61,1.03,0.026,0.9,1.1,0.75,2024-01-01
GEO-DE-00133,40210-13,DE,51.239339,6.737075,low,0.51,0.19,0.004,0.49,0.44,0.17,2024-01-01
GEO-DE-00134,40210-14,DE,51.217212,6.718753,medium,4.88,0.17,0.033,0.68,2.65,0.28,2024-01-01
GEO-DE-00135,40210-15,DE,51.298082,6.798204,low,0.53,0.0,0.031,0.67,0.61,0.18,2024-01-01
GEO-ES-00136,28001-01,ES,40.45463,-3.717046,low,1.51,10.0,0.005,6.92,2.88,6.21,2024-01-01
GEO-ES-00137,28001-02,ES,40.389908,-3.69993,low,0.44,10.0,0.021,3.75,1.44,5.95,2024-01-01
GEO-ES-00138,28001-03,ES,40.385212,-3.717524,low,0.42,10.0,0.002,7.71,2.53,6.28,2024-01-01
GEO-ES-00139,28001-04,ES,40.375414,-3.68886,medium,2.99,10.0,0.018,1.77,2.07,5.74,2024-01-01
GEO-ES-00140,28001-05,ES,40.438895,-3.662922,low,0.01,9.87,0.019,2.65,0.85,5.76,2024-01-01
GEO-ES-00141,28001-06,ES,40.361488,-3.6837,low,1.31,10.0,0.004,0.73,0.88,5.59,2024-01-01
GEO-ES-00142,28001-07,ES,40.484538,-3.703198,low,1.11,10.0,0.034,2.94,1.47,5.91,2024-01-01
GEO-ES-00143,28001-08,ES,40.41721,-3.811052,low,0.1,9.95,0.008,5.99,1.85,6.1,2024-01-01
GEO-ES-00144,28001-09,ES,40.468581,-3.712353,low,1.33,9.85,0.028,7.65,3.01,6.28,2024-01-01
GEO-ES-00145,28001-10,ES,40.42814,-3.649383,low,2.16,10.0,0.012,3.6,2.23,5.9,2024-01-01
GEO-ES-00146,28001-11,ES,40.404386,-3.813566,low,0.68,10.0,0.016,5.67,2.1,6.12,2024-01-01
GEO-ES-00147,28001-12,ES,40.441509,-3.778495,low,0.67,10.0,0.033,3.34,1.38,5.95,2024-01-01
GEO-ES-00148,28001-13,ES,40.333773,-3.727907,medium,2.72,10.0,0.017,5.26,3.1,6.09,2024-01-01
GEO-ES-00149,28001-14,ES,40.456483,-3.60899,low,1.76,10.0,0.039,5.8,2.69,6.22,2024-01-01
GEO-ES-00150,28001-15,ES,40.382793,-3.670514,medium,2.7,10.0,0.003,5.9,3.24,6.1,2024-01-01
GEO-ES-00151,08001-01,ES,41.320319,2.111926,high,7.01,10.0,0.3,7.12,6.41,7.26,2024-01-01
GEO-ES-00152,08001-02,ES,41.414075,2.155997,low,1.74,9.93,0.186,1.59,2.54,6.27,2024-01-01
GEO-ES-00153,08001-03,ES,41.310661,2.143937,low,2.33,10.0,0.257,4.99,3.97,6.9,2024-01-01
GEO-ES-00154,08001-04,ES,41.387784,2.23322,low,1.82,10.0,0.081,3.45,3.17,6.13,2024-01-01
GEO-ES-00155,08001-05,ES,41.392493,2.160726,low,2.19,10.0,0.233,5.63,3.85,6.88,2024-01-01
GEO-ES-00156,08001-06,ES,41.372223,2.074774,low,2.19,10.0,0.434,4.76,3.96,7.49,2024-01-01
GEO-ES-00157,08001-07,ES,41.409798,2.234904,low,2.11,10.0,0.337,4.58,3.26,7.14,2024-01-01
GEO-ES-00158,08001-08,ES,41.358236,2.26574,medium,2.9,8.5,0.14,4.04,3.85,5.57,2024-01-01
GEO-ES-00159,08001-09,ES,41.340819,2.093538,medium,2.64,10.0,0.348,2.5,2.5,6.97,2024-01-01
GEO-ES-00160,08001-10,ES,41.358812,2.16669,low,2.15,10.0,0.063,6.24,4.06,6.34,2024-01-01
GEO-ES-00161,08001-11,ES,41.381925,2.242416,very_high,7.63,10.0,0.251,6.33,6.86,7.01,2024-01-01
GEO-ES-00162,08001-12,ES,41.337391,2.149585,low,2.05,10.0,0.234,1.23,1.92,6.44,2024-01-01
GEO-ES-00163,08001-13,ES,41.422247,2.137545,high,7.37,8.74,0.403,6.3,6.21,6.84,2024-01-01
GEO-ES-00164,08001-14,ES,41.348478,2.206192,low,1.75,10.0,0.07,3.65,2.98,6.11,2024-01-01
GEO-ES-00165,08001-15,ES,41.39355,2.226647,high,7.12,10.0,0.346,4.79,5.77,7.19,2024-01-01
GEO-ES-00166,46001-01,ES,39.518622,-0.414682,low,1.14,10.0,0.399,6.71,3.41,7.57,2024-01-01
GEO-ES-00167,46001-02,ES,39.481504,-0.342543,low,1.6,10.0,0.139,5.29,3.29,6.51,2024-01-01
GEO-ES-00168,46001-03,ES,39.489357,-0.397171,low,1.47,10.0,0.201,5.57,3.51,6.76,2024-01-01
GEO-ES-00169,46001-04,ES,39.493546,-0.351085,high,7.3,10.0,0.064,4.78,6.3,6.2,2024-01-01
GEO-ES-00170,46001-05,ES,39.451217,-0.375976,medium,3.58,10.0,0.093,2.44,3.06,6.07,2024-01-01
GEO-ES-00171,46001-06,ES,39.487164,-0.381139,medium,2.92,10.0,0.277,4.14,3.61,6.88,2024-01-01
GEO-ES-00172,46001-07,ES,39.478419,-0.413285,low,2.41,10.0,0.196,7.36,3.96,6.92,2024-01-01
GEO-ES-00173,46001-08,ES,39.432323,-0.461577,medium,4.37,10.0,0.369,5.56,4.98,7.35,2024-01-01
GEO-ES-00174,46001-09,ES,39.484657,-0.380531,medium,4.7,10.0,0.28,7.21,5.79,7.2,2024-01-01
GEO-ES-00175,46001-10,ES,39.452925,-0.291343,low,1.62,10.0,0.27,5.46,3.66,6.99,2024-01-01
GEO-ES-00176,46001-11,ES,39.458993,-0.409875,medium,3.61,10.0,0.286,2.74,3.89,6.78,2024-01-01
GEO-ES-00177,46001-12,ES,39.495311,-0.323683,very_high,7.56,10.0,0.107,5.22,6.72,6.39,2024-01-01
GEO-ES-00178,46001-13,ES,39.519247,-0.406973,medium,2.75,10.0,0.35,5.2,3.58,7.24,2024-01-01
GEO-ES-00179,46001-14,ES,39.478975,-0.435761,high,6.47,10.0,0.2,4.19,5.75,6.62,2024-01-01
GEO-ES-00180,46001-15,ES,39.538714,-0.445952,medium,4.41,10.0,0.362,4.15,4.62,7.18,2024-01-01
GEO-ES-00181,41001-01,ES,37.362423,-5.992168,low,1.91,10.0,0.017,6.26,2.87,6.18,2024-01-01
GEO-ES-00182,41001-02,ES,37.43319,-5.989856,low,0.88,10.0,0.023,6.5,2.45,6.23,2024-01-01
GEO-ES-00183,41001-03,ES,37.372492,-6.014733,low,0.92,10.0,0.015,7.4,2.7,6.29,2024-01-01
GEO-ES-00184,41001-04,ES,37.433467,-6.023073,low,0.15,10.0,0.003,2.46,0.85,5.76,2024-01-01
GEO-ES-00185,41001-05,ES,37.365823,-5.942318,low,1.58,10.0,0.034,3.78,1.92,6.0,2024-01-01
GEO-ES-00186,41001-06,ES,37.343827,-6.021084,low,1.46,10.0,0.001,4.37,2.09,5.94,2024-01-01
GEO-ES-00187,41001-07,ES,37.408582,-5.986421,low,0.5,10.0,0.005,5.74,1.98,6.09,2024-01-01
GEO-ES-00188,41001-08,ES,37.361368,-5.994739,low,0.61,10.0,0.04,1.46,0.82,5.79,2024-01-01
GEO-ES-00189,41001-09,ES,37.338106,-6.01592,low,1.13,10.0,0.046,5.58,2.38,6.22,2024-01-01
GEO-ES-00190,41001-10,ES,37.327455,-5.945661,low,1.92,10.0,0.002,6.67,3.0,6.17,2024-01-01
GEO-ES-00191,41001-11,ES,37.392119,-6.037627,low,1.79,10.0,0.024,4.03,2.12,5.99,2024-01-01
GEO-ES-00192,41001-12,ES,37.369908,-5.982646,low,1.1,10.0,0.025,2.21,1.23,5.81,2024-01-01
GEO-ES-00193,41001-13,ES,37.35709,-5.987324,low,0.18,10.0,0.027,4.81,1.61,6.08,2024-01-01
GEO-ES-00194,41001-14,ES,37.398139,-5.962669,low,0.42,10.0,0.011,5.54,1.98,6.09,2024-01-01
GEO-ES-00195,41001-15,ES,37.392861,-6.033648,low,1.84,10.0,0.04,6.24,2.84,6.26,2024-01-01
GEO-FR-00196,75001-01,FR,48.782752,2.317716,low,2.35,2.2,0.029,0.87,1.47,1.4,2024-01-01
GEO-FR-00197,75001-02,FR,48.875988,2.325965,low,1.52,2.77,0.023,1.89,1.37,1.79,2024-01-01
GEO-FR-00198,75001-03,FR,48.841063,2.329422,low,0.65,2.45,0.037,1.19,0.8,1.59,2024-01-01
GEO-FR-00199,75001-04,FR,48.866537,2.378536,low,0.67,1.56,0.033,3.75,1.47,1.35,2024-01-01
GEO-FR-00200,75001-05,FR,48.883344,2.42814,low,0.28,2.76,0.004,3.88,1.36,1.92,2024-01-01
GEO-FR-00201,75001-06,FR,48.900695,2.328601,low,2.38,2.02,0.002,2.4,1.94,1.36,2024-01-01
GEO-FR-00202,75001-07,FR,48.804898,2.325925,low,0.78,2.42,0.001,1.87,1.0,1.52,2024-01-01
GEO-FR-00203,75001-08,FR,48.802376,2.329212,low,0.37,2.86,0.028,2.87,1.21,1.96,2024-01-01
GEO-FR-00204,75001-09,FR,48.803551,2.296057,low,2.07,1.55,0.006,1.93,1.71,1.07,2024-01-01
GEO-FR-00205,75001-10,FR,48.85688,2.34701,low,0.45,2.78,0.048,2.7,1.21,1.97,2024-01-01
GEO-FR-00206,75001-11,FR,48.833802,2.356708,low,2.16,2.35,0.005,2.81,1.97,1.59,2024-01-01
GEO-FR-00207,75001-12,FR,48.92453,2.384655,low,0.86,2.85,0.044,1.5,0.94,1.87,2024-01-01
GEO-FR-00208,75001-13,FR,48.906338,2.394338,low,0.72,2.78,0.031,0.97,0.74,1.73,2024-01-01
GEO-FR-00209,75001-14,FR,48.887202,2.400862,low,1.31,2.01,0.016,2.95,1.55,1.46,2024-01-01
GEO-FR-00210,75001-15,FR,48.848077,2.411696,low,0.23,2.75,0.04,1.15,0.53,1.77,2024-01-01
GEO-FR-00211,69001-01,FR,45.779626,4.832996,low,1.44,4.18,0.01,0.28,0.84,2.36,2024-01-01
GEO-FR-00212,69001-02,FR,45.809745,4.851537,low,0.42,4.55,0.033,0.89,0.57,2.71,2024-01-01
GEO-FR-00213,69001-03,FR,45.73737,4.86128,high,6.9,4.88,0.014,3.58,4.53,3.09,2024-01-01
GEO-FR-00214,69001-04,FR,45.812345,4.911147,low,0.3,5.34,0.008,3.26,1.18,3.29,2024-01-01
GEO-FR-00215,69001-05,FR,45.835909,4.83923,low,1.72,4.53,0.04,1.01,1.29,2.73,2024-01-01
GEO-FR-00216,69001-06,FR,45.74401,4.755828,low,2.36,5.04,0.002,2.51,1.95,3.03,2024-01-01
GEO-FR-00217,69001-07,FR,45.747779,4.752327,low,1.62,5.17,0.022,4.03,2.04,3.32,2024-01-01
GEO-FR-00218,69001-08,FR,45.786078,4.868409,low,0.73,4.84,0.041,3.68,1.59,3.17,2024-01-01
GEO-FR-00219,69001-09,FR,45.712294,4.899739,medium,4.95,5.46,0.011,3.38,3.52,3.38,2024-01-01
GEO-FR-00220,69001-10,FR,45.778085,4.816374,low,0.95,4.11,0.013,0.14,0.52,2.32,2024-01-01
GEO-FR-00221,69001-11,FR,45.785379,4.804788,low,0.66,4.45,0.034,3.09,1.42,2.87,2024-01-01
GEO-FR-00222,69001-12,FR,45.71772,4.893426,high,6.37,5.0,0.017,1.34,3.63,2.95,2024-01-01
GEO-FR-00223,69001-13,FR,45.754261,4.85687,low,1.27,5.38,0.001,1.9,1.24,3.15,2024-01-01
GEO-FR-00224,69001-14,FR,45.812545,4.845981,low,1.55,6.37,0.038,3.49,1.88,3.99,2024-01-01
GEO-FR-00225,69001-15,FR,45.737484,4.758822,medium,3.27,4.65,0.034,2.98,2.53,2.97,2024-01-01
GEO-FR-00226,13001-01,FR,43.291431,5.312567,low,1.13,6.93,0.292,1.27,1.88,4.96,2024-01-01
GEO-FR-00227,13001-02,FR,43.334667,5.327666,medium,3.32,6.46,0.095,1.74,2.65,4.06,2024-01-01
GEO-FR-00228,13001-03,FR,43.2448,5.362095,low,1.86,6.89,0.259,1.65,2.79,4.86,2024-01-01
GEO-FR-00229,13001-04,FR,43.27806,5.358752,low,1.76,7.46,0.396,2.48,2.69,5.74,2024-01-01
GEO-FR-00230,13001-05,FR,43.262638,5.466255,low,1.23,6.83,0.263,2.07,1.75,4.88,2024-01-01
GEO-FR-00231,13001-06,FR,43.326823,5.33331,low,1.5,6.36,0.4,0.7,2.23,4.97,2024-01-01
GEO-FR-00232,13001-07,FR,43.307527,5.395129,low,1.98,6.75,0.223,2.23,2.63,4.72,2024-01-01
GEO-FR-00233,13001-08,FR,43.298465,5.325651,low,2.39,6.43,0.138,0.67,2.27,4.09,2024-01-01
GEO-FR-00234,13001-09,FR,43.259826,5.322973,medium,3.24,6.87,0.115,1.24,2.69,4.3,2024-01-01
GEO-FR-00235,13001-10,FR,43.327593,5.405353,low,2.06,7.49,0.311,3.33,2.93,5.54,2024-01-01
GEO-FR-00236,13001-11,FR,43.303421,5.401436,medium,2.69,6.59,0.242,1.64,2.8,4.64,2024-01-01
GEO-FR-00237,13001-12,FR,43.342333,5.430111,low,2.48,6.62,0.284,1.14,2.06,4.75,2024-01-01
GEO-FR-00238,13001-13,FR,43.322552,5.404685,medium,2.57,6.38,0.16,1.28,2.81,4.2,2024-01-01
GEO-FR-00239,13001-14,FR,43.331908,5.358743,low,1.59,7.65,0.412,1.78,2.5,5.83,2024-01-01
GEO-FR-00240,13001-15,FR,43.302483,5.364713,low,2.49,6.28,0.396,2.82,3.06,5.12,2024-01-01
GEO-FR-00241,06000-01,FR,43.730754,7.288773,low,2.32,6.66,0.058,1.9,2.99,4.06,2024-01-01
GEO-FR-00242,06000-02,FR,43.741329,7.257535,low,1.84,7.04,0.24,1.22,2.33,4.83,2024-01-01
GEO-FR-00243,06000-03,FR,43.681356,7.258636,low,1.21,6.05,0.333,2.8,1.74,4.77,2024-01-01
GEO-FR-00244,06000-04,FR,43.746117,7.261111,low,0.84,6.22,0.247,1.91,1.95,4.48,2024-01-01
GEO-FR-00245,06000-05,FR,43.682966,7.345269,medium,2.54,6.93,0.075,3.41,3.38,4.42,2024-01-01
GEO-FR-00246,06000-06,FR,43.687604,7.294969,high,6.61,6.54,0.399,0.51,4.55,5.05,2024-01-01
GEO-FR-00247,06000-07,FR,43.67488,7.27574,medium,3.1,6.6,0.392,1.1,2.65,5.11,2024-01-01
GEO-FR-00248,06000-08,FR,43.747035,7.282521,high,7.13,6.03,0.324,2.73,5.06,4.73,2024-01-01
GEO-FR-00249,06000-09,FR,43.672718,7.239011,low,2.12,5.95,0.296,0.8,2.17,4.39,2024-01-01
GEO-FR-00250,06000-10,FR,43.73037,7.216851,low,2.36,6.21,0.239,1.27,2.3,4.38,2024-01-01
GEO-FR-00251,06000-11,FR,43.711396,7.275528,medium,2.67,6.87,0.391,0.7,2.28,5.22,2024-01-01
GEO-FR-00252,06000-12,FR,43.778455,7.231923,medium,3.83,6.88,0.057,1.65,3.27,4.15,2024-01-01
GEO-FR-00253,06000-13,FR,43.709257,7.27169,low,2.43,5.71,0.431,1.0,2.42,4.75,2024-01-01
GEO-FR-00254,06000-14,FR,43.678658,7.30105,low,1.85,6.02,0.286,2.89,2.75,4.6,2024-01-01
GEO-FR-00255,06000-15,FR,43.759496,7.147736,low,1.19,6.53,0.258,2.19,2.41,4.71,2024-01-01
GEO-FR-00256,33000-01,FR,44.896515,-0.587669,high,6.88,5.68,0.008,2.18,4.11,3.37,2024-01-01
GEO-FR-00257,33000-02,FR,44.836796,-0.581568,low,0.27,5.78,0.009,2.4,0.86,3.45,2024-01-01
GEO-FR-00258,33000-03,FR,44.902091,-0.632835,low,2.1,5.44,0.044,2.29,1.99,3.38,2024-01-01
GEO-FR-00259,33000-04,FR,44.806519,-0.680683,low,1.93,5.02,0.002,1.3,1.43,2.9,2024-01-01
GEO-FR-00260,33000-05,FR,44.82486,-0.606037,high,6.42,6.11,0.025,3.89,4.43,3.83,2024-01-01
GEO-FR-00261,33000-06,FR,44.821265,-0.638797,low,1.55,5.55,0.026,1.73,1.32,3.32,2024-01-01
GEO-FR-00262,33000-07,FR,44.840109,-0.600099,medium,4.84,6.5,0.038,1.09,2.78,3.82,2024-01-01
GEO-FR-00263,33000-08,FR,44.863925,-0.613041,medium,4.13,6.39,0.037,0.93,2.5,3.73,2024-01-01
GEO-FR-00264,33000-09,FR,44.831194,-0.646435,medium,3.0,6.16,0.001,0.49,1.73,3.44,2024-01-01
GEO-FR-00265,33000-10,FR,44.800079,-0.560109,high,7.13,5.09,0.001,1.54,4.03,2.96,2024-01-01
GEO-FR-00266,33000-11,FR,44.835932,-0.530315,high,6.25,6.94,0.042,2.31,3.85,4.2,2024-01-01
GEO-FR-00267,33000-12,FR,44.819718,-0.545083,low,1.03,5.77,0.012,2.35,1.34,3.45,2024-01-01
GEO-FR-00268,33000-13,FR,44.803856,-0.564644,medium,4.69,5.01,0.043,3.89,3.56,3.3,2024-01-01
GEO-FR-00269,33000-14,FR,44.858993,-0.591007,high,6.31,6.12,0.032,2.37,3.95,3.71,2024-01-01
GEO-FR-00270,33000-15,FR,44.840422,-0.532434,high,6.24,6.18,0.009,2.03,3.78,3.63,2024-01-01
GEO-FR-00271,59000-01,FR,50.65337,3.104903,low,0.15,0.0,0.044,1.11,0.58,0.26,2024-01-01
GEO-FR-00272,59000-02,FR,50.686026,3.073487,low,1.28,1.21,0.014,1.78,1.24,0.89,2024-01-01
GEO-FR-00273,59000-03,FR,50.686676,3.071312,low,2.13,0.81,0.043,2.65,1.89,0.86,2024-01-01
GEO-FR-00274,59000-04,FR,50.681756,2.980501,low,1.47,1.43,0.031,3.34,1.89,1.23,2024-01-01
GEO-FR-00275,59000-05,FR,50.648709,3.052095,low,0.79,1.13,0.03,3.92,1.64,1.12,2024-01-01
GEO-FR-00276,59000-06,FR,50.649881,3.007531,low,0.6,0.81,0.004,1.16,0.67,0.57,2024-01-01
GEO-FR-00277,59000-07,FR,50.587221,2.915835,low,0.46,1.57,0.025,1.36,0.73,1.09,2024-01-01
GEO-FR-00278,59000-08,FR,50.663916,3.076508,low,1.52,0.76,0.022,0.87,1.06,0.58,2024-01-01
GEO-FR-00279,59000-09,FR,50.657034,3.140679,low,1.28,1.27,0.009,2.52,1.44,0.98,2024-01-01
GEO-FR-00280,59000-10,FR,50.604386,2.999558,medium,3.86,1.25,0.034,1.83,2.5,0.99,2024-01-01
GEO-FR-00281,59000-11,FR,50.612055,2.975734,low,1.32,0.71,0.021,0.54,0.92,0.52,2024-01-01
GEO-FR-00282,59000-12,FR,50.61667,3.070232,low,0.04,1.23,0.021,1.83,0.6,0.93,2024-01-01
GEO-FR-00283,59000-13,FR,50.550775,3.039825,low,0.45,1.02,0.014,3.21,1.24,0.93,2024-01-01
GEO-FR-00284,59000-14,FR,50.568002,3.096288,low,0.8,1.23,0.028,2.92,1.3,1.07,2024-01-01
GEO-FR-00285,59000-15,FR,50.64208,3.012786,low,0.28,2.01,0.014,1.18,0.55,1.27,2024-01-01
GEO-GB-00286,EC1A 1AA,GB,51.495007,-0.072372,high,7.39,0.31,0.034,0.18,3.81,0.31,2024-01-01
GEO-GB-00287,EC1A 2AA,GB,51.519457,-0.089522,medium,4.51,0.0,0.017,0.15,2.32,0.07,2024-01-01
GEO-GB-00288,EC1A 3AA,GB,51.493666,-0.128385,medium,3.39,0.01,0.003,0.76,1.95,0.09,2024-01-01
GEO-GB-00289,EC1A 4AA,GB,51.498606,-0.069827,high,5.84,0.0,0.012,0.14,2.97,0.06,2024-01-01
GEO-GB-00290,EC1A 5AA,GB,51.46733,-0.129544,low,1.96,0.01,0.044,0.43,1.15,0.2,2024-01-01
GEO-GB-00291,EC1A 6AA,GB,51.499385,-0.199418,low,1.88,0.0,0.005,0.16,0.99,0.03,2024-01-01
GEO-GB-00292,EC1A 7AA,GB,51.491649,-0.085436,low,1.62,0.06,0.022,0.11,0.91,0.12,2024-01-01
GEO-GB-00293,EC1A 8AA,GB,51.455847,-0.177196,medium,3.73,0.0,0.042,0.15,2.0,0.16,2024-01-01
GEO-GB-00294,EC1A 9AA,GB,51.473527,-0.150685,medium,4.18,0.3,0.01,0.09,2.21,0.21,2024-01-01
GEO-GB-00295,EC1A 10AA,GB,51.461173,-0.191283,low,1.2,0.33,0.006,0.74,0.84,0.27,2024-01-01
GEO-GB-00296,EC1A 11AA,GB,51.473825,-0.110923,high,5.48,0.89,0.025,0.29,2.84,0.61,2024-01-01
GEO-GB-00297,EC1A 12AA,GB,51.579476,-0.123996,high,6.72,0.0,0.021,0.18,3.47,0.09,2024-01-01
GEO-GB-00298,EC1A 13AA,GB,51.457727,-0.083092,medium,4.85,0.55,0.015,0.11,2.47,0.36,2024-01-01
GEO-GB-00299,EC1A 14AA,GB,51.516847,-0.149856,low,0.36,0.12,0.038,0.23,0.26,0.22,2024-01-01
GEO-GB-00300,EC1A 15AA,GB,51.522197,-0.117041,medium,4.94,0.6,0.024,0.09,2.56,0.42,2024-01-01
GEO-GB-00301,M1 1AA,GB,53.43913,-2.202846,high,7.24,0.0,0.014,0.01,3.83,0.05,2024-01-01
GEO-GB-00302,M1 2AA,GB,53.516286,-2.308806,low,0.98,0.0,0.037,0.24,0.64,0.15,2024-01-01
GEO-GB-00303,M1 3AA,GB,53.516483,-2.223736,low,1.71,0.0,0.019,0.54,1.02,0.12,2024-01-01
GEO-GB-00304,M1 4AA,GB,53.493334,-2.33796,low,0.81,0.0,0.017,0.15,0.55,0.08,2024-01-01
GEO-GB-00305,M1 5AA,GB,53.45845,-2.238113,low,1.97,0.0,0.046,0.02,1.07,0.16,2024-01-01
GEO-GB-00306,M1 6AA,GB,53.561714,-2.285218,medium,3.16,0.0,0.012,0.09,1.68,0.05,2024-01-01
GEO-GB-00307,M1 7AA,GB,53.508637,-2.168508,low,1.88,0.0,0.033,0.38,1.18,0.15,2024-01-01
GEO-GB-00308,M1 8AA,GB,53.483649,-2.284747,low,1.28,0.0,0.029,0.03,0.65,0.1,2024-01-01
GEO-GB-00309,M1 9AA,GB,53.484744,-2.171263,medium,3.48,0.0,0.036,0.37,1.92,0.16,2024-01-01
GEO-GB-00310,M1 10AA,GB,53.428993,-2.169867,low,1.25,0.0,0.033,0.27,0.86,0.14,2024-01-01
GEO-GB-00311,M1 11AA,GB,53.529573,-2.320936,medium,4.91,0.0,0.014,0.4,2.62,0.09,2024-01-01
GEO-GB-00312,M1 12AA,GB,53.492266,-2.216941,low,2.22,0.0,0.03,1.14,1.71,0.22,2024-01-01
GEO-GB-00313,M1 13AA,GB,53.467013,-2.302716,low,1.71,0.0,0.043,0.64,1.05,0.22,2024-01-01
GEO-GB-00314,M1 14AA,GB,53.516177,-2.225178,low,1.0,0.0,0.018,0.08,0.56,0.07,2024-01-01
GEO-GB-00315,M1 15AA,GB,53.51051,-2.274044,low,1.49,0.0,0.033,0.14,0.94,0.13,2024-01-01
GEO-GB-00316,L1 1AA,GB,53.364452,-2.969678,medium,4.13,0.0,0.205,0.2,2.51,0.74,2024-01-01
GEO-GB-00317,L1 2AA,GB,53.429061,-3.021352,high,7.13,0.0,0.377,0.03,4.88,1.32,2024-01-01
GEO-GB-00318,L1 3AA,GB,53.37699,-2.976348,medium,3.14,0.0,0.377,0.37,2.49,1.36,2024-01-01
GEO-GB-00319,L1 4AA,GB,53.433357,-3.03581,high,7.5,0.0,0.158,0.0,5.04,0.55,2024-01-01
GEO-GB-00320,L1 5AA,GB,53.3799,-2.967905,high,6.84,0.0,0.346,0.39,4.54,1.25,2024-01-01
GEO-GB-00321,L1 6AA,GB,53.385011,-3.04499,medium,2.86,0.0,0.19,0.12,2.0,0.68,2024-01-01
GEO-GB-00322,L1 7AA,GB,53.397063,-2.978473,low,1.63,0.0,0.118,0.06,1.84,0.42,2024-01-01
GEO-GB-00323,L1 8AA,GB,53.443137,-2.936468,medium,4.65,0.0,0.108,0.08,3.87,0.39,2024-01-01
GEO-GB-00324,L1 9AA,GB,53.449549,-3.070939,low,2.31,0.0,0.05,0.09,1.67,0.19,2024-01-01
GEO-GB-00325,L1 10AA,GB,53.350886,-2.964044,low,2.01,0.0,0.183,0.03,1.55,0.64,2024-01-01
GEO-GB-00326,L1 11AA,GB,53.444058,-3.033835,high,5.6,0.0,0.101,0.25,4.37,0.38,2024-01-01
GEO-GB-00327,L1 12AA,GB,53.377938,-2.912501,very_high,8.35,0.0,0.054,0.19,5.27,0.21,2024-01-01
GEO-GB-00328,L1 13AA,GB,53.44076,-3.004972,high,6.62,0.0,0.334,0.12,4.46,1.18,2024-01-01
GEO-GB-00329,L1 14AA,GB,53.383764,-3.035964,high,7.01,0.0,0.171,0.07,4.78,0.61,2024-01-01
GEO-GB-00330,L1 15AA,GB,53.375312,-3.014705,high,6.44,0.0,0.083,0.45,4.21,0.33,2024-01-01
GEO-GB-00331,BS1 1AA,GB,51.476911,-2.624173,low,2.0,0.23,0.328,0.36,1.98,1.31,2024-01-01
GEO-GB-00332,BS1 2AA,GB,51.412073,-2.581934,medium,3.08,0.83,0.284,0.44,2.66,1.49,2024-01-01
GEO-GB-00333,BS1 3AA,GB,51.47178,-2.613964,high,6.73,0.6,0.075,0.19,4.14,0.61,2024-01-01
GEO-GB-00334,BS1 4AA,GB,51.451609,-2.569664,high,5.84,0.0,0.355,0.41,3.95,1.29,2024-01-01
GEO-GB-00335,BS1 5AA,GB,51.46826,-2.567148,medium,2.59,0.56,0.416,0.38,2.44,1.8,2024-01-01
GEO-GB-00336,BS1 6AA,GB,51.430275,-2.618638,medium,3.05,0.2,0.107,0.16,2.82,0.5,2024-01-01
GEO-GB-00337,BS1 7AA,GB,51.507679,-2.712638,low,1.45,0.25,0.34,0.5,1.71,1.37,2024-01-01
GEO-GB-00338,BS1 8AA,GB,51.456047,-2.570196,high,7.33,0.0,0.258,0.21,4.87,0.92,2024-01-01
GEO-GB-00339,BS1 9AA,GB,51.447984,-2.617004,low,1.32,0.0,0.259,0.62,2.03,0.97,2024-01-01
GEO-GB-00340,BS1 10AA,GB,51.393813,-2.518932,low,2.36,0.96,0.183,0.27,2.47,1.2,2024-01-01
GEO-GB-00341,BS1 11AA,GB,51.455211,-2.632672,low,2.38,0.0,0.448,0.56,1.91,1.62,2024-01-01
GEO-GB-00342,BS1 12AA,GB,51.482405,-2.587146,medium,2.94,0.0,0.101,0.13,2.81,0.37,2024-01-01
GEO-GB-00343,BS1 13AA,GB,51.494209,-2.553444,medium,2.95,0.0,0.154,0.35,2.36,0.58,2024-01-01
GEO-GB-00344,BS1 14AA,GB,51.447911,-2.573419,very_high,7.83,0.0,0.236,0.11,4.59,0.84,2024-01-01
GEO-GB-00345,BS1 15AA,GB,51.465609,-2.582646,medium,2.86,0.16,0.349,0.29,2.8,1.34,2024-01-01
GEO-IT-00346,00100-01,IT,41.942173,12.4517,medium,4.06,9.12,0.288,2.01,3.84,6.22,2024-01-01
GEO-IT-00347,00100-02,IT,41.922834,12.536153,low,1.5,9.1,0.056,7.18,3.69,5.92,2024-01-01
GEO-IT-00348,00100-03,IT,41.910102,12.505504,high,5.59,8.38,0.316,5.16,4.95,6.23,2024-01-01
GEO-IT-00349,00100-04,IT,41.938119,12.544685,low,1.35,10.0,0.394,1.3,2.16,7.01,2024-01-01
GEO-IT-00350,00100-05,IT,41.973423,12.504375,low,2.47,9.54,0.43,5.24,4.02,7.27,2024-01-01
GEO-IT-00351,00100-06,IT,41.934202,12.485834,medium,3.82,9.14,0.138,2.6,3.75,5.77,2024-01-01
GEO-IT-00352,00100-07,IT,41.904641,12.457458,low,2.46,10.0,0.405,7.38,4.55,7.65,2024-01-01
GEO-IT-00353,00100-08,IT,41.8693,12.491752,low,2.39,9.4,0.077,1.56,2.27,5.59,2024-01-01
GEO-IT-00354,00100-09,IT,41.945662,12.414351,low,1.95,8.69,0.305,6.15,3.62,6.46,2024-01-01
GEO-IT-00355,00100-10,IT,41.945547,12.460483,low,1.98,10.0,0.05,4.27,3.33,6.1,2024-01-01
GEO-IT-00356,00100-11,IT,41.816044,12.521974,medium,2.68,9.33,0.228,3.05,2.51,6.23,2024-01-01
GEO-IT-00357,00100-12,IT,41.924036,12.362038,low,1.17,9.27,0.052,6.05,2.89,5.89,2024-01-01
GEO-IT-00358,00100-13,IT,41.897665,12.524011,very_high,8.43,9.56,0.199,4.5,6.8,6.4,2024-01-01
GEO-IT-00359,00100-14,IT,41.900634,12.435902,high,5.64,9.9,0.109,6.25,5.38,6.46,2024-01-01
GEO-IT-00360,00100-15,IT,41.894614,12.545954,low,1.17,10.0,0.128,7.85,4.14,6.73,2024-01-01
GEO-IT-00361,20100-01,IT,45.4329,9.282332,medium,4.13,5.62,0.021,5.64,3.8,3.73,2024-01-01
GEO-IT-00362,20100-02,IT,45.480456,9.235766,low,0.59,6.26,0.018,4.33,1.66,3.94,2024-01-01
GEO-IT-00363,20100-03,IT,45.439657,9.209747,low,0.46,7.36,0.03,4.11,1.47,4.56,2024-01-01
GEO-IT-00364,20100-04,IT,45.459238,9.197652,low,0.32,6.24,0.036,5.55,1.9,4.11,2024-01-01
GEO-IT-00365,20100-05,IT,45.440487,9.097276,low,1.1,7.42,0.035,5.14,2.13,4.72,2024-01-01
GEO-IT-00366,20100-06,IT,45.520699,9.214613,low,0.02,5.32,0.042,5.25,1.68,3.6,2024-01-01
GEO-IT-00367,20100-07,IT,45.426226,9.19164,low,0.11,7.41,0.023,2.37,0.84,4.39,2024-01-01
GEO-IT-00368,20100-08,IT,45.44825,9.183749,low,1.87,6.77,0.017,3.85,2.1,4.17,2024-01-01
GEO-IT-00369,20100-09,IT,45.442452,9.161852,low,1.35,6.45,0.023,4.91,2.2,4.12,2024-01-01
GEO-IT-00370,20100-10,IT,45.463149,9.230222,medium,4.23,8.0,0.04,4.3,3.47,4.97,2024-01-01
GEO-IT-00371,20100-11,IT,45.507129,9.259803,low,0.3,6.47,0.047,5.3,1.77,4.25,2024-01-01
GEO-IT-00372,20100-12,IT,45.444491,9.21147,high,6.52,6.8,0.021,7.08,5.53,4.52,2024-01-01
GEO-IT-00373,20100-13,IT,45.521787,9.233874,high,5.21,7.09,0.023,4.07,3.92,4.39,2024-01-01
GEO-IT-00374,20100-14,IT,45.424117,9.105773,high,6.31,6.08,0.028,6.71,5.24,4.11,2024-01-01
GEO-IT-00375,20100-15,IT,45.506952,9.19352,low,2.12,6.56,0.049,5.4,2.79,4.32,2024-01-01
GEO-IT-00376,30100-01,IT,45.476337,12.326281,medium,3.32,6.67,0.282,2.36,3.61,4.89,2024-01-01
GEO-IT-00377,30100-02,IT,45.432577,12.344364,medium,4.17,7.32,0.229,5.47,4.85,5.37,2024-01-01
GEO-IT-00378,30100-03,IT,45.405652,12.273105,medium,3.1,6.49,0.419,5.0,4.22,5.54,2024-01-01
GEO-IT-00379,30100-04,IT,45.492793,12.247769,very_high,8.94,7.6,0.191,6.06,6.74,5.45,2024-01-01
GEO-IT-00380,30100-05,IT,45.470092,12.295927,medium,3.92,7.02,0.291,4.95,4.25,5.37,2024-01-01
GEO-IT-00381,30100-06,IT,45.474564,12.264484,high,5.63,6.41,0.343,5.24,5.24,5.25,2024-01-01
GEO-IT-00382,30100-07,IT,45.501055,12.388487,high,5.51,6.17,0.221,6.41,5.8,4.81,2024-01-01
GEO-IT-00383,30100-08,IT,45.443529,12.259891,medium,4.81,7.27,0.132,5.65,5.55,5.03,2024-01-01
GEO-IT-00384,30100-09,IT,45.501136,12.345297,very_high,7.96,6.25,0.403,3.79,6.14,5.23,2024-01-01
GEO-IT-00385,30100-10,IT,45.538803,12.349617,very_high,7.77,6.28,0.314,3.42,6.29,4.9,2024-01-01
GEO-IT-00386,30100-11,IT,45.467148,12.363736,high,5.46,5.86,0.273,3.68,5.31,4.55,2024-01-01
GEO-IT-00387,30100-12,IT,45.386255,12.344745,very_high,7.91,5.85,0.3,5.34,6.29,4.8,2024-01-01
GEO-IT-00388,30100-13,IT,45.434998,12.315165,medium,4.98,5.57,0.289,3.51,3.98,4.42,2024-01-01
GEO-IT-00389,30100-14,IT,45.384695,12.337533,high,6.16,6.63,0.369,6.62,5.63,5.6,2024-01-01
GEO-IT-00390,30100-15,IT,45.435775,12.270139,high,6.55,6.1,0.204,6.28,6.29,4.7,2024-01-01
GEO-IT-00391,80100-01,IT,40.890446,14.241545,medium,2.98,10.0,0.359,4.24,3.51,7.18,2024-01-01
GEO-IT-00392,80100-02,IT,40.840542,14.277045,medium,2.53,10.0,0.127,1.85,2.96,6.13,2024-01-01
GEO-IT-00393,80100-03,IT,40.844255,14.316323,very_high,9.73,9.82,0.072,1.34,6.27,5.79,2024-01-01
GEO-IT-00394,80100-04,IT,40.846993,14.250199,low,1.29,10.0,0.136,6.88,3.91,6.66,2024-01-01
GEO-IT-00395,80100-05,IT,40.835499,14.253468,low,1.85,9.77,0.181,6.5,3.72,6.66,2024-01-01
GEO-IT-00396,80100-06,IT,40.836485,14.279332,medium,4.77,10.0,0.421,6.78,5.85,7.65,2024-01-01
GEO-IT-00397,80100-07,IT,40.875465,14.348431,medium,2.59,10.0,0.404,3.93,3.65,7.31,2024-01-01
GEO-IT-00398,80100-08,IT,40.823858,14.295092,very_high,8.61,10.0,0.308,6.85,7.72,7.26,2024-01-01
GEO-IT-00399,80100-09,IT,40.924288,14.269439,high,6.75,10.0,0.303,5.06,5.68,7.07,2024-01-01
GEO-IT-00400,80100-10,IT,40.877854,14.251207,low,2.02,10.0,0.15,4.22,3.18,6.45,2024-01-01
GEO-IT-00401,80100-11,IT,40.879028,14.250541,low,1.69,9.61,0.153,4.52,3.36,6.27,2024-01-01
GEO-IT-00402,80100-12,IT,40.762281,14.250132,medium,4.62,10.0,0.079,6.09,4.97,6.39,2024-01-01
GEO-IT-00403,80100-13,IT,40.841329,14.148312,high,5.69,9.52,0.142,3.0,4.91,6.03,2024-01-01
GEO-IT-00404,80100-14,IT,40.868641,14.241743,high,5.17,10.0,0.138,1.62,3.82,6.15,2024-01-01
GEO-IT-00405,80100-15,IT,40.843934,14.275408,medium,4.77,10.0,0.316,5.39,4.88,7.15,2024-01-01
GEO-LU-00406,L-1111,LU,49.585941,6.15288,high,6.05,2.88,0.009,0.21,3.1,1.64,2024-01-01
GEO-LU-00407,L-1112,LU,49.599954,6.07321,low,0.22,1.38,0.014,0.11,0.15,0.82,2024-01-01
GEO-LU-00408,L-1113,LU,49.662038,6.112199,low,0.76,0.34,0.02,0.03,0.39,0.26,2024-01-01
GEO-LU-00409,L-1114,LU,49.671446,6.215188,low,1.5,1.63,0.007,0.09,0.79,0.93,2024-01-01
GEO-LU-00410,L-1115,LU,49.662152,6.076022,low,1.17,1.14,0.05,0.34,0.76,0.83,2024-01-01
GEO-LU-00411,L-1116,LU,49.595955,6.07691,medium,4.92,1.16,0.027,0.27,2.54,0.76,2024-01-01
GEO-LU-00412,L-1117,LU,49.614263,6.153079,medium,4.88,1.98,0.003,0.1,2.49,1.11,2024-01-01
GEO-LU-00413,L-1118,LU,49.616916,6.102129,low,1.31,1.96,0.019,0.31,0.78,1.17,2024-01-01
GEO-LU-00414,L-1119,LU,49.629331,6.12378,low,1.28,2.12,0.035,0.03,0.8,1.29,2024-01-01
GEO-LU-00415,L-1120,LU,49.616538,6.157615,low,1.03,1.99,0.01,0.22,0.59,1.15,2024-01-01
GEO-LU-00416,L-1121,LU,49.587503,6.160059,low,1.6,1.73,0.039,0.69,1.08,1.16,2024-01-01
GEO-LU-00417,L-1122,LU,49.599914,6.090846,low,1.86,2.34,0.028,0.98,1.23,1.48,2024-01-01
GEO-LU-00418,L-1123,LU,49.592463,6.146767,low,0.4,1.95,0.036,0.4,0.34,1.24,2024-01-01
GEO-LU-00419,L-1124,LU,49.631245,6.087711,medium,2.53,1.21,0.034,0.31,1.37,0.81,2024-01-01
GEO-LU-00420,L-1125,LU,49.629674,6.114281,low,0.62,1.58,0.02,0.63,0.59,1.0,2024-01-01
GEO-LU-00421,L-4000,LU,49.525294,5.939648,low,0.54,2.12,0.014,0.17,0.35,1.23,2024-01-01
GEO-LU-00422,L-4001,LU,49.504602,5.986776,high,5.97,1.96,0.016,0.04,3.0,1.14,2024-01-01
GEO-LU-00423,L-4002,LU,49.549842,6.042972,low,0.96,1.75,0.039,0.05,0.54,1.1,2024-01-01
GEO-LU-00424,L-4003,LU,49.477288,5.932358,low,0.33,1.86,0.048,0.29,0.26,1.22,2024-01-01
GEO-LU-00425,L-4004,LU,49.540947,6.015016,high,6.91,1.59,0.037,0.12,3.61,1.01,2024-01-01
GEO-LU-00426,L-4005,LU,49.515991,5.972369,medium,4.9,1.83,0.037,0.07,2.47,1.14,2024-01-01
GEO-LU-00427,L-4006,LU,49.560121,5.967565,low,1.49,1.39,0.008,0.63,1.01,0.86,2024-01-01
GEO-LU-00428,L-4007,LU,49.499373,5.96683,low,0.98,2.02,0.008,0.2,0.55,1.16,2024-01-01
GEO-LU-00429,L-4008,LU,49.560987,6.001827,low,1.28,1.57,0.033,0.26,0.76,1.0,2024-01-01
GEO-LU-00430,L-4009,LU,49.441144,6.00508,high,5.49,1.31,0.026,0.51,2.92,0.86,2024-01-01
GEO-LU-00431,L-4010,LU,49.474251,5.987975,high,5.01,1.42,0.05,0.27,2.73,0.99,2024-01-01
GEO-LU-00432,L-4011,LU,49.501987,5.958855,low,0.62,0.0,0.042,0.37,0.46,0.19,2024-01-01
GEO-LU-00433,L-4012,LU,49.535936,5.983506,low,0.89,2.45,0.008,0.31,0.59,1.41,2024-01-01
GEO-LU-00434,L-4013,LU,49.430791,6.038504,medium,4.29,0.89,0.013,0.33,2.42,0.57,2024-01-01
GEO-LU-00435,L-4014,LU,49.481577,5.959784,low,1.2,2.14,0.046,0.67,0.82,1.41,2024-01-01
GEO-NL-00436,1011-01,NL,52.302074,4.843506,high,7.1,0.0,0.08,0.01,4.59,0.28,2024-01-01
GEO-NL-00437,1011-02,NL,52.368115,4.929859,low,1.88,0.0,0.412,0.14,1.26,1.46,2024-01-01
GEO-NL-00438,1011-03,NL,52.321345,4.893835,high,5.84,0.0,0.347,0.05,4.07,1.22,2024-01-01
GEO-NL-00439,1011-04,NL,52.393947,4.859972,very_high,8.73,0.0,0.385,0.01,5.27,1.35,2024-01-01
GEO-NL-00440,1011-05,NL,52.328898,4.93845,medium,4.71,0.0,0.204,0.02,3.52,0.72,2024-01-01
GEO-NL-00441,1011-06,NL,52.39521,4.912835,medium,4.95,0.0,0.359,0.07,3.64,1.26,2024-01-01
GEO-NL-00442,1011-07,NL,52.401282,4.894638,high,7.43,0.0,0.249,0.47,5.15,0.92,2024-01-01
GEO-NL-00443,1011-08,NL,52.303271,4.868051,very_high,7.71,0.0,0.221,0.05,5.25,0.78,2024-01-01
GEO-NL-00444,1011-09,NL,52.349227,4.971138,medium,4.87,0.0,0.073,0.3,3.52,0.28,2024-01-01
GEO-NL-00445,1011-10,NL,52.353509,4.877684,very_high,7.84,0.0,0.253,0.27,5.08,0.91,2024-01-01
GEO-NL-00446,1011-11,NL,52.382087,4.87667,very_high,8.74,0.3,0.189,0.06,5.39,0.84,2024-01-01
GEO-NL-00447,1011-12,NL,52.414654,4.903215,medium,4.31,0.0,0.13,0.14,3.27,0.47,2024-01-01
GEO-NL-00448,1011-13,NL,52.367119,4.855377,very_high,8.64,0.0,0.304,0.31,5.08,1.1,2024-01-01
GEO-NL-00449,1011-14,NL,52.313526,4.87356,low,1.6,0.0,0.331,0.1,2.27,1.17,2024-01-01
GEO-NL-00450,1011-15,NL,52.354247,4.882421,low,1.51,0.0,0.437,0.14,1.26,1.54,2024-01-01
GEO-NL-00451,3011-01,NL,51.81934,4.408878,high,7.03,0.0,0.136,0.28,4.96,0.5,2024-01-01
GEO-NL-00452,3011-02,NL,51.956814,4.574124,very_high,8.09,1.27,0.057,0.01,5.12,0.9,2024-01-01
GEO-NL-00453,3011-03,NL,51.898286,4.409327,high,7.33,0.0,0.074,0.46,4.68,0.3,2024-01-01
GEO-NL-00454,3011-04,NL,51.839659,4.464114,very_high,7.59,0.0,0.428,0.46,5.13,1.54,2024-01-01
GEO-NL-00455,3011-05,NL,51.878667,4.485378,low,1.91,0.08,0.311,0.1,2.23,1.14,2024-01-01
GEO-NL-00456,3011-06,NL,51.923503,4.502983,high,6.33,0.31,0.136,0.18,3.82,0.66,2024-01-01
GEO-NL-00457,3011-07,NL,51.942786,4.487768,high,6.18,0.55,0.092,0.68,3.89,0.69,2024-01-01
GEO-NL-00458,3011-08,NL,51.921179,4.427802,low,0.93,0.0,0.386,0.47,1.81,1.4,2024-01-01
GEO-NL-00459,3011-09,NL,51.918778,4.459385,low,2.25,0.07,0.104,0.31,1.61,0.44,2024-01-01
GEO-NL-00460,3011-10,NL,51.940905,4.435685,very_high,8.08,0.0,0.356,0.25,5.37,1.27,2024-01-01
GEO-NL-00461,3011-11,NL,51.996828,4.573199,very_high,8.15,0.0,0.05,0.08,4.57,0.18,2024-01-01
GEO-NL-00462,3011-12,NL,51.871993,4.504279,very_high,9.06,0.0,0.414,0.23,6.0,1.47,2024-01-01
GEO-NL-00463,3011-13,NL,51.918608,4.442307,high,6.74,0.0,0.22,0.38,4.38,0.81,2024-01-01
GEO-NL-00464,3011-14,NL,51.884008,4.411272,medium,4.61,0.0,0.235,0.12,2.92,0.84,2024-01-01
GEO-NL-00465,3011-15,NL,51.906153,4.444269,very_high,8.54,0.0,0.386,0.06,5.2,1.36,2024-01-01
GEO-NL-00466,2511-01,NL,52.011877,4.284846,very_high,9.31,0.0,0.329,0.21,6.03,1.17,2024-01-01
GEO-NL-00467,2511-02,NL,52.089002,4.334253,high,5.43,0.08,0.283,0.5,3.96,1.09,2024-01-01
GEO-NL-00468,2511-03,NL,52.063569,4.202036,high,6.47,0.08,0.139,0.23,4.38,0.55,2024-01-01
GEO-NL-00469,2511-04,NL,52.049094,4.335084,high,5.53,0.0,0.352,0.21,3.75,1.25,2024-01-01
GEO-NL-00470,2511-05,NL,52.050034,4.277942,low,1.65,0.0,0.131,0.13,1.86,0.47,2024-01-01
GEO-NL-00471,2511-06,NL,52.01112,4.307373,medium,4.58,0.0,0.28,0.14,3.69,0.99,2024-01-01
GEO-NL-00472,2511-07,NL,52.075119,4.324409,high,6.62,0.0,0.094,0.07,3.98,0.34,2024-01-01
GEO-NL-00473,2511-08,NL,52.036312,4.350239,low,2.21,0.0,0.383,0.41,2.56,1.38,2024-01-01
GEO-NL-00474,2511-09,NL,52.089537,4.315486,high,6.52,0.0,0.113,0.17,4.64,0.41,2024-01-01
GEO-NL-00475,2511-10,NL,52.035859,4.355786,medium,4.97,0.0,0.15,0.42,3.62,0.57,2024-01-01
GEO-NL-00476,2511-11,NL,52.051789,4.299976,medium,3.9,0.0,0.317,0.15,3.11,1.12,2024-01-01
GEO-NL-00477,2511-12,NL,52.031597,4.239845,medium,3.06,0.0,0.277,0.2,2.94,0.99,2024-01-01
GEO-NL-00478,2511-13,NL,52.093227,4.253469,low,2.49,0.0,0.254,0.49,2.24,0.94,2024-01-01
GEO-NL-00479,2511-14,NL,52.108902,4.316438,high,6.94,0.41,0.271,0.04,4.81,1.18,2024-01-01
GEO-NL-00480,2511-15,NL,52.045316,4.286016,very_high,7.72,0.43,0.093,0.35,5.07,0.6,2024-01-01
GEO-NL-00481,3511-01,NL,52.097702,5.148436,low,1.0,0.0,0.04,0.34,0.66,0.17,2024-01-01
GEO-NL-00482,3511-02,NL,52.078381,5.070837,medium,4.53,0.16,0.041,0.45,2.47,0.28,2024-01-01
GEO-NL-00483,3511-03,NL,52.152871,5.16217,high,6.71,0.0,0.032,0.16,3.41,0.13,2024-01-01
GEO-NL-00484,3511-04,NL,52.097643,5.068363,high,5.64,0.0,0.04,0.4,2.97,0.18,2024-01-01
GEO-NL-00485,3511-05,NL,52.136608,5.112299,high,5.73,0.0,0.025,0.08,2.95,0.1,2024-01-01
GEO-NL-00486,3511-06,NL,52.114032,5.143042,low,2.1,0.0,0.009,0.35,1.22,0.07,2024-01-01
GEO-NL-00487,3511-07,NL,52.120125,5.076119,low,0.73,0.0,0.046,0.42,0.55,0.2,2024-01-01
GEO-NL-00488,3511-08,NL,52.069751,5.146888,low,0.65,0.0,0.048,0.22,0.4,0.19,2024-01-01
GEO-NL-00489,3511-09,NL,52.005504,5.212093,low,2.47,0.0,0.013,0.96,1.65,0.14,2024-01-01
GEO-NL-00490,3511-10,NL,52.169028,5.194871,low,1.04,0.34,0.025,0.49,0.71,0.33,2024-01-01
GEO-NL-00491,3511-11,NL,52.061171,5.057198,low,1.37,0.0,0.043,0.68,0.92,0.22,2024-01-01
GEO-NL-00492,3511-12,NL,52.099017,5.120826,high,6.38,0.0,0.031,0.37,3.31,0.15,2024-01-01
GEO-NL-00493,3511-13,NL,52.022102,5.117071,low,0.54,0.4,0.004,0.18,0.42,0.25,2024-01-01
GEO-NL-00494,3511-14,NL,52.067187,5.14384,medium,4.75,0.0,0.008,0.07,2.44,0.03,2024-01-01
GEO-NL-00495,3511-15,NL,52.114859,5.086602,medium,4.91,0.38,0.015,0.43,2.74,0.3,2024-01-01
GEO-US-00496,10001-01,US,40.717161,-73.928447,low,2.26,10.0,0.178,4.21,3.79,6.54,2024-01-01
GEO-US-00497,10001-02,US,40.761652,-73.973237,very_high,8.19,10.0,0.447,3.98,6.01,7.46,2024-01-01
GEO-US-00498,10001-03,US,40.734008,-74.041476,high,6.49,10.0,0.293,3.0,5.52,6.83,2024-01-01
GEO-US-00499,10001-04,US,40.715767,-73.948523,very_high,8.36,10.0,0.161,4.13,5.87,6.47,2024-01-01
GEO-US-00500,10001-05,US,40.662114,-74.056706,high,6.03,10.0,0.066,4.28,5.83,6.16,2024-01-01
GEO-US-00501,10001-06,US,40.712544,-74.025871,low,1.23,10.0,0.364,5.03,3.32,7.28,2024-01-01
GEO-US-00502,10001-07,US,40.682379,-74.017723,medium,2.86,10.0,0.116,3.22,2.95,6.23,2024-01-01
GEO-US-00503,10001-08,US,40.748134,-73.956345,very_high,8.23,9.57,0.229,3.94,6.64,6.46,2024-01-01
GEO-US-00504,10001-09,US,40.77137,-74.087266,high,5.55,10.0,0.287,3.3,4.53,6.83,2024-01-01
GEO-US-00505,10001-10,US,40.718027,-74.018796,very_high,7.99,10.0,0.43,3.45,5.93,7.35,2024-01-01
GEO-US-00506,10001-11,US,40.589278,-74.003428,high,7.05,10.0,0.277,3.36,5.42,6.81,2024-01-01
GEO-US-00507,10001-12,US,40.720384,-73.976233,medium,4.36,10.0,0.104,6.05,5.17,6.47,2024-01-01
GEO-US-00508,10001-13,US,40.717673,-74.056824,high,7.45,10.0,0.4,3.45,5.57,7.24,2024-01-01
GEO-US-00509,10001-14,US,40.752245,-74.011335,medium,4.59,10.0,0.351,4.29,5.1,7.16,2024-01-01
GEO-US-00510,10001-15,US,40.707164,-74.026165,medium,2.67,9.66,0.25,4.76,4.08,6.66,2024-01-01
GEO-US-00511,33101-01,US,25.74169,-80.138814,medium,2.55,10.0,0.294,4.47,3.43,6.98,2024-01-01
GEO-US-00512,33101-02,US,25.785022,-80.192833,medium,2.76,10.0,0.168,0.68,2.94,6.16,2024-01-01
GEO-US-00513,33101-03,US,25.685042,-80.273874,high,7.11,10.0,0.264,4.44,5.88,6.87,2024-01-01
GEO-US-00514,33101-04,US,25.744008,-80.191876,very_high,8.98,10.0,0.063,0.29,5.47,5.75,2024-01-01
GEO-US-00515,33101-05,US,25.820726,-80.253142,medium,2.88,10.0,0.269,2.14,2.96,6.66,2024-01-01
GEO-US-00516,33101-06,US,25.735471,-80.203652,low,1.9,10.0,0.354,4.09,3.36,7.15,2024-01-01
GEO-US-00517,33101-07,US,25.721947,-80.182612,low,1.46,10.0,0.076,1.41,2.56,5.91,2024-01-01
GEO-US-00518,33101-08,US,25.807041,-80.142175,medium,2.8,10.0,0.128,1.58,2.24,6.11,2024-01-01
GEO-US-00519,33101-09,US,25.721598,-80.099667,very_high,8.04,10.0,0.133,3.54,5.96,6.32,2024-01-01
GEO-US-00520,33101-10,US,25.767991,-80.2375,medium,3.18,10.0,0.242,4.56,3.45,6.8,2024-01-01
GEO-US-00521,33101-11,US,25.835549,-80.260501,high,7.04,10.0,0.434,2.72,4.75,7.29,2024-01-01
GEO-US-00522,33101-12,US,25.723385,-80.16638,medium,3.5,10.0,0.224,6.38,5.05,6.92,2024-01-01
GEO-US-00523,33101-13,US,25.80893,-80.24463,medium,4.54,10.0,0.213,6.14,5.09,6.86,2024-01-01
GEO-US-00524,33101-14,US,25.740509,-80.14509,high,5.32,10.0,0.359,3.23,4.89,7.08,2024-01-01
GEO-US-00525,33101-15,US,25.8193,-80.189135,low,1.26,10.0,0.148,4.81,3.22,6.5,2024-01-01
GEO-US-00526,77001-01,US,29.760652,-95.329466,medium,4.11,10.0,0.443,2.41,4.23,7.29,2024-01-01
GEO-US-00527,77001-02,US,29.783336,-95.303097,high,7.28,10.0,0.172,3.89,5.88,6.49,2024-01-01
GEO-US-00528,77001-03,US,29.810379,-95.316824,medium,2.95,10.0,0.134,6.35,4.29,6.6,2024-01-01
GEO-US-00529,77001-04,US,29.749016,-95.412111,low,2.21,10.0,0.29,6.15,4.21,7.13,2024-01-01
GEO-US-00530,77001-05,US,29.78921,-95.489111,medium,2.93,10.0,0.083,4.61,3.31,6.25,2024-01-01
GEO-US-00531,77001-06,US,29.705402,-95.424115,very_high,8.16,10.0,0.152,1.95,6.06,6.23,2024-01-01
GEO-US-00532,77001-07,US,29.76653,-95.375091,low,2.27,10.0,0.069,4.06,3.2,6.15,2024-01-01
GEO-US-00533,77001-08,US,29.740904,-95.371276,medium,3.62,10.0,0.361,4.11,4.5,7.17,2024-01-01
GEO-US-00534,77001-09,US,29.781257,-95.38855,high,6.86,10.0,0.358,1.52,5.07,6.91,2024-01-01
GEO-US-00535,77001-10,US,29.818534,-95.348693,high,5.06,10.0,0.146,5.04,4.76,6.51,2024-01-01
GEO-US-00536,77001-11,US,29.815357,-95.404598,very_high,7.69,10.0,0.101,1.87,5.35,6.04,2024-01-01
GEO-US-00537,77001-12,US,29.749574,-95.288644,high,5.23,10.0,0.325,5.29,4.94,7.17,2024-01-01
GEO-US-00538,77001-13,US,29.759227,-95.360421,very_high,8.28,10.0,0.261,4.56,6.72,6.87,2024-01-01
GEO-US-00539,77001-14,US,29.734358,-95.342184,high,7.33,10.0,0.131,1.26,4.69,6.08,2024-01-01
GEO-US-00540,77001-15,US,29.735169,-95.344031,high,5.85,10.0,0.151,3.33,5.14,6.36,2024-01-01
GEO-US-00541,60601-01,US,41.81903,-87.637545,high,6.89,9.91,0.01,5.74,5.21,6.06,2024-01-01
GEO-US-00542,60601-02,US,41.890333,-87.629947,low,0.57,9.27,0.046,2.9,1.18,5.55,2024-01-01
GEO-US-00543,60601-03,US,41.842388,-87.640631,low,1.41,8.93,0.012,4.73,2.24,5.42,2024-01-01
GEO-US-00544,60601-04,US,41.883587,-87.654515,medium,4.52,9.07,0.007,3.83,3.41,5.4,2024-01-01
GEO-US-00545,60601-05,US,41.851226,-87.629481,low,0.6,9.16,0.033,3.59,1.41,5.51,2024-01-01
GEO-US-00546,60601-06,US,41.854908,-87.72289,high,6.81,10.0,0.039,1.17,3.76,5.75,2024-01-01
GEO-US-00547,60601-07,US,41.83618,-87.59068,low,0.92,9.32,0.047,2.43,1.3,5.53,2024-01-01
GEO-US-00548,60601-08,US,41.968001,-87.673107,medium,4.32,10.0,0.037,1.23,2.69,5.75,2024-01-01
GEO-US-00549,60601-09,US,41.824956,-87.538002,medium,4.36,8.73,0.045,4.1,3.42,5.37,2024-01-01
GEO-US-00550,60601-10,US,41.847495,-87.673474,high,5.7,9.23,0.038,1.42,3.38,5.35,2024-01-01
GEO-US-00551,60601-11,US,41.858347,-87.666938,medium,3.46,10.0,0.02,3.81,2.92,5.95,2024-01-01
GEO-US-00552,60601-12,US,41.827919,-87.547077,low,0.73,8.95,0.023,2.23,1.14,5.23,2024-01-01
GEO-US-00553,60601-13,US,41.856691,-87.631719,low,1.16,10.0,0.04,1.54,1.04,5.79,2024-01-01
GEO-US-00554,60601-14,US,41.915596,-87.677531,low,2.49,10.0,0.015,2.46,2.02,5.8,2024-01-01
GEO-US-00555,60601-15,US,41.779067,-87.601252,low,1.35,10.0,0.045,3.46,1.84,6.0,2024-01-01
GEO-US-00556,94102-01,US,37.73893,-122.510241,high,6.83,10.0,0.15,1.79,4.51,6.2,2024-01-01
GEO-US-00557,94102-02,US,37.814908,-122.297811,high,7.43,10.0,0.305,0.62,5.36,6.63,2024-01-01
GEO-US-00558,94102-03,US,37.807188,-122.50791,high,5.39,10.0,0.14,3.69,5.03,6.36,2024-01-01
GEO-US-00559,94102-04,US,37.792724,-122.449219,very_high,7.93,10.0,0.229,4.04,5.92,6.71,2024-01-01
GEO-US-00560,94102-05,US,37.813853,-122.375106,medium,2.51,10.0,0.124,3.21,3.17,6.25,2024-01-01
GEO-US-00561,94102-06,US,37.807626,-122.541942,medium,2.65,10.0,0.25,4.22,3.75,6.8,2024-01-01
GEO-US-00562,94102-07,US,37.802216,-122.470273,high,6.42,10.0,0.396,4.61,4.77,7.35,2024-01-01
GEO-US-00563,94102-08,US,37.756612,-122.44402,low,1.24,10.0,0.29,1.89,2.31,6.7,2024-01-01
GEO-US-00564,94102-09,US,37.775732,-122.367896,medium,3.31,10.0,0.439,3.77,3.61,7.41,2024-01-01
GEO-US-00565,94102-10,US,37.773764,-122.39499,low,2.38,10.0,0.173,2.64,3.48,6.37,2024-01-01
GEO-US-00566,94102-11,US,37.703184,-122.382935,medium,3.04,10.0,0.441,1.95,3.51,7.24,2024-01-01
GEO-US-00567,94102-12,US,37.814325,-122.473453,low,1.08,10.0,0.444,1.05,2.27,7.16,2024-01-01
GEO-US-00568,94102-13,US,37.81102,-122.558131,very_high,8.35,10.0,0.334,3.09,6.18,6.98,2024-01-01
GEO-US-00569,94102-14,US,37.710852,-122.424887,high,5.01,10.0,0.118,2.77,4.83,6.19,2024-01-01
GEO-US-00570,94102-15,US,37.795265,-122.475452,very_high,7.64,10.0,0.3,3.46,6.22,6.89,2024-01-01
