exposure_id,bank_id,counterparty_id,product_type,origination_date,maturity_date,outstanding_amount_meur,committed_amount_meur,currency,interest_rate_pct,stage,eu_taxonomy_aligned,pcaf_asset_class,undrawn_amount_meur,green_label_flag,green_taxonomy,origination_property_value_meur,total_project_cost_meur,has_control,instrument_type
EXP000001,BANK01,CP00001,green_loan,2018-05-13,2033-05-09,5.31,5.64,EUR,4.75,stage_1,True,business_loan,0.33,True,EU_Taxonomy,,,,
EXP000002,BANK01,CP00001,term_loan,2019-07-18,2034-07-14,6.14,7.04,EUR,4.07,stage_1,False,business_loan,0.9,False,,,,,
EXP000003,BANK01,CP00002,term_loan,2023-10-22,2033-10-19,12.53,17.11,EUR,3.09,stage_1,False,business_loan,4.58,False,,,,,
EXP000004,BANK01,CP00002,term_loan,2024-11-11,2031-11-10,56.63,72.35,EUR,7.49,stage_1,False,business_loan,15.72,False,,,,,
EXP000005,BANK01,CP00002,term_loan,2019-12-09,2029-12-06,19.67,27.52,EUR,6.55,stage_2,False,business_loan,7.85,False,,,,,
EXP000006,BANK01,CP00002,corporate_bond,2018-09-23,2033-09-19,75.01,91.28,EUR,6.96,stage_2,False,listed_equity,16.27,False,,,,,
EXP000007,BANK01,CP00003,corporate_bond,2022-01-20,2037-01-16,1.97,2.15,EUR,7.43,stage_1,False,business_loan,0.18,False,,,,,
EXP000008,BANK01,CP00003,revolving_credit,2022-01-18,2037-01-14,0.73,0.9,EUR,4.84,stage_3,False,business_loan,0.17,False,,,,,
EXP000009,BANK01,CP00004,term_loan,2022-06-19,2032-06-16,35.18,42.58,EUR,6.35,stage_1,False,business_loan,7.4,False,,,,,
EXP000010,BANK01,CP00005,corporate_bond,2023-01-18,2033-01-15,212.85,270.75,EUR,4.22,stage_2,False,listed_equity,57.9,False,,,,,
EXP000011,BANK01,CP00006,term_loan,2019-06-13,2029-06-10,2.37,2.85,EUR,6.84,stage_1,False,business_loan,0.48,False,,,,,
EXP000012,BANK01,CP00006,term_loan,2019-10-26,2026-10-24,2.01,2.76,EUR,3.63,stage_2,False,business_loan,0.75,False,,,,,
EXP000013,BANK01,CP00006,term_loan,2018-11-20,2025-11-18,2.02,2.18,EUR,7.28,stage_1,False,business_loan,0.16,False,,,,,
EXP000014,BANK01,CP00007,term_loan,2019-11-22,2034-11-18,28.05,38.61,EUR,3.27,stage_1,False,business_loan,10.56,False,,,,,
EXP000015,BANK01,CP00007,project_finance,2024-04-27,2027-04-27,31.86,42.38,EUR,2.64,stage_1,False,project_finance,10.52,False,,,109.95,False,project_loan
EXP000016,BANK01,CP00008,corporate_bond,2024-06-01,2034-05-30,85.96,107.21,EUR,2.65,stage_2,False,listed_equity,21.25,False,,,,,
EXP000017,BANK01,CP00008,corporate_bond,2021-05-22,2031-05-20,82.35,90.42,EUR,6.54,stage_1,False,listed_equity,8.07,False,,,,,
EXP000018,BANK01,CP00009,term_loan,2022-08-30,2032-08-27,6.21,7.36,EUR,4.2,stage_1,False,business_loan,1.15,False,,,,,
EXP000019,BANK01,CP00009,revolving_credit,2021-11-15,2031-11-13,7.46,7.85,EUR,4.35,stage_1,False,business_loan,0.39,False,,,,,
EXP000020,BANK01,CP00010,term_loan,2020-10-12,2025-10-11,13.14,13.65,EUR,3.95,stage_1,False,business_loan,0.51,False,,,,,
EXP000021,BANK01,CP00011,mortgage,2019-10-17,2026-10-15,2.65,3.64,EUR,6.11,stage_1,False,commercial_re,0.99,False,,4.5,,,
EXP000022,BANK01,CP00011,green_loan,2023-03-28,2033-03-25,2.08,2.81,EUR,4.99,stage_1,True,business_loan,0.73,True,LMA_GLP,,,,
EXP000023,BANK01,CP00012,term_loan,2024-07-17,2031-07-16,3.05,3.11,EUR,3.91,stage_1,False,business_loan,0.06,False,,,,,
EXP000024,BANK01,CP00012,corporate_bond,2021-03-16,2036-03-12,4.94,4.96,EUR,3.04,stage_1,False,business_loan,0.02,False,,,,,
EXP000025,BANK01,CP00013,revolving_credit,2018-07-05,2028-07-02,478.16,487.94,EUR,5.31,stage_1,False,business_loan,9.78,False,,,,,
EXP000026,BANK01,CP00014,revolving_credit,2024-03-02,2031-03-01,4.05,5.39,EUR,5.62,stage_1,False,business_loan,1.34,False,,,,,
EXP000027,BANK01,CP00015,revolving_credit,2021-10-20,2036-10-16,217.3,298.91,EUR,6.27,stage_1,False,business_loan,81.61,False,,,,,
EXP000028,BANK01,CP00016,term_loan,2019-07-16,2026-07-14,555.54,734.19,EUR,5.1,stage_1,False,business_loan,178.65,False,,,,,
EXP000029,BANK01,CP00016,term_loan,2024-11-16,2031-11-15,883.05,940.45,EUR,7.45,stage_1,False,business_loan,57.4,False,,,,,
EXP000030,BANK01,CP00017,mortgage,2023-12-21,2033-12-18,131.76,169.11,EUR,4.0,stage_1,False,commercial_re,37.35,False,,203.37,,,
EXP000031,BANK01,CP00018,green_loan,2024-07-18,2031-07-17,42.69,56.3,EUR,6.13,stage_1,True,mortgage,13.61,True,ICMA_GBP,68.06,,,
EXP000032,BANK01,CP00018,revolving_credit,2024-06-27,2039-06-24,9.82,10.71,EUR,2.76,stage_1,False,business_loan,0.89,False,,,,,
EXP000033,BANK01,CP00019,mortgage,2022-04-07,2027-04-06,4.02,5.34,EUR,3.71,stage_1,False,commercial_re,1.32,False,,6.11,,,
EXP000034,BANK01,CP00019,term_loan,2022-12-12,2029-12-10,3.93,4.59,EUR,4.56,stage_1,False,business_loan,0.66,False,,,,,
EXP000035,BANK01,CP00020,revolving_credit,2018-09-13,2023-09-12,1139.06,1375.38,EUR,5.3,stage_3,False,business_loan,236.32,False,,,,,
EXP000036,BANK01,CP00020,revolving_credit,2019-12-11,2029-12-08,944.22,1288.72,EUR,4.21,stage_1,False,business_loan,344.5,False,,,,,
EXP000037,BANK01,CP00021,corporate_bond,2020-12-18,2035-12-15,2.96,3.53,EUR,7.29,stage_1,False,business_loan,0.57,False,,,,,
EXP000038,BANK01,CP00021,green_loan,2021-05-04,2028-05-02,1.55,1.99,EUR,5.95,stage_1,True,business_loan,0.44,True,EU_Taxonomy,,,,
EXP000039,BANK01,CP00021,project_finance,2021-01-25,2028-01-24,2.15,2.25,EUR,5.88,stage_1,False,project_finance,0.1,False,,,6.44,False,project_loan
EXP000040,BANK01,CP00022,green_loan,2019-08-23,2026-08-21,3.19,3.24,EUR,7.28,stage_1,True,business_loan,0.05,True,EU_Taxonomy,,,,
EXP000041,BANK01,CP00022,corporate_bond,2023-05-17,2028-05-15,3.53,3.82,EUR,5.19,stage_2,False,business_loan,0.29,False,,,,,
EXP000042,BANK01,CP00022,term_loan,2024-11-26,2039-11-23,2.8,3.07,EUR,2.75,stage_2,False,business_loan,0.27,False,,,,,
EXP000043,BANK01,CP00022,term_loan,2019-02-15,2029-02-12,1.27,1.44,EUR,4.86,stage_1,False,business_loan,0.17,False,,,,,
EXP000044,BANK01,CP00023,green_loan,2019-10-09,2029-10-06,245.29,309.35,EUR,6.9,stage_1,True,business_loan,64.06,True,LMA_GLP,,,,
EXP000045,BANK01,CP00024,term_loan,2021-03-15,2024-03-14,10.9,14.86,EUR,2.95,stage_1,False,business_loan,3.96,False,,,,,
EXP000046,BANK01,CP00024,corporate_bond,2018-06-02,2023-06-01,8.3,9.69,EUR,6.69,stage_2,False,business_loan,1.39,False,,,,,
EXP000047,BANK01,CP00025,mortgage,2020-02-03,2027-02-01,4.6,6.21,EUR,2.55,stage_1,False,commercial_re,1.61,False,,11.37,,,
EXP000048,BANK01,CP00026,term_loan,2024-02-04,2039-01-31,50.53,60.51,EUR,7.19,stage_2,False,business_loan,9.98,False,,,,,
EXP000049,BANK01,CP00027,term_loan,2019-10-28,2029-10-25,4.52,5.69,EUR,6.09,stage_1,False,business_loan,1.17,False,,,,,
EXP000050,BANK01,CP00027,term_loan,2020-03-02,2025-03-01,6.33,7.88,EUR,5.69,stage_1,False,business_loan,1.55,False,,,,,
EXP000051,BANK01,CP00028,revolving_credit,2019-01-26,2024-01-25,116.7,162.53,EUR,4.89,stage_2,False,business_loan,45.83,False,,,,,
EXP000052,BANK01,CP00028,revolving_credit,2023-01-04,2030-01-02,40.94,56.56,EUR,4.01,stage_1,False,business_loan,15.62,False,,,,,
EXP000053,BANK01,CP00029,corporate_bond,2018-09-12,2021-09-11,32.88,39.0,EUR,3.3,stage_1,False,business_loan,6.12,False,,,,,
EXP000054,BANK01,CP00030,mortgage,2019-04-26,2026-04-24,1239.49,1421.72,EUR,3.6,stage_2,False,commercial_re,182.23,False,,2507.01,,,
EXP000055,BANK01,CP00030,revolving_credit,2024-10-17,2031-10-16,757.99,884.07,EUR,5.25,stage_1,False,business_loan,126.08,False,,,,,
EXP000056,BANK01,CP00030,corporate_bond,2020-06-13,2025-06-12,827.74,1053.0,EUR,5.48,stage_1,False,business_loan,225.26,False,,,,,
EXP000057,BANK01,CP00030,revolving_credit,2022-01-21,2025-01-20,813.62,1112.14,EUR,3.06,stage_1,False,business_loan,298.52,False,,,,,
EXP000058,BANK01,CP00031,revolving_credit,2019-11-05,2026-11-03,536.27,719.56,EUR,4.71,stage_1,False,business_loan,183.29,False,,,,,
EXP000059,BANK01,CP00031,revolving_credit,2023-09-22,2033-09-19,1284.74,1700.32,EUR,4.77,stage_1,False,business_loan,415.58,False,,,,,
EXP000060,BANK01,CP00031,term_loan,2023-03-09,2030-03-07,906.52,1168.79,EUR,4.48,stage_1,False,business_loan,262.27,False,,,,,
EXP000061,BANK01,CP00032,term_loan,2021-11-12,2024-11-11,1.74,2.12,EUR,2.8,stage_2,False,business_loan,0.38,False,,,,,
EXP000062,BANK01,CP00032,revolving_credit,2021-03-21,2031-03-19,2.7,2.89,EUR,3.18,stage_1,False,business_loan,0.19,False,,,,,
EXP000063,BANK01,CP00032,green_loan,2022-03-14,2032-03-11,2.1,2.48,EUR,7.09,stage_1,True,business_loan,0.38,True,ICMA_GBP,,,,
EXP000064,BANK01,CP00033,mortgage,2019-06-29,2026-06-27,2.78,2.91,EUR,7.46,stage_1,False,mortgage,0.13,False,,4.24,,,
EXP000065,BANK01,CP00034,mortgage,2018-04-04,2025-04-02,16.87,19.99,EUR,6.1,stage_1,False,commercial_re,3.12,False,,27.71,,,
EXP000066,BANK01,CP00035,revolving_credit,2019-09-28,2026-09-26,1.49,1.6,EUR,6.88,stage_1,False,business_loan,0.11,False,,,,,
EXP000067,BANK01,CP00035,corporate_bond,2024-11-23,2027-11-23,0.75,0.82,EUR,2.84,stage_1,False,business_loan,0.07,False,,,,,
EXP000068,BANK01,CP00036,mortgage,2020-09-29,2023-09-29,33.09,38.41,EUR,3.67,stage_1,False,mortgage,5.32,False,,57.34,,,
EXP000069,BANK01,CP00036,term_loan,2023-08-26,2030-08-24,40.65,44.46,EUR,7.08,stage_1,False,business_loan,3.81,False,,,,,
EXP000070,BANK01,CP00037,mortgage,2020-08-28,2027-08-27,26.34,35.57,EUR,7.43,stage_1,False,commercial_re,9.23,False,,43.7,,,
EXP000071,BANK01,CP00037,term_loan,2024-03-30,2039-03-27,16.28,22.01,EUR,7.06,stage_1,False,business_loan,5.73,False,,,,,
EXP000072,BANK01,CP00038,green_loan,2022-04-11,2037-04-07,86.45,97.47,EUR,4.58,stage_1,True,mortgage,11.02,True,EU_Taxonomy,143.72,,,
EXP000073,BANK01,CP00038,corporate_bond,2023-04-24,2028-04-22,70.89,94.97,EUR,4.0,stage_1,False,business_loan,24.08,False,,,,,
EXP000074,BANK01,CP00039,project_finance,2022-09-03,2037-08-30,6.03,7.31,EUR,4.44,stage_1,False,project_finance,1.28,False,,,21.63,False,project_loan
EXP000075,BANK01,CP00039,term_loan,2023-01-17,2030-01-15,2.77,2.87,EUR,6.12,stage_1,False,business_loan,0.1,False,,,,,
EXP000076,BANK01,CP00039,corporate_bond,2024-10-05,2027-10-05,2.43,3.28,EUR,3.44,stage_1,False,business_loan,0.85,False,,,,,
EXP000077,BANK01,CP00040,revolving_credit,2021-09-25,2028-09-23,458.38,633.85,EUR,2.58,stage_2,False,business_loan,175.47,False,,,,,
EXP000078,BANK01,CP00040,term_loan,2023-05-16,2028-05-14,713.14,911.57,EUR,6.02,stage_1,False,business_loan,198.43,False,,,,,
EXP000079,BANK01,CP00041,term_loan,2023-03-25,2038-03-21,730.53,920.09,EUR,4.04,stage_1,False,business_loan,189.56,False,,,,,
EXP000080,BANK01,CP00042,mortgage,2023-04-08,2030-04-06,27.24,37.2,EUR,4.35,stage_1,False,mortgage,9.96,False,,47.15,,,
EXP000081,BANK01,CP00042,term_loan,2019-08-21,2022-08-20,31.39,34.66,EUR,7.17,stage_1,False,business_loan,3.27,False,,,,,
EXP000082,BANK01,CP00042,term_loan,2021-09-13,2026-09-12,25.15,28.97,EUR,6.67,stage_1,False,business_loan,3.82,False,,,,,
EXP000083,BANK01,CP00043,term_loan,2023-06-25,2033-06-22,1.3,1.54,EUR,6.16,stage_1,False,business_loan,0.24,False,,,,,
EXP000084,BANK01,CP00043,project_finance,2020-01-24,2035-01-20,0.47,0.66,EUR,7.29,stage_1,False,project_finance,0.19,False,,,1.81,False,project_loan
EXP000085,BANK01,CP00044,mortgage,2018-07-18,2021-07-17,44.56,51.91,EUR,6.71,stage_1,False,commercial_re,7.35,False,,73.13,,,
EXP000086,BANK01,CP00044,term_loan,2023-09-03,2033-08-31,161.56,185.68,EUR,5.59,stage_1,False,business_loan,24.12,False,,,,,
EXP000087,BANK01,CP00044,revolving_credit,2023-06-22,2026-06-21,144.8,145.18,EUR,5.26,stage_1,False,business_loan,0.38,False,,,,,
EXP000088,BANK01,CP00045,green_loan,2018-03-12,2033-03-08,5.15,6.83,EUR,5.87,stage_1,True,mortgage,1.68,True,LMA_GLP,9.25,,,
EXP000089,BANK01,CP00045,term_loan,2019-01-30,2034-01-26,12.56,13.31,EUR,3.46,stage_1,False,business_loan,0.75,False,,,,,
EXP000090,BANK01,CP00046,revolving_credit,2022-03-09,2032-03-06,5.69,6.73,EUR,3.72,stage_1,False,business_loan,1.04,False,,,,,
EXP000091,BANK01,CP00046,mortgage,2018-11-27,2021-11-26,6.12,6.35,EUR,4.4,stage_1,False,commercial_re,0.23,False,,10.41,,,
EXP000092,BANK01,CP00046,term_loan,2019-12-03,2022-12-02,2.92,3.5,EUR,4.67,stage_1,False,business_loan,0.58,False,,,,,
EXP000093,BANK01,CP00047,term_loan,2023-12-04,2026-12-03,4.58,5.0,EUR,7.01,stage_1,False,business_loan,0.42,False,,,,,
EXP000094,BANK01,CP00047,term_loan,2018-11-01,2025-10-30,3.28,4.46,EUR,5.32,stage_1,False,business_loan,1.18,False,,,,,
EXP000095,BANK01,CP00048,green_loan,2024-08-01,2029-07-31,1.15,1.5,EUR,6.06,stage_1,True,mortgage,0.35,True,EU_Taxonomy,1.91,,,
EXP000096,BANK01,CP00048,term_loan,2020-09-11,2035-09-08,0.58,0.77,EUR,4.45,stage_2,False,business_loan,0.19,False,,,,,
EXP000097,BANK01,CP00048,corporate_bond,2019-07-28,2022-07-27,1.2,1.44,EUR,7.37,stage_1,False,business_loan,0.24,False,,,,,
EXP000098,BANK01,CP00048,mortgage,2021-10-27,2036-10-23,1.45,1.9,EUR,7.27,stage_1,False,commercial_re,0.45,False,,2.12,,,
EXP000099,BANK01,CP00049,term_loan,2023-01-20,2033-01-17,1.62,1.77,EUR,5.27,stage_1,False,business_loan,0.15,False,,,,,
EXP000100,BANK01,CP00049,project_finance,2022-04-06,2025-04-05,2.91,3.81,EUR,3.98,stage_1,False,project_finance,0.9,False,,,10.02,False,project_loan
EXP000101,BANK01,CP00049,term_loan,2022-04-06,2027-04-05,1.98,2.57,EUR,4.08,stage_1,False,business_loan,0.59,False,,,,,
EXP000102,BANK01,CP00050,revolving_credit,2021-01-09,2024-01-09,35.43,37.31,EUR,3.44,stage_1,False,business_loan,1.88,False,,,,,
EXP000103,BANK01,CP00051,term_loan,2021-12-20,2036-12-16,13.31,13.81,EUR,5.49,stage_1,False,business_loan,0.5,False,,,,,
EXP000104,BANK01,CP00051,term_loan,2022-05-08,2025-05-07,12.78,16.49,EUR,5.3,stage_3,False,business_loan,3.71,False,,,,,
EXP000105,BANK01,CP00052,corporate_bond,2019-11-26,2024-11-24,663.4,734.76,EUR,3.84,stage_1,False,business_loan,71.36,False,,,,,
EXP000106,BANK01,CP00053,term_loan,2018-11-12,2025-11-10,2.91,3.2,EUR,3.73,stage_1,False,business_loan,0.29,False,,,,,
EXP000107,BANK01,CP00054,term_loan,2021-06-01,2024-05-31,7.0,9.66,EUR,4.16,stage_1,False,business_loan,2.66,False,,,,,
EXP000108,BANK01,CP00054,revolving_credit,2021-10-03,2031-10-01,18.75,24.87,EUR,6.8,stage_3,False,business_loan,6.12,False,,,,,
EXP000109,BANK01,CP00055,green_loan,2020-04-02,2030-03-31,655.4,737.77,EUR,7.32,stage_2,True,commercial_re,82.37,True,LMA_GLP,1060.52,,,
EXP000110,BANK01,CP00056,revolving_credit,2024-06-16,2029-06-15,126.66,143.17,EUR,3.9,stage_1,False,business_loan,16.51,False,,,,,
EXP000111,BANK01,CP00057,term_loan,2024-02-13,2029-02-11,4.85,6.17,EUR,5.25,stage_2,False,business_loan,1.32,False,,,,,
EXP000112,BANK01,CP00057,corporate_bond,2022-12-01,2029-11-29,2.77,3.69,EUR,2.85,stage_1,False,business_loan,0.92,False,,,,,
EXP000113,BANK01,CP00058,term_loan,2021-05-25,2026-05-24,100.91,111.11,EUR,3.27,stage_1,False,business_loan,10.2,False,,,,,
EXP000114,BANK01,CP00058,revolving_credit,2024-09-15,2034-09-13,65.34,80.56,EUR,5.17,stage_2,False,business_loan,15.22,False,,,,,
EXP000115,BANK01,CP00058,revolving_credit,2018-05-31,2025-05-29,124.54,159.49,EUR,6.56,stage_1,False,business_loan,34.95,False,,,,,
EXP000116,BANK01,CP00059,term_loan,2021-12-25,2026-12-24,127.69,160.74,EUR,2.72,stage_3,False,business_loan,33.05,False,,,,,
EXP000117,BANK01,CP00059,revolving_credit,2021-09-20,2031-09-18,390.47,407.02,EUR,2.99,stage_1,False,business_loan,16.55,False,,,,,
EXP000118,BANK01,CP00059,project_finance,2024-06-14,2029-06-13,422.57,497.92,EUR,4.46,stage_1,False,project_finance,75.35,False,,,1246.91,True,project_equity
EXP000119,BANK01,CP00059,revolving_credit,2021-11-13,2024-11-12,349.36,416.82,EUR,3.98,stage_2,False,business_loan,67.46,False,,,,,
EXP000120,BANK01,CP00060,corporate_bond,2021-11-27,2028-11-25,251.16,285.63,EUR,6.42,stage_1,False,listed_equity,34.47,False,,,,,
EXP000121,BANK01,CP00061,corporate_bond,2023-01-28,2030-01-26,47.02,48.28,EUR,2.72,stage_1,False,listed_equity,1.26,False,,,,,
EXP000122,BANK01,CP00062,term_loan,2019-11-05,2024-11-03,1.85,2.23,EUR,5.26,stage_1,False,business_loan,0.38,False,,,,,
EXP000123,BANK01,CP00063,mortgage,2020-01-26,2025-01-24,11.2,14.07,EUR,4.66,stage_1,False,mortgage,2.87,False,,15.76,,,
EXP000124,BANK01,CP00063,term_loan,2024-08-22,2034-08-20,13.91,16.07,EUR,6.02,stage_1,False,business_loan,2.16,False,,,,,
EXP000125,BANK01,CP00064,term_loan,2019-02-21,2034-02-17,658.71,707.97,EUR,4.13,stage_1,False,business_loan,49.26,False,,,,,
EXP000126,BANK01,CP00064,mortgage,2023-12-02,2030-11-30,289.73,358.91,EUR,5.56,stage_1,False,commercial_re,69.18,False,,491.5,,,
EXP000127,BANK01,CP00064,mortgage,2024-12-03,2029-12-02,347.52,460.64,EUR,6.03,stage_1,False,mortgage,113.12,False,,549.99,,,
EXP000128,BANK01,CP00065,term_loan,2019-04-28,2024-04-26,1.16,1.3,EUR,3.42,stage_1,False,business_loan,0.14,False,,,,,
EXP000129,BANK01,CP00065,revolving_credit,2019-07-19,2034-07-15,3.13,3.61,EUR,3.43,stage_1,False,business_loan,0.48,False,,,,,
EXP000130,BANK01,CP00066,green_loan,2024-03-22,2029-03-21,197.86,236.61,EUR,3.2,stage_1,True,business_loan,38.75,True,ICMA_GBP,,,,
EXP000131,BANK01,CP00066,term_loan,2022-01-10,2025-01-09,150.52,179.7,EUR,3.48,stage_1,False,business_loan,29.18,False,,,,,
EXP000132,BANK01,CP00067,revolving_credit,2023-07-08,2033-07-05,6.84,8.78,EUR,4.72,stage_1,False,business_loan,1.94,False,,,,,
EXP000133,BANK01,CP00067,mortgage,2020-06-22,2027-06-21,6.11,6.19,EUR,3.62,stage_1,False,mortgage,0.08,False,,8.69,,,
EXP000134,BANK01,CP00068,mortgage,2023-07-22,2038-07-18,414.56,499.26,EUR,5.36,stage_1,False,mortgage,84.7,False,,678.76,,,
EXP000135,BANK01,CP00068,green_loan,2024-01-30,2027-01-29,401.8,523.95,EUR,4.71,stage_1,True,business_loan,122.15,True,LMA_GLP,,,,
EXP000136,BANK01,CP00068,corporate_bond,2020-10-10,2027-10-09,335.03,452.27,EUR,2.66,stage_1,False,business_loan,117.24,False,,,,,
EXP000137,BANK01,CP00069,mortgage,2019-04-26,2024-04-24,156.79,169.95,EUR,6.19,stage_1,False,commercial_re,13.16,False,,237.0,,,
EXP000138,BANK01,CP00069,project_finance,2022-10-20,2027-10-19,635.28,791.85,EUR,6.42,stage_1,False,project_finance,156.57,False,,,1032.5,True,project_equity
EXP000139,BANK01,CP00069,project_finance,2023-12-21,2030-12-19,600.91,744.37,EUR,3.34,stage_3,False,project_finance,143.46,False,,,1248.48,False,project_loan
EXP000140,BANK01,CP00070,green_loan,2023-10-09,2026-10-08,884.44,932.41,EUR,6.25,stage_1,True,commercial_re,47.97,True,ICMA_GBP,1294.83,,,
EXP000141,BANK01,CP00071,corporate_bond,2019-06-28,2024-06-26,6.58,6.96,EUR,4.11,stage_1,False,business_loan,0.38,False,,,,,
EXP000142,BANK01,CP00072,term_loan,2021-01-05,2031-01-03,649.26,746.69,EUR,2.88,stage_1,False,business_loan,97.43,False,,,,,
EXP000143,BANK01,CP00072,revolving_credit,2021-02-13,2028-02-12,1085.89,1283.39,EUR,4.94,stage_1,False,business_loan,197.5,False,,,,,
EXP000144,BANK01,CP00072,mortgage,2019-01-17,2029-01-14,1201.99,1507.22,EUR,5.99,stage_2,False,commercial_re,305.23,False,,2167.67,,,
EXP000145,BANK01,CP00073,green_loan,2020-05-17,2030-05-15,17.29,19.15,EUR,6.64,stage_1,True,business_loan,1.86,True,LMA_GLP,,,,
EXP000146,BANK01,CP00073,project_finance,2023-06-11,2030-06-09,22.81,30.97,EUR,6.31,stage_1,False,project_finance,8.16,False,,,57.92,False,project_loan
EXP000147,BANK01,CP00073,mortgage,2018-03-08,2021-03-07,24.28,33.31,EUR,3.29,stage_1,False,commercial_re,9.03,False,,37.46,,,
EXP000148,BANK01,CP00074,green_loan,2019-06-25,2026-06-23,5.19,5.52,EUR,7.16,stage_1,True,mortgage,0.33,True,EU_Taxonomy,9.3,,,
EXP000149,BANK01,CP00074,term_loan,2022-03-04,2027-03-03,7.17,7.32,EUR,5.63,stage_1,False,business_loan,0.15,False,,,,,
EXP000150,BANK01,CP00074,revolving_credit,2019-01-09,2022-01-08,8.05,8.05,EUR,4.88,stage_1,False,business_loan,0.0,False,,,,,
EXP000151,BANK01,CP00074,corporate_bond,2018-02-08,2021-02-07,3.43,4.38,EUR,6.59,stage_3,False,business_loan,0.95,False,,,,,
EXP000152,BANK01,CP00075,term_loan,2022-04-19,2025-04-18,51.66,66.76,EUR,3.01,stage_1,False,business_loan,15.1,False,,,,,
EXP000153,BANK01,CP00075,term_loan,2019-06-30,2024-06-28,181.1,186.06,EUR,5.32,stage_1,False,business_loan,4.96,False,,,,,
EXP000154,BANK01,CP00076,term_loan,2019-09-13,2029-09-10,76.56,95.43,EUR,4.71,stage_1,False,business_loan,18.87,False,,,,,
EXP000155,BANK01,CP00077,term_loan,2022-04-22,2029-04-20,15.32,21.22,EUR,4.07,stage_1,False,business_loan,5.9,False,,,,,
EXP000156,BANK01,CP00077,term_loan,2024-03-16,2039-03-13,22.16,27.48,EUR,5.54,stage_1,False,business_loan,5.32,False,,,,,
EXP000157,BANK01,CP00077,mortgage,2021-05-20,2026-05-19,42.81,51.68,EUR,5.05,stage_1,False,commercial_re,8.87,False,,61.13,,,
EXP000158,BANK01,CP00078,mortgage,2020-09-07,2030-09-05,0.8,0.92,EUR,3.71,stage_1,False,commercial_re,0.12,False,,1.31,,,
EXP000159,BANK01,CP00079,term_loan,2022-01-19,2029-01-17,111.45,117.33,EUR,6.8,stage_1,False,business_loan,5.88,False,,,,,
EXP000160,BANK01,CP00080,corporate_bond,2018-10-26,2021-10-25,290.82,359.15,EUR,2.57,stage_1,False,listed_equity,68.33,False,,,,,
EXP000161,BANK01,CP00080,green_loan,2022-06-19,2037-06-15,372.85,415.58,EUR,6.06,stage_1,True,commercial_re,42.73,True,EU_Taxonomy,569.67,,,
EXP000162,BANK01,CP00081,corporate_bond,2024-01-12,2039-01-08,22.48,23.85,EUR,2.92,stage_1,False,business_loan,1.37,False,,,,,
EXP000163,BANK01,CP00081,green_loan,2019-09-29,2034-09-25,42.97,48.59,EUR,5.43,stage_1,True,commercial_re,5.62,True,ICMA_GBP,77.19,,,
EXP000164,BANK01,CP00082,revolving_credit,2022-11-27,2027-11-26,8.65,8.85,EUR,2.93,stage_1,False,business_loan,0.2,False,,,,,
EXP000165,BANK01,CP00082,project_finance,2021-06-20,2026-06-19,6.62,6.94,EUR,6.04,stage_1,False,project_finance,0.32,False,,,11.83,False,project_loan
EXP000166,BANK01,CP00083,revolving_credit,2020-11-27,2025-11-26,301.74,346.62,EUR,6.25,stage_2,False,business_loan,44.88,False,,,,,
EXP000167,BANK01,CP00084,mortgage,2021-10-04,2031-10-02,383.14,424.82,EUR,2.82,stage_1,False,mortgage,41.68,False,,709.99,,,
EXP000168,BANK01,CP00084,term_loan,2023-02-08,2038-02-04,1000.25,1144.34,EUR,5.0,stage_1,False,business_loan,144.09,False,,,,,
EXP000169,BANK01,CP00084,term_loan,2019-02-26,2034-02-22,719.05,912.94,EUR,3.08,stage_1,False,business_loan,193.89,False,,,,,
EXP000170,BANK01,CP00085,term_loan,2018-07-08,2028-07-05,5.91,6.77,EUR,7.1,stage_1,False,business_loan,0.86,False,,,,,
EXP000171,BANK01,CP00086,mortgage,2022-09-14,2027-09-13,35.11,39.63,EUR,4.58,stage_1,False,commercial_re,4.52,False,,58.52,,,
EXP000172,BANK01,CP00086,term_loan,2022-03-08,2025-03-07,76.11,91.39,EUR,7.01,stage_1,False,business_loan,15.28,False,,,,,
EXP000173,BANK01,CP00086,green_loan,2022-07-01,2025-06-30,168.75,227.95,EUR,6.83,stage_1,True,business_loan,59.2,True,ICMA_GBP,,,,
EXP000174,BANK01,CP00086,term_loan,2023-02-14,2026-02-13,82.96,95.2,EUR,3.96,stage_1,False,business_loan,12.24,False,,,,,
EXP000175,BANK01,CP00087,revolving_credit,2023-07-14,2028-07-12,2.07,2.68,EUR,5.23,stage_1,False,business_loan,0.61,False,,,,,
EXP000176,BANK01,CP00087,green_loan,2018-04-08,2023-04-07,1.61,1.96,EUR,5.68,stage_1,True,business_loan,0.35,True,ICMA_GBP,,,,
EXP000177,BANK01,CP00087,revolving_credit,2022-03-22,2029-03-20,0.89,0.93,EUR,5.15,stage_1,False,business_loan,0.04,False,,,,,
EXP000178,BANK01,CP00088,green_loan,2021-02-20,2024-02-20,192.63,196.01,EUR,3.66,stage_1,True,mortgage,3.38,True,EU_Taxonomy,278.03,,,
EXP000179,BANK01,CP00088,mortgage,2023-02-21,2026-02-20,492.9,607.4,EUR,5.03,stage_1,False,commercial_re,114.5,False,,755.53,,,
EXP000180,BANK01,CP00089,term_loan,2019-06-20,2024-06-18,69.73,77.87,EUR,6.75,stage_2,False,business_loan,8.14,False,,,,,
EXP000181,BANK01,CP00089,mortgage,2021-08-29,2028-08-27,51.44,60.76,EUR,3.67,stage_2,False,commercial_re,9.32,False,,72.97,,,
EXP000182,BANK01,CP00090,term_loan,2019-03-09,2024-03-07,26.84,31.67,EUR,4.07,stage_1,False,business_loan,4.83,False,,,,,
EXP000183,BANK02,CP00091,revolving_credit,2023-03-13,2030-03-11,37.41,50.17,EUR,2.95,stage_1,False,business_loan,12.76,False,,,,,
EXP000184,BANK02,CP00092,project_finance,2020-05-30,2027-05-29,282.06,298.79,EUR,6.06,stage_2,False,project_finance,16.73,False,,,775.99,False,project_loan
EXP000185,BANK02,CP00093,term_loan,2019-12-14,2022-12-13,2.12,2.93,EUR,6.77,stage_1,False,business_loan,0.81,False,,,,,
EXP000186,BANK02,CP00093,term_loan,2019-02-22,2024-02-21,7.03,7.37,EUR,2.81,stage_1,False,business_loan,0.34,False,,,,,
EXP000187,BANK02,CP00094,revolving_credit,2018-12-11,2033-12-07,7.73,9.54,EUR,7.09,stage_1,False,business_loan,1.81,False,,,,,
EXP000188,BANK02,CP00095,corporate_bond,2019-06-12,2022-06-11,23.25,31.67,EUR,6.65,stage_1,False,listed_equity,8.42,False,,,,,
EXP000189,BANK02,CP00095,revolving_credit,2019-11-20,2034-11-16,13.36,15.67,EUR,6.12,stage_1,False,business_loan,2.31,False,,,,,
EXP000190,BANK02,CP00095,revolving_credit,2021-12-20,2026-12-19,35.06,47.8,EUR,3.87,stage_1,False,business_loan,12.74,False,,,,,
EXP000191,BANK02,CP00095,project_finance,2024-12-02,2029-12-01,20.12,25.33,EUR,4.99,stage_2,False,project_finance,5.21,False,,,38.58,False,project_loan
EXP000192,BANK02,CP00096,revolving_credit,2022-09-14,2027-09-13,263.51,331.25,EUR,6.49,stage_1,False,business_loan,67.74,False,,,,,
EXP000193,BANK02,CP00096,project_finance,2018-03-21,2028-03-18,1202.39,1578.46,EUR,4.3,stage_1,False,project_finance,376.07,False,,,2475.42,False,project_loan
EXP000194,BANK02,CP00097,revolving_credit,2022-05-10,2029-05-08,18.42,19.74,EUR,4.09,stage_1,False,business_loan,1.32,False,,,,,
EXP000195,BANK02,CP00097,mortgage,2018-08-28,2028-08-25,18.14,21.98,EUR,6.33,stage_3,False,commercial_re,3.84,False,,27.31,,,
EXP000196,BANK02,CP00098,corporate_bond,2020-12-27,2035-12-24,16.52,21.91,EUR,7.09,stage_1,False,business_loan,5.39,False,,,,,
EXP000197,BANK02,CP00098,term_loan,2022-05-10,2029-05-08,72.02,98.96,EUR,7.46,stage_1,False,business_loan,26.94,False,,,,,
EXP000198,BANK02,CP00098,revolving_credit,2022-01-09,2037-01-05,24.97,25.25,EUR,6.0,stage_2,False,business_loan,0.28,False,,,,,
EXP000199,BANK02,CP00098,project_finance,2020-02-11,2030-02-08,45.22,55.03,EUR,3.38,stage_1,False,project_finance,9.81,False,,,85.97,True,project_equity
EXP000200,BANK02,CP00099,term_loan,2023-05-12,2026-05-11,33.08,37.47,EUR,5.57,stage_1,False,business_loan,4.39,False,,,,,
EXP000201,BANK02,CP00100,mortgage,2021-08-18,2024-08-17,1.62,1.63,EUR,5.43,stage_2,False,mortgage,0.01,False,,2.52,,,
EXP000202,BANK02,CP00101,mortgage,2018-10-25,2025-10-23,800.89,1026.59,EUR,5.81,stage_1,False,mortgage,225.7,False,,1363.88,,,
EXP000203,BANK02,CP00101,revolving_credit,2019-10-08,2029-10-05,397.8,523.8,EUR,7.3,stage_1,False,business_loan,126.0,False,,,,,
EXP000204,BANK02,CP00101,green_loan,2024-11-18,2031-11-17,269.46,293.52,EUR,5.44,stage_1,True,commercial_re,24.06,True,ICMA_GBP,426.91,,,
EXP000205,BANK02,CP00102,term_loan,2018-01-08,2033-01-04,31.2,36.09,EUR,7.47,stage_2,False,business_loan,4.89,False,,,,,
EXP000206,BANK02,CP00103,mortgage,2024-11-09,2029-11-08,11.9,14.94,EUR,3.02,stage_1,False,mortgage,3.04,False,,17.9,,,
EXP000207,BANK02,CP00104,revolving_credit,2021-08-01,2026-07-31,2.1,2.63,EUR,7.32,stage_1,False,business_loan,0.53,False,,,,,
EXP000208,BANK02,CP00105,revolving_credit,2018-02-16,2025-02-14,966.42,1047.48,EUR,5.97,stage_1,False,business_loan,81.06,False,,,,,
EXP000209,BANK02,CP00105,corporate_bond,2018-07-17,2028-07-14,1028.69,1209.01,EUR,4.6,stage_1,False,listed_equity,180.32,False,,,,,
EXP000210,BANK02,CP00106,revolving_credit,2022-03-18,2025-03-17,8.71,11.6,EUR,6.44,stage_1,False,business_loan,2.89,False,,,,,
EXP000211,BANK02,CP00106,term_loan,2023-01-23,2026-01-22,7.69,10.15,EUR,2.67,stage_1,False,business_loan,2.46,False,,,,,
EXP000212,BANK02,CP00107,revolving_credit,2022-03-18,2027-03-17,41.6,53.78,EUR,5.24,stage_2,False,business_loan,12.18,False,,,,,
EXP000213,BANK02,CP00108,project_finance,2023-06-01,2026-05-31,75.17,88.14,EUR,5.77,stage_1,False,project_finance,12.97,False,,,299.36,True,project_equity
EXP000214,BANK02,CP00109,revolving_credit,2020-02-18,2030-02-15,0.7,0.9,EUR,6.11,stage_1,False,business_loan,0.2,False,,,,,
EXP000215,BANK02,CP00109,term_loan,2020-08-30,2023-08-30,1.37,1.4,EUR,5.36,stage_1,False,business_loan,0.03,False,,,,,
EXP000216,BANK02,CP00110,revolving_credit,2021-04-21,2036-04-17,10.6,12.64,EUR,2.98,stage_1,False,business_loan,2.04,False,,,,,
EXP000217,BANK02,CP00111,revolving_credit,2019-04-19,2026-04-17,130.97,172.09,EUR,4.85,stage_2,False,business_loan,41.12,False,,,,,
EXP000218,BANK02,CP00111,corporate_bond,2022-05-07,2027-05-06,49.43,56.77,EUR,4.41,stage_1,False,business_loan,7.34,False,,,,,
EXP000219,BANK02,CP00112,term_loan,2021-01-05,2036-01-02,223.13,228.63,EUR,6.26,stage_1,False,business_loan,5.5,False,,,,,
EXP000220,BANK02,CP00113,project_finance,2024-08-12,2029-08-11,25.3,30.9,EUR,6.7,stage_1,False,project_finance,5.6,False,,,46.12,False,project_loan
EXP000221,BANK02,CP00114,mortgage,2023-04-29,2038-04-25,21.09,28.53,EUR,4.88,stage_1,False,mortgage,7.44,False,,28.89,,,
EXP000222,BANK02,CP00114,corporate_bond,2023-08-19,2038-08-15,32.12,43.69,EUR,6.5,stage_1,False,business_loan,11.57,False,,,,,
EXP000223,BANK02,CP00115,corporate_bond,2019-12-10,2024-12-08,8.74,12.14,EUR,6.54,stage_1,False,business_loan,3.4,False,,,,,
EXP000224,BANK02,CP00115,green_loan,2022-11-19,2027-11-18,17.97,25.14,EUR,5.64,stage_1,True,mortgage,7.17,True,LMA_GLP,24.5,,,
EXP000225,BANK02,CP00116,mortgage,2018-10-02,2021-10-01,66.68,77.03,EUR,4.49,stage_1,False,mortgage,10.35,False,,127.86,,,
EXP000226,BANK02,CP00117,mortgage,2024-12-27,2039-12-24,5.12,6.19,EUR,4.6,stage_1,False,commercial_re,1.07,False,,8.04,,,
EXP000227,BANK02,CP00118,corporate_bond,2019-02-15,2022-02-14,28.12,34.45,EUR,3.0,stage_1,False,business_loan,6.33,False,,,,,
EXP000228,BANK02,CP00119,revolving_credit,2022-04-18,2032-04-15,7.24,8.9,EUR,4.87,stage_1,False,business_loan,1.66,False,,,,,
EXP000229,BANK02,CP00119,corporate_bond,2022-07-04,2025-07-03,8.08,9.36,EUR,6.89,stage_1,False,business_loan,1.28,False,,,,,
EXP000230,BANK02,CP00120,term_loan,2022-03-06,2025-03-05,422.22,479.28,EUR,6.47,stage_1,False,business_loan,57.06,False,,,,,
EXP000231,BANK02,CP00121,corporate_bond,2020-07-22,2025-07-21,8.18,9.16,EUR,6.22,stage_1,False,business_loan,0.98,False,,,,,
EXP000232,BANK02,CP00121,corporate_bond,2024-10-13,2027-10-13,3.89,4.18,EUR,3.56,stage_1,False,business_loan,0.29,False,,,,,
EXP000233,BANK02,CP00121,corporate_bond,2022-03-12,2025-03-11,7.24,8.73,EUR,3.29,stage_1,False,business_loan,1.49,False,,,,,
EXP000234,BANK02,CP00122,mortgage,2024-05-18,2027-05-18,39.38,42.12,EUR,6.88,stage_1,False,commercial_re,2.74,False,,67.58,,,
EXP000235,BANK02,CP00122,term_loan,2018-07-27,2025-07-25,29.22,37.46,EUR,3.87,stage_1,False,business_loan,8.24,False,,,,,
EXP000236,BANK02,CP00123,term_loan,2018-05-06,2023-05-05,6.47,7.43,EUR,5.47,stage_1,False,business_loan,0.96,False,,,,,
EXP000237,BANK02,CP00123,project_finance,2021-12-03,2028-12-01,8.37,8.92,EUR,6.97,stage_1,False,project_finance,0.55,False,,,18.76,True,project_equity
EXP000238,BANK02,CP00124,revolving_credit,2019-10-30,2034-10-26,12.83,16.83,EUR,3.57,stage_1,False,business_loan,4.0,False,,,,,
EXP000239,BANK02,CP00124,term_loan,2022-08-05,2037-08-01,11.13,11.22,EUR,6.4,stage_1,False,business_loan,0.09,False,,,,,
EXP000240,BANK02,CP00125,corporate_bond,2024-09-28,2027-09-28,13.49,14.7,EUR,5.54,stage_2,False,business_loan,1.21,False,,,,,
EXP000241,BANK02,CP00126,term_loan,2022-03-23,2029-03-21,53.35,63.15,EUR,3.59,stage_1,False,business_loan,9.8,False,,,,,
EXP000242,BANK02,CP00126,corporate_bond,2024-07-22,2027-07-22,41.86,41.98,EUR,7.5,stage_2,False,listed_equity,0.12,False,,,,,
EXP000243,BANK02,CP00127,project_finance,2021-03-03,2028-03-01,64.29,81.89,EUR,4.91,stage_1,False,project_finance,17.6,False,,,131.64,False,project_loan
EXP000244,BANK02,CP00127,revolving_credit,2021-02-08,2028-02-07,39.13,49.4,EUR,7.26,stage_1,False,business_loan,10.27,False,,,,,
EXP000245,BANK02,CP00127,revolving_credit,2020-09-11,2023-09-11,31.35,41.45,EUR,6.51,stage_1,False,business_loan,10.1,False,,,,,
EXP000246,BANK02,CP00128,corporate_bond,2023-07-31,2030-07-29,15.41,17.01,EUR,4.59,stage_1,False,business_loan,1.6,False,,,,,
EXP000247,BANK02,CP00128,corporate_bond,2024-06-01,2029-05-31,3.67,4.17,EUR,6.07,stage_1,False,business_loan,0.5,False,,,,,
EXP000248,BANK02,CP00129,green_loan,2022-01-08,2037-01-04,808.75,905.86,EUR,3.35,stage_1,True,business_loan,97.11,True,EU_Taxonomy,,,,
EXP000249,BANK02,CP00129,term_loan,2023-04-13,2028-04-11,912.63,1183.1,EUR,6.13,stage_1,False,business_loan,270.47,False,,,,,
EXP000250,BANK02,CP00130,mortgage,2019-01-01,2023-12-31,3.41,3.89,EUR,6.22,stage_1,False,commercial_re,0.48,False,,6.64,,,
EXP000251,BANK02,CP00130,revolving_credit,2020-12-03,2035-11-30,2.92,3.26,EUR,6.76,stage_1,False,business_loan,0.34,False,,,,,
EXP000252,BANK02,CP00130,project_finance,2024-12-17,2027-12-17,3.16,3.76,EUR,3.47,stage_1,False,project_finance,0.6,False,,,5.87,False,project_loan
EXP000253,BANK02,CP00130,revolving_credit,2022-08-20,2025-08-19,2.59,3.49,EUR,3.25,stage_3,False,business_loan,0.9,False,,,,,
EXP000254,BANK02,CP00131,mortgage,2023-02-18,2028-02-17,6.2,6.98,EUR,6.08,stage_1,False,mortgage,0.78,False,,10.01,,,
EXP000255,BANK02,CP00132,term_loan,2018-08-26,2021-08-25,19.1,22.55,EUR,3.55,stage_1,False,business_loan,3.45,False,,,,,
EXP000256,BANK02,CP00132,term_loan,2018-12-27,2023-12-26,17.79,22.16,EUR,5.67,stage_1,False,business_loan,4.37,False,,,,,
EXP000257,BANK02,CP00133,term_loan,2020-03-27,2027-03-26,224.33,309.58,EUR,6.96,stage_1,False,business_loan,85.25,False,,,,,
EXP000258,BANK02,CP00133,term_loan,2018-01-17,2023-01-16,284.58,310.34,EUR,6.88,stage_1,False,business_loan,25.76,False,,,,,
EXP000259,BANK02,CP00133,revolving_credit,2021-06-07,2026-06-06,109.87,112.74,EUR,2.73,stage_2,False,business_loan,2.87,False,,,,,
EXP000260,BANK02,CP00133,revolving_credit,2023-11-17,2030-11-15,253.94,297.99,EUR,5.93,stage_1,False,business_loan,44.05,False,,,,,
EXP000261,BANK02,CP00134,corporate_bond,2019-11-07,2029-11-04,65.09,65.59,EUR,3.62,stage_3,False,listed_equity,0.5,False,,,,,
EXP000262,BANK02,CP00134,term_loan,2023-08-29,2028-08-27,37.44,39.28,EUR,6.06,stage_1,False,business_loan,1.84,False,,,,,
EXP000263,BANK02,CP00134,corporate_bond,2023-12-31,2038-12-27,53.69,54.73,EUR,7.47,stage_1,False,listed_equity,1.04,False,,,,,
EXP000264,BANK02,CP00134,term_loan,2019-04-20,2029-04-17,81.28,95.73,EUR,3.12,stage_1,False,business_loan,14.45,False,,,,,
EXP000265,BANK02,CP00135,corporate_bond,2018-02-08,2025-02-06,4.37,5.11,EUR,3.0,stage_1,False,business_loan,0.74,False,,,,,
EXP000266,BANK02,CP00135,corporate_bond,2022-09-12,2025-09-11,9.26,11.15,EUR,5.59,stage_1,False,business_loan,1.89,False,,,,,
EXP000267,BANK02,CP00136,project_finance,2020-12-13,2035-12-10,67.37,93.59,EUR,4.29,stage_1,False,project_finance,26.22,False,,,235.27,False,project_loan
EXP000268,BANK02,CP00136,project_finance,2020-04-30,2030-04-28,33.16,37.55,EUR,2.51,stage_1,False,project_finance,4.39,False,,,73.15,False,project_loan
EXP000269,BANK02,CP00136,mortgage,2023-07-17,2028-07-15,108.86,150.2,EUR,6.4,stage_1,False,mortgage,41.34,False,,182.68,,,
EXP000270,BANK02,CP00137,corporate_bond,2023-02-14,2030-02-12,2.83,3.13,EUR,2.75,stage_1,False,business_loan,0.3,False,,,,,
EXP000271,BANK02,CP00137,mortgage,2022-01-15,2029-01-13,2.75,3.22,EUR,3.08,stage_2,False,commercial_re,0.47,False,,5.07,,,
EXP000272,BANK02,CP00138,term_loan,2019-11-30,2026-11-28,5.96,6.81,EUR,4.69,stage_1,False,business_loan,0.85,False,,,,,
EXP000273,BANK02,CP00138,term_loan,2021-11-04,2026-11-03,35.3,36.91,EUR,4.5,stage_1,False,business_loan,1.61,False,,,,,
EXP000274,BANK02,CP00138,corporate_bond,2023-05-13,2033-05-10,33.86,42.65,EUR,6.48,stage_1,False,business_loan,8.79,False,,,,,
EXP000275,BANK02,CP00139,green_loan,2019-10-15,2022-10-14,2.39,2.79,EUR,5.45,stage_1,True,business_loan,0.4,True,LMA_GLP,,,,
EXP000276,BANK02,CP00139,term_loan,2022-04-05,2029-04-03,8.95,11.14,EUR,6.81,stage_2,False,business_loan,2.19,False,,,,,
EXP000277,BANK02,CP00140,revolving_credit,2023-06-23,2026-06-22,367.51,497.99,EUR,4.7,stage_1,False,business_loan,130.48,False,,,,,
EXP000278,BANK02,CP00140,term_loan,2023-11-20,2038-11-16,285.29,367.88,EUR,3.62,stage_2,False,business_loan,82.59,False,,,,,
EXP000279,BANK02,CP00140,revolving_credit,2024-12-07,2027-12-07,361.04,423.55,EUR,6.13,stage_1,False,business_loan,62.51,False,,,,,
EXP000280,BANK02,CP00141,term_loan,2024-04-05,2039-04-02,106.52,108.84,EUR,5.72,stage_1,False,business_loan,2.32,False,,,,,
EXP000281,BANK02,CP00141,mortgage,2019-11-09,2022-11-08,133.86,174.09,EUR,4.1,stage_1,False,commercial_re,40.23,False,,275.2,,,
EXP000282,BANK02,CP00142,project_finance,2022-03-31,2032-03-28,61.76,81.95,EUR,2.89,stage_1,False,project_finance,20.19,False,,,101.98,False,project_loan
EXP000283,BANK02,CP00143,revolving_credit,2021-07-18,2024-07-17,48.12,67.0,EUR,6.23,stage_1,False,business_loan,18.88,False,,,,,
EXP000284,BANK02,CP00143,term_loan,2024-02-28,2027-02-27,107.72,143.31,EUR,6.46,stage_2,False,business_loan,35.59,False,,,,,
EXP000285,BANK02,CP00144,project_finance,2023-02-12,2030-02-10,740.24,847.82,EUR,2.77,stage_1,False,project_finance,107.58,False,,,1707.14,False,project_loan
EXP000286,BANK02,CP00144,project_finance,2024-12-13,2039-12-10,435.08,517.42,EUR,5.79,stage_1,False,project_finance,82.34,False,,,825.48,False,project_loan
EXP000287,BANK02,CP00145,term_loan,2021-10-30,2028-10-28,448.33,597.15,EUR,7.32,stage_1,False,business_loan,148.82,False,,,,,
EXP000288,BANK02,CP00146,term_loan,2019-11-04,2029-11-01,1.72,1.82,EUR,6.08,stage_1,False,business_loan,0.1,False,,,,,
EXP000289,BANK02,CP00146,project_finance,2020-02-08,2023-02-07,0.54,0.74,EUR,4.46,stage_1,False,project_finance,0.2,False,,,2.0,False,project_loan
EXP000290,BANK02,CP00147,term_loan,2022-08-25,2025-08-24,9.06,12.42,EUR,6.69,stage_1,False,business_loan,3.36,False,,,,,
EXP000291,BANK02,CP00147,revolving_credit,2024-08-10,2039-08-07,9.63,10.15,EUR,4.99,stage_1,False,business_loan,0.52,False,,,,,
EXP000292,BANK02,CP00147,green_loan,2024-07-24,2034-07-22,2.21,3.03,EUR,6.41,stage_2,True,mortgage,0.82,True,LMA_GLP,4.46,,,
EXP000293,BANK02,CP00148,mortgage,2019-03-01,2029-02-26,0.96,1.21,EUR,5.53,stage_1,False,mortgage,0.25,False,,1.38,,,
EXP000294,BANK02,CP00148,revolving_credit,2024-10-30,2029-10-29,2.96,3.28,EUR,7.32,stage_3,False,business_loan,0.32,False,,,,,
EXP000295,BANK02,CP00149,revolving_credit,2023-09-30,2030-09-28,1.37,1.83,EUR,5.24,stage_1,False,business_loan,0.46,False,,,,,
EXP000296,BANK02,CP00149,project_finance,2020-06-09,2025-06-08,4.12,4.47,EUR,6.07,stage_1,False,project_finance,0.35,False,,,8.06,False,project_loan
EXP000297,BANK02,CP00150,corporate_bond,2019-12-30,2034-12-26,124.16,151.1,EUR,5.68,stage_1,False,listed_equity,26.94,False,,,,,
EXP000298,BANK02,CP00150,project_finance,2024-07-15,2039-07-12,384.68,529.73,EUR,6.05,stage_1,False,project_finance,145.05,False,,,652.02,False,project_loan
EXP000299,BANK02,CP00150,revolving_credit,2022-09-27,2025-09-26,439.89,531.87,EUR,2.63,stage_1,False,business_loan,91.98,False,,,,,
EXP000300,BANK02,CP00150,term_loan,2019-10-22,2026-10-20,347.14,442.03,EUR,3.23,stage_1,False,business_loan,94.89,False,,,,,
EXP000301,BANK02,CP00151,project_finance,2022-01-09,2032-01-07,115.82,120.57,EUR,6.84,stage_1,False,project_finance,4.75,False,,,205.49,False,project_loan
EXP000302,BANK02,CP00151,corporate_bond,2024-04-17,2034-04-15,322.29,352.92,EUR,6.42,stage_1,False,business_loan,30.63,False,,,,,
EXP000303,BANK02,CP00151,corporate_bond,2022-04-12,2032-04-09,141.95,165.6,EUR,6.44,stage_1,False,business_loan,23.65,False,,,,,
EXP000304,BANK02,CP00152,corporate_bond,2020-04-11,2035-04-08,5.75,7.75,EUR,6.8,stage_1,False,business_loan,2.0,False,,,,,
EXP000305,BANK02,CP00152,corporate_bond,2022-02-15,2037-02-11,10.24,12.48,EUR,5.52,stage_1,False,business_loan,2.24,False,,,,,
EXP000306,BANK02,CP00152,term_loan,2019-12-28,2022-12-27,29.52,31.73,EUR,3.37,stage_1,False,business_loan,2.21,False,,,,,
EXP000307,BANK02,CP00152,revolving_credit,2024-03-29,2031-03-28,14.19,14.93,EUR,5.42,stage_1,False,business_loan,0.74,False,,,,,
EXP000308,BANK02,CP00153,term_loan,2019-09-22,2026-09-20,27.92,34.59,EUR,6.37,stage_1,False,business_loan,6.67,False,,,,,
EXP000309,BANK02,CP00154,mortgage,2024-03-03,2031-03-02,14.51,14.93,EUR,6.04,stage_1,False,commercial_re,0.42,False,,22.19,,,
EXP000310,BANK02,CP00154,revolving_credit,2023-09-01,2028-08-30,34.86,40.66,EUR,5.19,stage_1,False,business_loan,5.8,False,,,,,
EXP000311,BANK02,CP00154,term_loan,2021-09-21,2028-09-19,12.03,13.77,EUR,3.59,stage_1,False,business_loan,1.74,False,,,,,
EXP000312,BANK02,CP00155,mortgage,2018-02-06,2021-02-05,437.28,554.29,EUR,4.73,stage_2,False,mortgage,117.01,False,,632.52,,,
EXP000313,BANK02,CP00155,corporate_bond,2018-06-13,2025-06-11,293.34,338.09,EUR,6.48,stage_1,False,listed_equity,44.75,False,,,,,
EXP000314,BANK02,CP00156,term_loan,2023-10-19,2030-10-17,1269.41,1530.56,EUR,5.04,stage_1,False,business_loan,261.15,False,,,,,
EXP000315,BANK02,CP00157,revolving_credit,2018-12-04,2021-12-03,772.58,824.31,EUR,7.28,stage_1,False,business_loan,51.73,False,,,,,
EXP000316,BANK02,CP00158,corporate_bond,2020-05-23,2030-05-21,1.88,2.51,EUR,3.53,stage_1,False,business_loan,0.63,False,,,,,
EXP000317,BANK02,CP00159,revolving_credit,2018-10-23,2023-10-22,236.64,238.89,EUR,6.08,stage_1,False,business_loan,2.25,False,,,,,
EXP000318,BANK02,CP00159,term_loan,2020-10-28,2035-10-25,62.52,64.28,EUR,6.61,stage_2,False,business_loan,1.76,False,,,,,
EXP000319,BANK02,CP00159,revolving_credit,2022-07-15,2032-07-12,149.67,168.61,EUR,4.45,stage_1,False,business_loan,18.94,False,,,,,
EXP000320,BANK02,CP00160,term_loan,2024-07-26,2027-07-26,846.76,1084.15,EUR,2.86,stage_2,False,business_loan,237.39,False,,,,,
EXP000321,BANK03,CP00161,term_loan,2018-12-21,2025-12-19,78.75,102.86,EUR,4.69,stage_1,False,business_loan,24.11,False,,,,,
EXP000322,BANK03,CP00162,revolving_credit,2019-07-13,2029-07-10,43.61,57.51,EUR,6.75,stage_1,False,business_loan,13.9,False,,,,,
EXP000323,BANK03,CP00162,term_loan,2022-03-09,2025-03-08,54.5,66.57,EUR,5.28,stage_1,False,business_loan,12.07,False,,,,,
EXP000324,BANK03,CP00163,revolving_credit,2018-12-15,2025-12-13,5.98,6.48,EUR,6.21,stage_1,False,business_loan,0.5,False,,,,,
EXP000325,BANK03,CP00164,mortgage,2019-08-07,2024-08-05,276.39,296.73,EUR,5.58,stage_1,False,mortgage,20.34,False,,366.84,,,
EXP000326,BANK03,CP00165,project_finance,2018-08-11,2033-08-07,113.84,134.84,EUR,5.25,stage_1,False,project_finance,21.0,False,,,443.54,False,project_loan
EXP000327,BANK03,CP00166,corporate_bond,2023-06-19,2030-06-17,161.9,185.03,EUR,5.86,stage_1,False,listed_equity,23.13,False,,,,,
EXP000328,BANK03,CP00167,term_loan,2023-06-14,2033-06-11,0.96,1.09,EUR,5.8,stage_1,False,business_loan,0.13,False,,,,,
EXP000329,BANK03,CP00168,mortgage,2022-10-21,2027-10-20,6.89,6.9,EUR,3.73,stage_1,False,commercial_re,0.01,False,,14.18,,,
EXP000330,BANK03,CP00169,mortgage,2019-07-05,2026-07-03,326.83,441.6,EUR,4.81,stage_1,False,mortgage,114.77,False,,445.93,,,
EXP000331,BANK03,CP00169,project_finance,2019-12-21,2034-12-17,255.99,264.38,EUR,3.9,stage_1,False,project_finance,8.39,False,,,666.28,False,project_loan
EXP000332,BANK03,CP00169,term_loan,2018-11-10,2021-11-09,573.62,778.31,EUR,6.75,stage_1,False,business_loan,204.69,False,,,,,
EXP000333,BANK03,CP00170,corporate_bond,2020-05-21,2023-05-21,32.61,39.8,EUR,5.22,stage_3,False,business_loan,7.19,False,,,,,
EXP000334,BANK03,CP00170,mortgage,2022-02-07,2032-02-05,27.94,30.44,EUR,6.36,stage_1,False,commercial_re,2.5,False,,46.1,,,
EXP000335,BANK03,CP00170,revolving_credit,2023-09-22,2026-09-21,20.02,23.2,EUR,5.01,stage_1,False,business_loan,3.18,False,,,,,
EXP000336,BANK03,CP00171,project_finance,2019-11-11,2034-11-07,847.45,895.03,EUR,3.3,stage_1,False,project_finance,47.58,False,,,2511.03,False,project_loan
EXP000337,BANK03,CP00171,mortgage,2019-08-22,2029-08-19,637.83,877.44,EUR,2.7,stage_1,False,mortgage,239.61,False,,1170.83,,,
EXP000338,BANK03,CP00171,term_loan,2020-08-16,2023-08-16,346.93,439.71,EUR,5.09,stage_1,False,business_loan,92.78,False,,,,,
EXP000339,BANK03,CP00172,mortgage,2018-06-13,2025-06-11,210.87,219.58,EUR,7.34,stage_1,False,commercial_re,8.71,False,,353.91,,,
EXP000340,BANK03,CP00172,corporate_bond,2024-06-28,2039-06-25,85.58,105.1,EUR,4.38,stage_1,False,listed_equity,19.52,False,,,,,
EXP000341,BANK03,CP00173,term_loan,2020-10-27,2030-10-25,391.6,543.96,EUR,3.61,stage_1,False,business_loan,152.36,False,,,,,
EXP000342,BANK03,CP00173,revolving_credit,2023-05-29,2038-05-25,361.82,362.77,EUR,6.91,stage_1,False,business_loan,0.95,False,,,,,
EXP000343,BANK03,CP00174,term_loan,2019-09-08,2024-09-06,113.71,120.87,EUR,5.51,stage_1,False,business_loan,7.16,False,,,,,
EXP000344,BANK03,CP00175,revolving_credit,2019-04-10,2029-04-07,4.62,5.87,EUR,4.9,stage_1,False,business_loan,1.25,False,,,,,
EXP000345,BANK03,CP00175,revolving_credit,2020-09-25,2023-09-25,6.47,6.8,EUR,5.46,stage_1,False,business_loan,0.33,False,,,,,
EXP000346,BANK03,CP00176,term_loan,2019-11-13,2026-11-11,38.04,52.08,EUR,5.08,stage_1,False,business_loan,14.04,False,,,,,
EXP000347,BANK03,CP00176,corporate_bond,2021-03-07,2024-03-06,40.86,44.4,EUR,5.53,stage_1,False,business_loan,3.54,False,,,,,
EXP000348,BANK03,CP00177,revolving_credit,2019-08-08,2034-08-04,25.33,33.64,EUR,3.41,stage_1,False,business_loan,8.31,False,,,,,
EXP000349,BANK03,CP00177,corporate_bond,2021-11-04,2031-11-02,28.29,35.04,EUR,2.84,stage_1,False,business_loan,6.75,False,,,,,
EXP000350,BANK03,CP00178,revolving_credit,2023-08-28,2033-08-25,32.44,43.16,EUR,5.53,stage_1,False,business_loan,10.72,False,,,,,
EXP000351,BANK03,CP00179,mortgage,2023-12-17,2038-12-13,16.05,20.88,EUR,2.97,stage_1,False,commercial_re,4.83,False,,37.2,,,
EXP000352,BANK03,CP00179,project_finance,2018-01-05,2028-01-03,22.38,27.05,EUR,4.35,stage_1,False,project_finance,4.67,False,,,36.07,False,project_loan
EXP000353,BANK03,CP00179,term_loan,2023-05-29,2033-05-26,14.58,16.62,EUR,6.52,stage_2,False,business_loan,2.04,False,,,,,
EXP000354,BANK03,CP00180,revolving_credit,2020-11-08,2030-11-06,959.0,1252.78,EUR,7.05,stage_1,False,business_loan,293.78,False,,,,,
EXP000355,BANK03,CP00180,project_finance,2020-11-21,2025-11-20,987.62,989.78,EUR,6.22,stage_1,False,project_finance,2.16,False,,,1569.48,False,project_loan
EXP000356,BANK03,CP00180,revolving_credit,2022-03-17,2027-03-16,889.82,1134.62,EUR,4.08,stage_1,False,business_loan,244.8,False,,,,,
EXP000357,BANK03,CP00181,term_loan,2024-01-05,2034-01-02,1025.22,1256.78,EUR,5.56,stage_3,False,business_loan,231.56,False,,,,,
EXP000358,BANK03,CP00182,project_finance,2024-04-02,2034-03-31,138.79,148.71,EUR,5.3,stage_1,False,project_finance,9.92,False,,,475.26,False,project_loan
EXP000359,BANK03,CP00182,project_finance,2022-06-19,2027-06-18,432.88,580.92,EUR,5.8,stage_1,False,project_finance,148.04,False,,,899.95,False,project_loan
EXP000360,BANK03,CP00183,term_loan,2020-05-28,2035-05-25,240.65,279.21,EUR,4.19,stage_1,False,business_loan,38.56,False,,,,,
EXP000361,BANK03,CP00183,corporate_bond,2019-10-21,2029-10-18,240.02,332.63,EUR,2.53,stage_1,False,business_loan,92.61,False,,,,,
EXP000362,BANK03,CP00184,revolving_credit,2018-09-20,2025-09-18,142.74,155.4,EUR,2.9,stage_1,False,business_loan,12.66,False,,,,,
EXP000363,BANK03,CP00185,project_finance,2023-11-05,2030-11-03,927.08,1190.97,EUR,5.49,stage_2,False,project_finance,263.89,False,,,2307.18,False,project_loan
EXP000364,BANK03,CP00185,corporate_bond,2022-12-04,2025-12-03,794.83,858.96,EUR,5.78,stage_1,False,listed_equity,64.13,False,,,,,
EXP000365,BANK03,CP00186,project_finance,2023-10-14,2028-10-12,247.29,308.14,EUR,5.87,stage_1,False,project_finance,60.85,False,,,961.27,False,project_loan
EXP000366,BANK03,CP00187,term_loan,2021-02-04,2031-02-02,1168.07,1333.06,EUR,4.48,stage_1,False,business_loan,164.99,False,,,,,
EXP000367,BANK03,CP00187,corporate_bond,2018-10-09,2021-10-08,699.84,853.69,EUR,6.13,stage_1,False,listed_equity,153.85,False,,,,,
EXP000368,BANK03,CP00188,mortgage,2020-07-15,2035-07-12,598.25,828.71,EUR,4.77,stage_1,False,mortgage,230.46,False,,1004.54,,,
EXP000369,BANK03,CP00188,term_loan,2023-09-05,2026-09-04,199.34,243.88,EUR,5.02,stage_1,False,business_loan,44.54,False,,,,,
EXP000370,BANK03,CP00189,term_loan,2024-01-13,2039-01-09,15.91,17.5,EUR,4.71,stage_1,False,business_loan,1.59,False,,,,,
EXP000371,BANK03,CP00190,revolving_credit,2023-02-23,2033-02-20,0.68,0.92,EUR,6.81,stage_1,False,business_loan,0.24,False,,,,,
EXP000372,BANK03,CP00190,revolving_credit,2020-06-21,2025-06-20,0.7,0.92,EUR,4.56,stage_1,False,business_loan,0.22,False,,,,,
EXP000373,BANK03,CP00191,term_loan,2021-03-22,2024-03-21,7.99,9.26,EUR,6.24,stage_1,False,business_loan,1.27,False,,,,,
EXP000374,BANK03,CP00191,term_loan,2021-07-09,2028-07-07,6.64,7.22,EUR,5.37,stage_1,False,business_loan,0.58,False,,,,,
EXP000375,BANK03,CP00192,term_loan,2020-03-28,2025-03-27,8.29,10.73,EUR,6.86,stage_1,False,business_loan,2.44,False,,,,,
EXP000376,BANK03,CP00192,term_loan,2024-12-08,2031-12-07,2.79,2.96,EUR,3.03,stage_2,False,business_loan,0.17,False,,,,,
EXP000377,BANK03,CP00192,corporate_bond,2024-11-19,2027-11-19,6.37,8.32,EUR,5.21,stage_1,False,business_loan,1.95,False,,,,,
EXP000378,BANK03,CP00193,revolving_credit,2024-06-11,2031-06-10,80.07,95.79,EUR,7.42,stage_2,False,business_loan,15.72,False,,,,,
EXP000379,BANK03,CP00193,term_loan,2024-06-20,2029-06-19,45.45,46.43,EUR,6.5,stage_1,False,business_loan,0.98,False,,,,,
EXP000380,BANK03,CP00194,revolving_credit,2019-12-17,2029-12-14,16.88,23.47,EUR,5.99,stage_1,False,business_loan,6.59,False,,,,,
EXP000381,BANK03,CP00194,term_loan,2020-05-13,2030-05-11,21.59,26.61,EUR,4.13,stage_1,False,business_loan,5.02,False,,,,,
EXP000382,BANK03,CP00195,term_loan,2023-04-15,2038-04-11,2.1,2.39,EUR,3.42,stage_1,False,business_loan,0.29,False,,,,,
EXP000383,BANK03,CP00196,revolving_credit,2022-06-29,2029-06-27,973.9,1149.49,EUR,5.36,stage_3,False,business_loan,175.59,False,,,,,
EXP000384,BANK03,CP00196,mortgage,2021-01-10,2026-01-09,903.75,1104.51,EUR,6.78,stage_1,False,mortgage,200.76,False,,1327.05,,,
EXP000385,BANK03,CP00197,revolving_credit,2018-02-09,2023-02-08,23.9,27.93,EUR,3.17,stage_2,False,business_loan,4.03,False,,,,,
EXP000386,BANK03,CP00197,revolving_credit,2021-07-17,2031-07-15,21.05,23.58,EUR,5.31,stage_1,False,business_loan,2.53,False,,,,,
EXP000387,BANK03,CP00197,corporate_bond,2018-09-03,2023-09-02,14.92,19.78,EUR,4.88,stage_1,False,business_loan,4.86,False,,,,,
EXP000388,BANK03,CP00198,revolving_credit,2024-04-14,2039-04-11,5.2,7.14,EUR,3.79,stage_1,False,business_loan,1.94,False,,,,,
EXP000389,BANK03,CP00198,mortgage,2024-10-16,2029-10-15,2.99,3.68,EUR,5.75,stage_1,False,commercial_re,0.69,False,,4.8,,,
EXP000390,BANK03,CP00199,revolving_credit,2023-09-22,2033-09-19,249.98,327.45,EUR,4.73,stage_1,False,business_loan,77.47,False,,,,,
EXP000391,BANK03,CP00199,revolving_credit,2019-08-17,2024-08-15,432.26,543.02,EUR,7.14,stage_1,False,business_loan,110.76,False,,,,,
EXP000392,BANK03,CP00199,revolving_credit,2018-10-20,2021-10-19,431.51,459.47,EUR,3.64,stage_1,False,business_loan,27.96,False,,,,,
EXP000393,BANK03,CP00199,term_loan,2022-06-08,2029-06-06,253.72,343.81,EUR,6.4,stage_2,False,business_loan,90.09,False,,,,,
EXP000394,BANK03,CP00200,revolving_credit,2019-11-17,2024-11-15,1.57,2.11,EUR,3.13,stage_1,False,business_loan,0.54,False,,,,,
EXP000395,BANK03,CP00200,corporate_bond,2018-11-24,2023-11-23,0.95,1.01,EUR,3.02,stage_1,False,business_loan,0.06,False,,,,,
EXP000396,BANK03,CP00200,project_finance,2018-04-18,2028-04-15,2.38,2.88,EUR,7.48,stage_1,False,project_finance,0.5,False,,,5.56,False,project_loan
EXP000397,BANK03,CP00201,green_loan,2022-05-16,2029-05-14,0.71,0.78,EUR,6.19,stage_1,True,commercial_re,0.07,True,EU_Taxonomy,1.1,,,
EXP000398,BANK03,CP00201,revolving_credit,2019-11-30,2022-11-29,0.83,0.84,EUR,4.28,stage_2,False,business_loan,0.01,False,,,,,
EXP000399,BANK03,CP00202,mortgage,2021-01-20,2036-01-17,218.53,257.41,EUR,7.35,stage_1,False,commercial_re,38.88,False,,391.74,,,
EXP000400,BANK03,CP00202,project_finance,2024-04-29,2034-04-27,118.5,143.31,EUR,5.7,stage_1,False,project_finance,24.81,False,,,248.1,False,project_loan
EXP000401,BANK03,CP00202,project_finance,2019-01-02,2028-12-30,177.15,198.97,EUR,4.56,stage_1,False,project_finance,21.82,False,,,565.41,False,project_loan
EXP000402,BANK03,CP00203,corporate_bond,2019-07-13,2026-07-11,47.71,53.18,EUR,5.18,stage_1,False,business_loan,5.47,False,,,,,
EXP000403,BANK03,CP00204,term_loan,2022-10-30,2029-10-28,697.44,863.99,EUR,6.48,stage_1,False,business_loan,166.55,False,,,,,
EXP000404,BANK03,CP00204,mortgage,2022-11-26,2032-11-23,268.68,295.54,EUR,6.07,stage_1,False,commercial_re,26.86,False,,514.26,,,
EXP000405,BANK03,CP00205,term_loan,2020-09-08,2035-09-05,144.77,189.04,EUR,7.05,stage_1,False,business_loan,44.27,False,,,,,
EXP000406,BANK03,CP00205,term_loan,2023-12-19,2030-12-17,318.24,370.8,EUR,6.77,stage_1,False,business_loan,52.56,False,,,,,
EXP000407,BANK03,CP00205,corporate_bond,2024-12-05,2034-12-03,170.56,189.13,EUR,5.61,stage_1,False,business_loan,18.57,False,,,,,
EXP000408,BANK03,CP00206,revolving_credit,2020-02-01,2023-01-31,1.68,1.87,EUR,3.13,stage_1,False,business_loan,0.19,False,,,,,
EXP000409,BANK03,CP00207,term_loan,2020-06-08,2027-06-07,7.07,8.26,EUR,6.43,stage_1,False,business_loan,1.19,False,,,,,
EXP000410,BANK03,CP00208,term_loan,2018-11-25,2023-11-24,45.0,46.01,EUR,6.38,stage_1,False,business_loan,1.01,False,,,,,
EXP000411,BANK03,CP00208,term_loan,2020-10-21,2030-10-19,33.18,44.17,EUR,3.11,stage_1,False,business_loan,10.99,False,,,,,
EXP000412,BANK03,CP00209,revolving_credit,2018-05-18,2023-05-17,214.29,253.79,EUR,6.35,stage_1,False,business_loan,39.5,False,,,,,
EXP000413,BANK03,CP00210,corporate_bond,2021-07-02,2028-06-30,1.46,1.55,EUR,6.14,stage_1,False,business_loan,0.09,False,,,,,
EXP000414,BANK03,CP00210,term_loan,2023-05-26,2030-05-24,1.63,1.76,EUR,6.94,stage_2,False,business_loan,0.13,False,,,,,
EXP000415,BANK03,CP00210,term_loan,2022-11-14,2029-11-12,0.88,0.89,EUR,6.47,stage_1,False,business_loan,0.01,False,,,,,
EXP000416,BANK03,CP00210,term_loan,2018-06-22,2033-06-18,1.28,1.68,EUR,4.88,stage_1,False,business_loan,0.4,False,,,,,
EXP000417,BANK03,CP00211,term_loan,2019-01-10,2034-01-06,52.82,59.97,EUR,7.35,stage_1,False,business_loan,7.15,False,,,,,
EXP000418,BANK03,CP00211,revolving_credit,2019-09-23,2034-09-19,46.75,61.55,EUR,3.13,stage_1,False,business_loan,14.8,False,,,,,
EXP000419,BANK03,CP00212,corporate_bond,2022-12-02,2027-12-01,9.6,9.68,EUR,4.39,stage_1,False,business_loan,0.08,False,,,,,
EXP000420,BANK03,CP00212,term_loan,2022-11-28,2037-11-24,4.19,4.68,EUR,5.99,stage_1,False,business_loan,0.49,False,,,,,
EXP000421,BANK03,CP00212,revolving_credit,2023-04-03,2030-04-01,3.55,4.78,EUR,5.49,stage_2,False,business_loan,1.23,False,,,,,
EXP000422,BANK03,CP00212,revolving_credit,2023-01-15,2030-01-13,3.29,4.37,EUR,5.21,stage_1,False,business_loan,1.08,False,,,,,
EXP000423,BANK03,CP00213,corporate_bond,2018-03-18,2033-03-14,62.68,84.16,EUR,6.38,stage_1,False,business_loan,21.48,False,,,,,
EXP000424,BANK03,CP00213,corporate_bond,2024-01-17,2034-01-14,82.71,88.99,EUR,5.92,stage_1,False,business_loan,6.28,False,,,,,
EXP000425,BANK03,CP00213,term_loan,2022-08-06,2029-08-04,29.89,31.21,EUR,5.12,stage_1,False,business_loan,1.32,False,,,,,
EXP000426,BANK03,CP00214,mortgage,2020-04-07,2023-04-07,161.23,192.53,EUR,2.99,stage_1,False,commercial_re,31.3,False,,251.57,,,
EXP000427,BANK03,CP00214,corporate_bond,2023-11-24,2038-11-20,545.48,698.5,EUR,3.78,stage_1,False,business_loan,153.02,False,,,,,
EXP000428,BANK03,CP00214,term_loan,2020-05-04,2030-05-02,420.2,576.25,EUR,6.66,stage_1,False,business_loan,156.05,False,,,,,
EXP000429,BANK03,CP00215,corporate_bond,2022-08-31,2029-08-29,366.18,482.52,EUR,2.79,stage_1,False,business_loan,116.34,False,,,,,
EXP000430,BANK03,CP00215,corporate_bond,2021-05-29,2024-05-28,482.84,665.28,EUR,7.3,stage_1,False,business_loan,182.44,False,,,,,
EXP000431,BANK03,CP00216,term_loan,2023-11-26,2028-11-24,20.03,24.6,EUR,7.24,stage_1,False,business_loan,4.57,False,,,,,
EXP000432,BANK03,CP00216,corporate_bond,2024-06-19,2031-06-18,20.79,26.4,EUR,6.01,stage_1,False,business_loan,5.61,False,,,,,
EXP000433,BANK03,CP00217,project_finance,2023-08-30,2030-08-28,38.18,48.22,EUR,5.17,stage_1,False,project_finance,10.04,False,,,102.86,False,project_loan
EXP000434,BANK03,CP00218,project_finance,2021-08-22,2028-08-20,264.58,308.22,EUR,5.67,stage_1,False,project_finance,43.64,False,,,486.04,False,project_loan
EXP000435,BANK03,CP00218,term_loan,2024-02-13,2029-02-11,121.29,139.49,EUR,5.25,stage_1,False,business_loan,18.2,False,,,,,
EXP000436,BANK03,CP00218,revolving_credit,2022-06-15,2025-06-14,130.34,168.21,EUR,7.41,stage_1,False,business_loan,37.87,False,,,,,
EXP000437,BANK03,CP00218,green_loan,2021-05-21,2024-05-20,169.34,189.68,EUR,3.61,stage_2,True,business_loan,20.34,True,LMA_GLP,,,,
EXP000438,BANK03,CP00219,corporate_bond,2021-02-04,2036-02-01,152.12,183.23,EUR,5.35,stage_1,False,business_loan,31.11,False,,,,,
EXP000439,BANK03,CP00220,term_loan,2020-12-21,2027-12-20,1.35,1.83,EUR,3.75,stage_1,False,business_loan,0.48,False,,,,,
EXP000440,BANK04,CP00221,green_loan,2018-11-13,2025-11-11,4.82,6.35,EUR,3.36,stage_1,True,business_loan,1.53,True,LMA_GLP,,,,
EXP000441,BANK04,CP00222,mortgage,2021-05-15,2024-05-14,52.11,67.34,EUR,5.38,stage_1,False,mortgage,15.23,False,,78.61,,,
EXP000442,BANK04,CP00222,green_loan,2022-11-14,2032-11-11,15.61,21.42,EUR,3.1,stage_1,True,commercial_re,5.81,True,EU_Taxonomy,26.91,,,
EXP000443,BANK04,CP00223,green_loan,2022-04-16,2025-04-15,1281.5,1437.73,EUR,2.71,stage_1,True,business_loan,156.23,True,LMA_GLP,,,,
EXP000444,BANK04,CP00223,green_loan,2018-07-26,2028-07-23,398.83,553.74,EUR,6.26,stage_1,True,business_loan,154.91,True,EU_Taxonomy,,,,
EXP000445,BANK04,CP00223,revolving_credit,2019-08-30,2024-08-28,323.8,367.34,EUR,4.88,stage_1,False,business_loan,43.54,False,,,,,
EXP000446,BANK04,CP00224,green_loan,2019-06-19,2024-06-17,60.71,72.39,EUR,3.49,stage_1,True,business_loan,11.68,True,ICMA_GBP,,,,
EXP000447,BANK04,CP00224,project_finance,2023-11-18,2028-11-16,104.39,114.51,EUR,3.83,stage_1,False,project_finance,10.12,False,,,225.73,False,project_loan
EXP000448,BANK04,CP00225,green_loan,2022-02-05,2029-02-03,11.68,12.57,EUR,4.22,stage_1,True,business_loan,0.89,True,EU_Taxonomy,,,,
EXP000449,BANK04,CP00225,green_loan,2022-12-17,2037-12-13,14.72,15.58,EUR,2.72,stage_1,True,mortgage,0.86,True,EU_Taxonomy,26.36,,,
EXP000450,BANK04,CP00226,corporate_bond,2019-04-06,2022-04-05,1.31,1.44,EUR,5.61,stage_1,False,business_loan,0.13,False,,,,,
EXP000451,BANK04,CP00227,revolving_credit,2021-06-03,2031-06-01,9.19,10.92,EUR,4.16,stage_1,False,business_loan,1.73,False,,,,,
EXP000452,BANK04,CP00227,project_finance,2024-02-26,2034-02-23,7.65,9.56,EUR,7.46,stage_1,False,project_finance,1.91,False,,,17.65,True,project_equity
EXP000453,BANK04,CP00227,revolving_credit,2023-11-28,2026-11-27,16.88,18.6,EUR,2.8,stage_1,False,business_loan,1.72,False,,,,,
EXP000454,BANK04,CP00228,revolving_credit,2018-09-30,2028-09-27,140.95,178.18,EUR,5.81,stage_2,False,business_loan,37.23,False,,,,,
EXP000455,BANK04,CP00228,green_loan,2022-05-03,2027-05-02,169.57,236.03,EUR,5.04,stage_1,True,mortgage,66.46,True,EU_Taxonomy,311.53,,,
EXP000456,BANK04,CP00229,green_loan,2020-03-25,2035-03-22,1.39,1.93,EUR,5.3,stage_1,True,business_loan,0.54,True,LMA_GLP,,,,
EXP000457,BANK04,CP00229,green_loan,2023-06-30,2033-06-27,0.44,0.57,EUR,2.59,stage_1,True,business_loan,0.13,True,EU_Taxonomy,,,,
EXP000458,BANK04,CP00229,term_loan,2023-08-16,2030-08-14,1.11,1.47,EUR,5.63,stage_2,False,business_loan,0.36,False,,,,,
EXP000459,BANK04,CP00230,term_loan,2021-02-21,2026-02-20,31.27,33.17,EUR,6.99,stage_1,False,business_loan,1.9,False,,,,,
EXP000460,BANK04,CP00230,revolving_credit,2024-11-13,2029-11-12,8.11,9.46,EUR,5.36,stage_1,False,business_loan,1.35,False,,,,,
EXP000461,BANK04,CP00230,green_loan,2019-06-24,2024-06-22,15.26,19.24,EUR,5.41,stage_1,True,business_loan,3.98,True,LMA_GLP,,,,
EXP000462,BANK04,CP00231,corporate_bond,2019-07-08,2029-07-05,0.99,1.38,EUR,7.38,stage_1,False,business_loan,0.39,False,,,,,
EXP000463,BANK04,CP00232,revolving_credit,2019-04-30,2024-04-28,2.24,2.52,EUR,6.9,stage_1,False,business_loan,0.28,False,,,,,
EXP000464,BANK04,CP00232,green_loan,2022-08-12,2029-08-10,1.93,2.27,EUR,7.17,stage_2,True,business_loan,0.34,True,EU_Taxonomy,,,,
EXP000465,BANK04,CP00232,term_loan,2019-03-14,2024-03-12,2.28,2.45,EUR,6.31,stage_1,False,business_loan,0.17,False,,,,,
EXP000466,BANK04,CP00232,green_loan,2020-08-09,2025-08-08,0.9,1.15,EUR,4.3,stage_1,True,mortgage,0.25,True,LMA_GLP,1.27,,,
EXP000467,BANK04,CP00233,project_finance,2022-03-12,2027-03-11,689.48,924.49,EUR,4.96,stage_1,False,project_finance,235.01,False,,,1131.47,True,project_equity
EXP000468,BANK04,CP00233,term_loan,2018-03-03,2025-03-01,370.95,511.94,EUR,3.61,stage_1,False,business_loan,140.99,False,,,,,
EXP000469,BANK04,CP00234,term_loan,2022-12-05,2037-12-01,97.24,116.3,EUR,4.12,stage_1,False,business_loan,19.06,False,,,,,
EXP000470,BANK04,CP00235,term_loan,2022-04-08,2029-04-06,86.76,100.44,EUR,7.2,stage_1,False,business_loan,13.68,False,,,,,
EXP000471,BANK04,CP00236,green_loan,2019-03-24,2029-03-21,704.78,833.59,EUR,6.89,stage_2,True,business_loan,128.81,True,EU_Taxonomy,,,,
EXP000472,BANK04,CP00236,revolving_credit,2018-06-10,2033-06-06,359.68,415.42,EUR,6.33,stage_2,False,business_loan,55.74,False,,,,,
EXP000473,BANK04,CP00237,mortgage,2021-03-17,2031-03-15,6.73,7.18,EUR,3.97,stage_2,False,commercial_re,0.45,False,,13.91,,,
EXP000474,BANK04,CP00238,revolving_credit,2019-01-06,2034-01-02,38.63,40.38,EUR,6.39,stage_2,False,business_loan,1.75,False,,,,,
EXP000475,BANK04,CP00238,green_loan,2023-01-21,2026-01-20,31.14,33.37,EUR,5.45,stage_1,True,business_loan,2.23,True,EU_Taxonomy,,,,
EXP000476,BANK04,CP00239,term_loan,2019-11-03,2022-11-02,5.01,5.19,EUR,6.03,stage_1,False,business_loan,0.18,False,,,,,
EXP000477,BANK04,CP00240,corporate_bond,2024-11-12,2029-11-11,227.0,261.38,EUR,4.4,stage_1,False,business_loan,34.38,False,,,,,
EXP000478,BANK04,CP00241,green_loan,2019-08-16,2024-08-14,37.3,48.78,EUR,2.76,stage_1,True,business_loan,11.48,True,EU_Taxonomy,,,,
EXP000479,BANK04,CP00241,green_loan,2020-01-11,2023-01-10,45.68,62.1,EUR,7.3,stage_1,True,mortgage,16.42,True,EU_Taxonomy,85.27,,,
EXP000480,BANK04,CP00241,green_loan,2023-08-05,2038-08-01,47.48,62.82,EUR,5.54,stage_1,True,commercial_re,15.34,True,EU_Taxonomy,73.81,,,
EXP000481,BANK04,CP00241,green_loan,2022-12-15,2025-12-14,19.54,24.24,EUR,2.53,stage_2,True,commercial_re,4.7,True,EU_Taxonomy,28.92,,,
EXP000482,BANK04,CP00242,green_loan,2020-01-28,2025-01-26,103.26,105.53,EUR,4.25,stage_1,True,mortgage,2.27,True,LMA_GLP,164.39,,,
EXP000483,BANK04,CP00243,green_loan,2018-12-26,2021-12-25,213.69,223.0,EUR,7.47,stage_1,True,business_loan,9.31,True,EU_Taxonomy,,,,
EXP000484,BANK04,CP00244,corporate_bond,2024-04-21,2029-04-20,61.13,84.76,EUR,6.25,stage_1,False,business_loan,23.63,False,,,,,
EXP000485,BANK04,CP00245,revolving_credit,2018-10-05,2028-10-02,105.1,140.55,EUR,2.82,stage_1,False,business_loan,35.45,False,,,,,
EXP000486,BANK04,CP00246,green_loan,2020-05-09,2025-05-08,120.91,150.51,EUR,3.05,stage_1,True,mortgage,29.6,True,LMA_GLP,175.81,,,
EXP000487,BANK04,CP00247,revolving_credit,2021-03-22,2031-03-20,39.36,48.95,EUR,4.08,stage_1,False,business_loan,9.59,False,,,,,
EXP000488,BANK04,CP00247,green_loan,2024-04-23,2034-04-21,39.63,47.87,EUR,5.66,stage_1,True,mortgage,8.24,True,LMA_GLP,55.67,,,
EXP000489,BANK04,CP00248,corporate_bond,2018-01-07,2021-01-06,997.99,1007.57,EUR,5.63,stage_1,False,business_loan,9.58,False,,,,,
EXP000490,BANK04,CP00249,green_loan,2021-09-29,2028-09-27,344.86,422.17,EUR,5.69,stage_1,True,business_loan,77.31,True,LMA_GLP,,,,
EXP000491,BANK04,CP00249,term_loan,2021-06-14,2028-06-12,131.29,157.9,EUR,4.12,stage_1,False,business_loan,26.61,False,,,,,
EXP000492,BANK04,CP00249,revolving_credit,2024-11-28,2027-11-28,304.27,405.54,EUR,3.47,stage_1,False,business_loan,101.27,False,,,,,
EXP000493,BANK04,CP00250,green_loan,2019-07-11,2029-07-08,63.43,67.37,EUR,4.8,stage_2,True,business_loan,3.94,True,EU_Taxonomy,,,,
EXP000494,BANK04,CP00250,revolving_credit,2018-08-18,2033-08-14,104.37,116.87,EUR,6.12,stage_1,False,business_loan,12.5,False,,,,,
EXP000495,BANK04,CP00250,term_loan,2021-12-19,2024-12-18,69.0,95.76,EUR,3.9,stage_1,False,business_loan,26.76,False,,,,,
EXP000496,BANK04,CP00250,corporate_bond,2024-05-27,2039-05-24,112.98,130.59,EUR,5.48,stage_2,False,business_loan,17.61,False,,,,,
EXP000497,BANK04,CP00251,green_loan,2022-08-23,2025-08-22,14.05,16.84,EUR,3.69,stage_1,True,business_loan,2.79,True,ICMA_GBP,,,,
EXP000498,BANK04,CP00251,green_loan,2019-04-05,2026-04-03,18.0,23.65,EUR,6.39,stage_2,True,commercial_re,5.65,True,ICMA_GBP,29.01,,,
EXP000499,BANK04,CP00251,green_loan,2023-08-11,2028-08-09,9.83,10.58,EUR,7.12,stage_1,True,business_loan,0.75,True,ICMA_GBP,,,,
EXP000500,BANK04,CP00252,term_loan,2023-10-16,2028-10-14,188.0,203.43,EUR,2.68,stage_1,False,business_loan,15.43,False,,,,,
EXP000501,BANK04,CP00252,green_loan,2018-06-30,2033-06-26,205.81,277.59,EUR,4.17,stage_2,True,mortgage,71.78,True,ICMA_GBP,305.02,,,
EXP000502,BANK04,CP00253,green_loan,2021-07-02,2026-07-01,9.91,11.18,EUR,3.46,stage_1,True,mortgage,1.27,True,EU_Taxonomy,14.25,,,
EXP000503,BANK04,CP00254,green_loan,2021-01-25,2024-01-25,71.37,71.81,EUR,5.61,stage_1,True,commercial_re,0.44,True,LMA_GLP,125.8,,,
EXP000504,BANK04,CP00255,green_loan,2021-03-06,2036-03-02,115.3,126.59,EUR,2.86,stage_1,True,business_loan,11.29,True,ICMA_GBP,,,,
EXP000505,BANK05,CP00256,term_loan,2023-04-13,2026-04-12,89.84,93.65,EUR,2.77,stage_1,False,business_loan,3.81,False,,,,,
EXP000506,BANK05,CP00257,project_finance,2023-01-01,2037-12-28,69.93,79.88,EUR,4.16,stage_1,False,project_finance,9.95,False,,,132.19,False,project_loan
EXP000507,BANK05,CP00258,term_loan,2023-03-23,2038-03-19,3.54,3.73,EUR,6.56,stage_2,False,business_loan,0.19,False,,,,,
EXP000508,BANK05,CP00258,revolving_credit,2023-03-22,2033-03-19,2.3,2.51,EUR,3.62,stage_2,False,business_loan,0.21,False,,,,,
EXP000509,BANK05,CP00258,mortgage,2022-05-25,2027-05-24,2.84,3.63,EUR,5.83,stage_1,False,commercial_re,0.79,False,,4.69,,,
EXP000510,BANK05,CP00259,term_loan,2023-05-01,2026-04-30,1.79,2.04,EUR,4.81,stage_1,False,business_loan,0.25,False,,,,,
EXP000511,BANK05,CP00259,project_finance,2019-06-06,2034-06-02,2.69,2.8,EUR,6.59,stage_1,False,project_finance,0.11,False,,,8.64,True,project_equity
EXP000512,BANK05,CP00259,corporate_bond,2021-05-22,2036-05-18,1.42,1.68,EUR,5.45,stage_1,False,business_loan,0.26,False,,,,,
EXP000513,BANK05,CP00260,revolving_credit,2018-09-28,2025-09-26,1.7,1.84,EUR,5.97,stage_1,False,business_loan,0.14,False,,,,,
EXP000514,BANK05,CP00261,revolving_credit,2020-08-25,2025-08-24,2.86,3.62,EUR,2.89,stage_2,False,business_loan,0.76,False,,,,,
EXP000515,BANK05,CP00261,revolving_credit,2024-08-22,2039-08-19,2.89,3.43,EUR,5.28,stage_1,False,business_loan,0.54,False,,,,,
EXP000516,BANK05,CP00261,green_loan,2018-10-13,2033-10-09,1.34,1.4,EUR,6.57,stage_1,True,mortgage,0.06,True,EU_Taxonomy,2.0,,,
EXP000517,BANK05,CP00261,revolving_credit,2018-09-09,2021-09-08,2.13,2.32,EUR,3.19,stage_1,False,business_loan,0.19,False,,,,,
EXP000518,BANK05,CP00262,corporate_bond,2019-09-04,2029-09-01,61.11,74.1,EUR,4.45,stage_1,False,business_loan,12.99,False,,,,,
EXP000519,BANK05,CP00262,corporate_bond,2021-07-20,2028-07-18,22.67,27.84,EUR,7.07,stage_1,False,business_loan,5.17,False,,,,,
EXP000520,BANK05,CP00262,revolving_credit,2021-11-11,2024-11-10,69.46,85.65,EUR,5.56,stage_1,False,business_loan,16.19,False,,,,,
EXP000521,BANK05,CP00263,term_loan,2024-02-27,2027-02-26,3.79,3.79,EUR,5.3,stage_3,False,business_loan,0.0,False,,,,,
EXP000522,BANK05,CP00263,term_loan,2018-05-08,2023-05-07,1.03,1.21,EUR,5.45,stage_1,False,business_loan,0.18,False,,,,,
EXP000523,BANK05,CP00263,revolving_credit,2022-11-18,2037-11-14,3.27,3.55,EUR,3.37,stage_1,False,business_loan,0.28,False,,,,,
EXP000524,BANK05,CP00264,revolving_credit,2022-09-05,2027-09-04,113.68,126.8,EUR,6.86,stage_1,False,business_loan,13.12,False,,,,,
EXP000525,BANK05,CP00264,corporate_bond,2019-08-13,2029-08-10,20.07,25.35,EUR,7.37,stage_1,False,business_loan,5.28,False,,,,,
EXP000526,BANK05,CP00265,mortgage,2024-10-11,2034-10-09,7.56,9.44,EUR,4.77,stage_1,False,commercial_re,1.88,False,,11.03,,,
EXP000527,BANK05,CP00266,term_loan,2022-10-06,2037-10-02,4.17,4.18,EUR,4.99,stage_1,False,business_loan,0.01,False,,,,,
EXP000528,BANK05,CP00266,term_loan,2024-02-16,2039-02-12,6.64,7.61,EUR,7.39,stage_1,False,business_loan,0.97,False,,,,,
EXP000529,BANK05,CP00266,term_loan,2023-05-27,2026-05-26,6.59,6.96,EUR,6.16,stage_3,False,business_loan,0.37,False,,,,,
EXP000530,BANK05,CP00267,revolving_credit,2018-11-17,2033-11-13,5.42,7.35,EUR,2.94,stage_1,False,business_loan,1.93,False,,,,,
EXP000531,BANK05,CP00267,green_loan,2018-11-16,2033-11-12,5.2,6.86,EUR,4.06,stage_1,True,business_loan,1.66,True,ICMA_GBP,,,,
EXP000532,BANK05,CP00267,mortgage,2023-04-05,2033-04-02,2.92,3.52,EUR,4.85,stage_1,False,commercial_re,0.6,False,,5.61,,,
EXP000533,BANK05,CP00267,green_loan,2021-04-21,2028-04-19,3.37,3.6,EUR,5.98,stage_1,True,commercial_re,0.23,True,LMA_GLP,5.83,,,
EXP000534,BANK05,CP00268,term_loan,2023-04-23,2038-04-19,10.02,10.7,EUR,2.76,stage_3,False,business_loan,0.68,False,,,,,
EXP000535,BANK05,CP00269,term_loan,2018-12-04,2023-12-03,4.72,5.67,EUR,6.76,stage_1,False,business_loan,0.95,False,,,,,
EXP000536,BANK05,CP00269,term_loan,2020-11-18,2023-11-18,1.79,2.32,EUR,5.52,stage_2,False,business_loan,0.53,False,,,,,
EXP000537,BANK05,CP00269,corporate_bond,2022-02-23,2027-02-22,5.41,5.98,EUR,6.0,stage_1,False,business_loan,0.57,False,,,,,
EXP000538,BANK05,CP00270,revolving_credit,2018-12-12,2023-12-11,648.25,802.67,EUR,6.61,stage_1,False,business_loan,154.42,False,,,,,
EXP000539,BANK05,CP00270,revolving_credit,2022-04-19,2027-04-18,579.41,732.53,EUR,6.13,stage_1,False,business_loan,153.12,False,,,,,
EXP000540,BANK05,CP00270,mortgage,2018-08-11,2025-08-09,469.12,610.89,EUR,3.08,stage_1,False,commercial_re,141.77,False,,693.91,,,
EXP000541,BANK05,CP00271,corporate_bond,2023-12-22,2028-12-20,1.25,1.44,EUR,6.03,stage_1,False,business_loan,0.19,False,,,,,
EXP000542,BANK05,CP00271,mortgage,2018-02-18,2025-02-16,0.83,1.14,EUR,4.74,stage_1,False,commercial_re,0.31,False,,1.46,,,
EXP000543,BANK05,CP00272,term_loan,2023-12-17,2030-12-15,26.23,36.26,EUR,4.66,stage_2,False,business_loan,10.03,False,,,,,
EXP000544,BANK05,CP00272,revolving_credit,2020-12-29,2023-12-29,31.64,34.87,EUR,5.42,stage_1,False,business_loan,3.23,False,,,,,
EXP000545,BANK05,CP00272,term_loan,2024-08-08,2029-08-07,25.99,31.4,EUR,5.89,stage_3,False,business_loan,5.41,False,,,,,
EXP000546,BANK05,CP00272,term_loan,2018-02-04,2021-02-03,14.82,14.89,EUR,2.99,stage_1,False,business_loan,0.07,False,,,,,
EXP000547,BANK05,CP00273,term_loan,2020-03-01,2023-03-01,359.1,362.5,EUR,2.96,stage_2,False,business_loan,3.4,False,,,,,
EXP000548,BANK05,CP00273,mortgage,2024-09-21,2027-09-21,765.74,982.62,EUR,3.1,stage_2,False,mortgage,216.88,False,,1222.19,,,
EXP000549,BANK05,CP00274,mortgage,2024-05-07,2029-05-06,16.49,22.4,EUR,5.98,stage_1,False,mortgage,5.91,False,,30.36,,,
EXP000550,BANK05,CP00275,corporate_bond,2021-02-06,2031-02-04,392.46,501.13,EUR,5.84,stage_1,False,listed_equity,108.67,False,,,,,
EXP000551,BANK05,CP00275,mortgage,2021-02-09,2024-02-09,150.89,173.99,EUR,4.16,stage_1,False,commercial_re,23.1,False,,254.59,,,
EXP000552,BANK05,CP00276,revolving_credit,2023-07-08,2028-07-06,122.59,152.52,EUR,3.39,stage_1,False,business_loan,29.93,False,,,,,
EXP000553,BANK05,CP00276,corporate_bond,2020-06-13,2035-06-10,88.26,110.97,EUR,7.06,stage_1,False,business_loan,22.71,False,,,,,
EXP000554,BANK05,CP00276,term_loan,2024-05-29,2031-05-28,76.73,100.58,EUR,2.59,stage_1,False,business_loan,23.85,False,,,,,
EXP000555,BANK05,CP00276,term_loan,2018-06-04,2028-06-01,232.93,257.75,EUR,6.0,stage_2,False,business_loan,24.82,False,,,,,
EXP000556,BANK05,CP00277,green_loan,2023-07-03,2033-06-30,2.89,3.39,EUR,6.72,stage_1,True,business_loan,0.5,True,LMA_GLP,,,,
EXP000557,BANK05,CP00277,project_finance,2018-01-14,2028-01-12,4.03,5.57,EUR,6.59,stage_1,False,project_finance,1.54,False,,,6.65,False,project_loan
EXP000558,BANK05,CP00278,revolving_credit,2021-05-25,2031-05-23,12.13,12.4,EUR,7.49,stage_1,False,business_loan,0.27,False,,,,,
EXP000559,BANK05,CP00278,mortgage,2021-10-24,2024-10-23,5.86,7.83,EUR,6.3,stage_1,False,commercial_re,1.97,False,,10.66,,,
EXP000560,BANK05,CP00279,green_loan,2020-02-22,2027-02-20,80.09,102.38,EUR,6.98,stage_1,True,business_loan,22.29,True,ICMA_GBP,,,,
EXP000561,BANK05,CP00280,corporate_bond,2020-02-16,2025-02-14,13.3,13.49,EUR,2.63,stage_3,False,business_loan,0.19,False,,,,,
EXP000562,BANK05,CP00281,mortgage,2021-06-14,2031-06-12,9.55,11.59,EUR,6.67,stage_1,False,commercial_re,2.04,False,,14.26,,,
EXP000563,BANK05,CP00282,term_loan,2018-06-25,2028-06-22,257.1,269.25,EUR,6.54,stage_1,False,business_loan,12.15,False,,,,,
EXP000564,BANK05,CP00282,corporate_bond,2024-01-07,2029-01-05,788.84,1022.67,EUR,3.66,stage_1,False,business_loan,233.83,False,,,,,
EXP000565,BANK05,CP00282,revolving_credit,2018-03-20,2028-03-17,1138.55,1551.7,EUR,5.59,stage_1,False,business_loan,413.15,False,,,,,
EXP000566,BANK05,CP00282,term_loan,2018-07-24,2025-07-22,1029.16,1367.03,EUR,2.99,stage_1,False,business_loan,337.87,False,,,,,
EXP000567,BANK05,CP00283,mortgage,2019-04-13,2029-04-10,0.4,0.5,EUR,5.58,stage_1,False,mortgage,0.1,False,,0.8,,,
EXP000568,BANK05,CP00283,revolving_credit,2022-07-05,2029-07-03,0.64,0.67,EUR,5.92,stage_1,False,business_loan,0.03,False,,,,,
EXP000569,BANK05,CP00283,green_loan,2020-05-23,2023-05-23,0.85,1.05,EUR,4.18,stage_1,True,commercial_re,0.2,True,EU_Taxonomy,1.45,,,
EXP000570,BANK05,CP00284,corporate_bond,2024-03-16,2029-03-15,5.04,5.92,EUR,7.13,stage_1,False,business_loan,0.88,False,,,,,
EXP000571,BANK05,CP00285,project_finance,2019-10-09,2022-10-08,142.74,192.96,EUR,2.9,stage_1,False,project_finance,50.22,False,,,303.66,False,project_loan
EXP000572,BANK05,CP00286,project_finance,2021-03-08,2031-03-06,57.07,72.9,EUR,6.46,stage_1,False,project_finance,15.83,False,,,117.01,False,project_loan
EXP000573,BANK05,CP00286,term_loan,2021-01-14,2036-01-11,19.18,22.64,EUR,3.7,stage_1,False,business_loan,3.46,False,,,,,
EXP000574,BANK05,CP00286,project_finance,2023-08-10,2038-08-06,56.08,77.4,EUR,5.64,stage_1,False,project_finance,21.32,False,,,157.05,True,project_equity
EXP000575,BANK05,CP00286,term_loan,2020-08-23,2025-08-22,33.62,35.2,EUR,5.15,stage_1,False,business_loan,1.58,False,,,,,
EXP000576,BANK05,CP00287,project_finance,2020-06-17,2030-06-15,38.02,49.74,EUR,5.8,stage_1,False,project_finance,11.72,False,,,97.55,False,project_loan
EXP000577,BANK05,CP00288,corporate_bond,2023-04-28,2033-04-25,34.19,36.6,EUR,5.85,stage_1,False,business_loan,2.41,False,,,,,
EXP000578,BANK05,CP00289,revolving_credit,2021-10-01,2036-09-27,6.0,7.93,EUR,6.29,stage_1,False,business_loan,1.93,False,,,,,
EXP000579,BANK05,CP00289,green_loan,2019-12-22,2024-12-20,12.06,15.85,EUR,4.93,stage_1,True,business_loan,3.79,True,LMA_GLP,,,,
EXP000580,BANK05,CP00290,project_finance,2021-08-28,2031-08-26,7.67,8.28,EUR,5.88,stage_1,False,project_finance,0.61,False,,,22.56,False,project_loan
EXP000581,BANK05,CP00290,revolving_credit,2019-02-06,2024-02-05,8.17,10.58,EUR,6.85,stage_1,False,business_loan,2.41,False,,,,,
EXP000582,BANK05,CP00290,revolving_credit,2023-06-08,2026-06-07,3.35,4.54,EUR,3.22,stage_2,False,business_loan,1.19,False,,,,,
EXP000583,BANK05,CP00291,term_loan,2020-03-06,2027-03-05,1.16,1.61,EUR,3.51,stage_1,False,business_loan,0.45,False,,,,,
EXP000584,BANK05,CP00291,term_loan,2019-07-14,2022-07-13,1.8,2.41,EUR,4.79,stage_1,False,business_loan,0.61,False,,,,,
EXP000585,BANK05,CP00292,project_finance,2024-11-09,2029-11-08,737.96,908.61,EUR,5.26,stage_1,False,project_finance,170.65,False,,,1979.69,False,project_loan
EXP000586,BANK05,CP00293,mortgage,2020-06-05,2035-06-02,123.36,146.72,EUR,4.81,stage_1,False,mortgage,23.36,False,,236.45,,,
EXP000587,BANK05,CP00293,mortgage,2020-10-12,2027-10-11,106.58,125.09,EUR,3.61,stage_2,False,commercial_re,18.51,False,,209.39,,,
EXP000588,BANK05,CP00294,mortgage,2022-09-08,2025-09-07,2.79,2.83,EUR,4.85,stage_1,False,mortgage,0.04,False,,4.56,,,
EXP000589,BANK05,CP00294,revolving_credit,2023-05-18,2026-05-17,0.52,0.61,EUR,3.7,stage_1,False,business_loan,0.09,False,,,,,
EXP000590,BANK05,CP00294,corporate_bond,2020-06-11,2025-06-10,0.46,0.53,EUR,3.7,stage_3,False,business_loan,0.07,False,,,,,
EXP000591,BANK05,CP00294,corporate_bond,2019-10-25,2029-10-22,0.47,0.63,EUR,6.24,stage_1,False,business_loan,0.16,False,,,,,
EXP000592,BANK05,CP00295,mortgage,2022-07-19,2027-07-18,2.87,3.78,EUR,4.35,stage_1,False,mortgage,0.91,False,,3.85,,,
EXP000593,BANK05,CP00295,mortgage,2018-10-17,2028-10-14,2.45,3.33,EUR,4.16,stage_1,False,mortgage,0.88,False,,3.61,,,
EXP000594,BANK05,CP00296,green_loan,2024-01-31,2039-01-27,12.45,16.41,EUR,6.44,stage_1,True,business_loan,3.96,True,LMA_GLP,,,,
EXP000595,BANK05,CP00296,corporate_bond,2018-08-13,2033-08-09,29.89,41.19,EUR,5.87,stage_2,False,business_loan,11.3,False,,,,,
EXP000596,BANK05,CP00297,corporate_bond,2022-02-06,2029-02-04,434.58,465.05,EUR,5.29,stage_1,False,listed_equity,30.47,False,,,,,
EXP000597,BANK05,CP00298,green_loan,2020-09-04,2035-09-01,0.94,0.98,EUR,4.89,stage_2,True,commercial_re,0.04,True,LMA_GLP,1.74,,,
EXP000598,BANK05,CP00298,green_loan,2020-05-09,2025-05-08,1.88,2.12,EUR,6.99,stage_1,True,mortgage,0.24,True,ICMA_GBP,3.24,,,
EXP000599,BANK05,CP00299,revolving_credit,2023-01-28,2033-01-25,1.0,1.2,EUR,6.65,stage_1,False,business_loan,0.2,False,,,,,
EXP000600,BANK05,CP00299,mortgage,2021-04-12,2031-04-10,3.16,3.94,EUR,6.5,stage_2,False,commercial_re,0.78,False,,5.19,,,
EXP000601,BANK05,CP00300,term_loan,2023-02-19,2026-02-18,2.13,2.2,EUR,6.99,stage_1,False,business_loan,0.07,False,,,,,
EXP000602,BANK05,CP00300,term_loan,2021-02-04,2024-02-04,2.16,2.76,EUR,4.98,stage_2,False,business_loan,0.6,False,,,,,
EXP000603,BANK05,CP00300,corporate_bond,2021-04-15,2031-04-13,1.32,1.83,EUR,5.21,stage_1,False,business_loan,0.51,False,,,,,
